;order;product;seller;customer;city;state;category;price;shipping;payment;purchased;delivered;estimated_delivery;rating
0;18;7;1;18;belo horizonte;mg;health;692.0;11.36;other;2017-03-07 19:19:19;2017-03-21 10:41:53;1900-01-01;4.0
1;134;9;13;134;unknown;sp;technology;97.07;13.25;credit card;2018-02-12 14:14:43;2018-02-16 10:22:35;1900-01-01;4.5
2;157;12;10;157;sao paulo;sp;health;95.03;39.84;credit card;2018-04-08 14:03:56;2018-04-10 20:34:41;1900-01-01;2.5
3;190;2;9;190;unknown;mg;sports;215.5;20.26;credit card;1900-01-01 00:00:00;2018-04-23 21:29:29;2018-05-02;2.0
4;204;2;18;204;porto alegre;rs;toys;41.58;38.7;other;2017-10-24 10:00:40;2017-11-11 11:28:57;1900-01-01;4.5
5;243;2;19;243;unknown;sp;toys;142.14;65.56;credit card;2018-08-10 19:29:13;2018-08-21 13:33:06;1900-01-01;2.5
6;292;6;15;292;unknown;sp;fashion;89.21;50.28;credit card;2018-06-07 13:58:13;2018-06-13 20:08:45;1900-01-01;1.0
7;302;6;12;302;unknown;rs;health;40.8;48.1;credit card;2017-07-11 22:27:14;2017-07-31 17:26:45;1900-01-01;1.0
8;452;6;3;452;unknown;valores em falta;technology;310.99;29.34;credit card;2018-02-02 12:26:58;2018-02-08 12:34:19;1900-01-01;3.0
9;470;9;19;470;unknown;rs;fashion;97.05;47.55;other;2018-01-20 14:24:50;2018-03-02 22:37:49;1900-01-01;1.0
10;503;8;1;503;unknown;mg;health;198.5;62.97;credit card;2017-11-15 18:06:40;2017-11-24 11:26:37;1900-01-01;3.5
11;507;13;7;507;unknown;sp;toys;109.82;13.59;other;2018-03-19 11:21:57;2018-03-22 21:50:54;2018-03-29;1.0
12;588;2;5;588;sao paulo;sp;toys;27.8;29.76;credit card;2017-11-30 16:08:28;2017-12-03 13:05:16;1900-01-01;1.0
13;709;1;10;709;unknown;rj;fashion;107.63;51.05;other;2018-05-18 11:00:26;2018-06-05 15:44:30;1900-01-01;3.5
14;932;12;1;932;sao paulo;sp;sports;92.5;28.79;credit card;1900-01-01 00:00:00;2018-03-19 23:42:04;1900-01-01;2.0
15;1003;1;5;1003;sao paulo;sp;health;156.3;32.34;credit card;2018-01-09 07:51:15;2018-01-17 16:33:01;1900-01-01;3.5
16;1129;8;3;1129;belo horizonte;mg;technology;399.2;20.9;credit card;2018-02-15 15:33:13;2018-03-05 22:51:50;2018-03-07;3.5
17;1190;11;5;1190;unknown;mg;fashion;159.99;62.6;other;2017-11-24 13:01:09;1900-01-01 00:00:00;2017-12-15;1.0
18;1212;6;21;1212;unknown;sp;fashion;106.74;46.71;credit card;2018-08-17 15:49:08;2018-08-18 16:58:50;1900-01-01;2.0
19;1225;13;10;1225;campinas;sp;sports;199.6;56.11;credit card;2017-08-02 09:49:20;2017-08-10 15:28:03;2017-08-22;3.5
20;1279;9;7;1279;rio de janeiro;rj;technology;150.82;36.04;credit card;2017-11-24 09:38:22;2017-12-12 18:41:55;1900-01-01;5.0
21;1351;6;3;1351;0;valores em falta;sports;167.0;89.73;credit card;2017-11-26 11:43:52;2017-12-01 17:38:44;2017-12-26;1.0
22;1506;12;10;1506;unknown;rs;health;68.0;6.87;credit card;2018-04-11 14:36:30;2018-04-24 10:21:59;1900-01-01;4.0
23;1514;13;7;1514;rio de janeiro;rj;health;58.1;41.84;credit card;2018-03-11 14:33:24;2018-03-29 19:58:29;1900-01-01;3.0
24;1594;13;21;1594;unknown;sp;toys;949.0;26.02;credit card;2017-11-24 12:58:53;2017-12-04 20:33:01;1900-01-01;2.0
25;1650;1;6;1650;unknown;sp;sports;42.89;32.34;credit card;2017-05-29 12:13:27;2017-05-31 10:49:57;1900-01-01;2.5
26;1659;0;1;1659;campinas;sp;fashion;99.35;46.87;credit card;2018-03-02 17:38:17;2018-04-05 19:58:53;1900-01-01;1.0
27;1696;2;5;1696;juiz de fora;mg;sports;282.0;14.68;credit card;2018-08-18 13:50:27;2018-08-29 17:42:00;1900-01-01;4.5
28;1718;9;0;1718;unknown;0;technology;1589.0;67.11;credit card;2017-12-24 15:40:09;2017-12-29 17:30:15;1900-01-01;3.0
29;1787;4;23;1787;nova iguacu;rj;sports;182.9;29.68;credit card;2017-07-28 12:16:33;2017-08-08 19:15:14;2017-08-23;5.0
30;1925;2;5;1925;rio de janeiro;rj;technology;712.9;45.86;credit card;2018-08-10 20:08:10;2018-08-17 02:35:39;1900-01-01;5.0
31;1934;15;3;1934;unknown;rj;sports;399.2;50.15;other;2018-06-26 08:14:39;2018-07-03 21:44:00;1900-01-01;3.5
32;1999;4;12;1999;sao paulo;sp;technology;399.2;30.66;credit card;2017-09-05 22:14:52;2017-09-11 13:27:49;1900-01-01;4.5
33;2080;13;10;2080;unknown;mg;technology;111.27;7.56;credit card;1900-01-01 00:00:00;1900-01-01 00:00:00;1900-01-01;2.0
34;2083;0;10;2083;sao paulo;sp;technology;782.25;30.74;credit card;2018-04-30 18:54:58;2018-05-12 16:59:01;1900-01-01;4.0
35;2084;4;3;2084;belo horizonte;mg;fashion;125.0;126.29;credit card;2018-04-06 11:37:12;2018-04-17 17:09:41;1900-01-01;1.5
36;2129;15;5;2129;sao paulo;sp;sports;73.02;69.22;credit card;2018-07-02 21:45:09;2018-07-10 17:51:24;1900-01-01;2.5
37;2134;16;5;2134;unknown;rs;sports;420.07;30.72;credit card;1900-01-01 00:00:00;2018-08-09 15:03:10;1900-01-01;4.5
38;2213;0;7;2213;sao paulo;sp;technology;148.5;2.63;other;2018-04-16 10:28:25;2018-04-18 13:28:32;1900-01-01;3.0
39;2221;9;10;2221;unknown;mg;technology;55.83;14.9;credit card;2017-01-31 16:13:48;2017-02-09 15:51:55;2017-03-03;2.0
40;2315;4;23;2315;unknown;rj;sports;548.35;47.55;credit card;2017-12-26 13:53:29;2018-01-10 20:28:50;1900-01-01;4.5
41;2530;16;3;2530;sao paulo;sp;sports;699.0;38.66;credit card;2017-09-10 12:37:46;2017-09-19 12:34:17;1900-01-01;4.0
42;2534;3;8;2534;unknown;mg;fashion;95.03;49.93;credit card;1900-01-01 00:00:00;2017-11-24 15:48:41;2017-12-06;1.0
43;2641;14;20;2641;unknown;rj;fashion;1590.0;63.79;credit card;2017-07-02 13:02:39;2017-07-14 18:03:53;1900-01-01;4.5
44;2685;2;5;2685;unknown;rs;health;78.5;41.87;other;2018-06-11 23:08:58;2018-06-20 18:54:21;2018-07-12;2.5
45;2737;5;16;2737;unknown;sp;toys;694.65;43.33;credit card;2017-08-16 21:06:21;2017-08-21 19:22:19;2017-09-08;2.5
46;2835;7;3;2835;unknown;rs;fashion;432.0;47.55;other;2017-08-02 16:29:09;2017-08-18 18:35:11;1900-01-01;4.0
47;2840;2;1;2840;belo horizonte;mg;technology;261.0;82.44;credit card;2018-02-14 12:38:50;2018-02-22 20:28:56;1900-01-01;2.0
48;2869;16;22;2869;rio de janeiro;rj;sports;106.74;46.76;credit card;2017-12-03 22:58:18;2017-12-11 19:19:05;1900-01-01;4.5
49;2984;9;7;2984;unknown;rj;sports;132.53;19.38;credit card;2017-09-15 14:45:57;2017-09-25 20:58:47;1900-01-01;4.5
50;3232;0;14;3232;rio de janeiro;rj;fashion;18.04;42.05;credit card;2017-12-21 10:30:18;2017-12-29 19:57:21;1900-01-01;1.5
51;3294;6;23;3294;unknown;sp;fashion;820.0;32.34;credit card;2017-05-18 12:32:16;2017-05-24 16:42:55;2017-06-01;3.0
52;3442;4;1;3442;unknown;mg;technology;1001.0;38.66;credit card;2017-11-24 10:27:33;2017-12-14 18:47:16;2017-12-18;3.0
53;3572;0;3;3572;sao paulo;sp;health;311.0;46.13;credit card;2018-05-09 20:38:13;2018-05-19 10:36:50;1900-01-01;5.0
54;3740;13;20;3740;sao bernardo do campo;sp;toys;44.95;44.33;credit card;2018-03-15 16:53:42;2018-04-02 21:53:07;1900-01-01;1.5
55;3745;6;9;3745;unknown;sp;health;514.0;0;credit card;2017-06-13 21:51:48;2017-06-23 11:02:49;1900-01-01;4.5
56;3814;9;3;3814;0;0;toys;159.9;22.39;valores em falta;2018-08-14 00:20:52;2018-08-20 20:21:45;2018-08-27;valores em falta
57;3874;9;7;3874;unknown;sp;fashion;42.89;55.54;other;2017-03-24 22:17:46;2017-04-03 14:43:58;1900-01-01;1.5
58;3909;17;3;3909;belo horizonte;mg;toys;13.87;59.63;other;2017-10-13 14:45:04;2017-10-24 19:46:11;1900-01-01;1.0
59;3975;4;3;3975;unknown;sp;fashion;419.9;50.28;other;2018-03-07 15:28:38;2018-03-09 19:22:38;2018-03-23;1.0
60;4131;8;12;4131;contagem;mg;technology;399.2;55.54;credit card;2017-04-29 20:51:41;2017-05-04 17:12:10;1900-01-01;4.0
61;4198;2;10;4198;unknown;sp;technology;399.2;67.11;credit card;2017-05-24 21:12:23;2017-06-09 18:42:45;1900-01-01;3.0
62;4269;1;1;4269;unknown;sp;fashion;145.95;34.33;credit card;2018-07-31 12:17:09;2018-08-10 19:30:59;1900-01-01;1.0
63;4280;2;1;4280;unknown;sp;technology;359.86;60.47;credit card;2017-07-30 09:14:52;2017-08-07 21:36:06;1900-01-01;2.5
64;4374;12;8;4374;unknown;sp;toys;403.9;30.66;credit card;1900-01-01 00:00:00;1900-01-01 00:00:00;2017-09-06;2.5
65;4451;6;16;4451;unknown;mg;sports;453.7;4.85;other;1900-01-01 00:00:00;2018-07-09 11:36:54;1900-01-01;3.5
66;4500;13;7;4500;sao paulo;sp;valores em falta;16.89;16.23;credit card;2018-08-06 21:40:05;2018-08-10 16:07:24;2018-08-13;2.0
67;4620;2;3;4620;unknown;0;health;849.5;53.64;credit card;1900-01-01 00:00:00;2018-07-10 19:34:17;2018-08-01;4.5
68;4637;1;8;4637;rio de janeiro;rj;fashion;224.9;104.16;credit card;2017-08-22 17:12:58;2017-08-24 21:05:22;1900-01-01;4.5
69;4662;11;1;4662;belo horizonte;mg;fashion;399.2;20.9;credit card;2017-09-16 17:52:31;2017-09-25 17:04:09;1900-01-01;4.5
70;4691;9;7;4691;sao paulo;sp;sports;1899.0;0;credit card;2018-02-10 17:01:48;2018-02-19 10:33:05;1900-01-01;5.0
71;4718;1;24;4718;unknown;sp;toys;213.0;32.62;credit card;2017-04-10 10:00:25;2017-04-18 12:35:28;1900-01-01;3.0
72;4762;0;3;4762;rio de janeiro;rj;health;74.9;7.86;credit card;2017-10-22 19:17:43;2017-10-25 21:23:35;2017-11-03;5.0
73;4819;9;1;4819;unknown;sp;sports;438.99;49.93;credit card;2017-09-19 18:03:53;1900-01-01 00:00:00;2017-10-10;2.5
74;4821;12;19;4821;unknown;mg;toys;509.99;47.55;other;2017-11-21 11:37:06;2017-11-30 18:33:04;1900-01-01;2.5
75;4898;3;16;4898;sao paulo;sp;fashion;266.55;32.34;other;2018-02-05 14:16:18;2018-02-17 16:27:04;2018-02-21;3.5
76;5108;1;10;5108;rio de janeiro;rj;technology;0;0;credit card;2017-01-31 21:57:33;2017-02-08 14:47:42;1900-01-01;5.0
77;5113;11;14;5113;santa maria;rs;fashion;17.6;26.23;credit card;2017-06-18 21:01:05;2017-06-23 09:26:42;1900-01-01;1.0
78;5266;10;21;5266;unknown;sp;fashion;185.6;21.82;credit card;2018-03-20 16:16:56;2018-03-29 21:42:05;1900-01-01;2.5
79;5303;9;12;5303;unknown;rs;health;404.88;62.88;credit card;2017-10-07 14:59:27;2017-10-18 18:25:07;1900-01-01;4.5
80;5340;0;12;5340;unknown;rs;technology;1158.25;47.55;credit card;2018-01-16 21:24:31;2018-02-05 12:53:24;1900-01-01;4.5
81;5507;1;8;5507;unknown;sp;health;116.6;31.47;other;2017-09-22 10:25:36;2017-10-02 10:43:08;1900-01-01;2.5
82;5597;7;5;5597;rio de janeiro;rj;fashion;135.13;24.08;credit card;2018-08-18 15:26:01;2018-08-24 18:48:40;1900-01-01;5.0
83;5726;12;10;5726;rio de janeiro;rj;toys;329.22;6.87;other;2018-03-07 14:26:32;2018-04-17 16:13:36;2018-04-10;3.5
84;5966;4;5;5966;rio de janeiro;rj;sports;849.5;42.02;credit card;2017-11-23 10:42:29;2017-12-04 21:52:12;1900-01-01;5.0
85;5973;1;21;5973;rio de janeiro;rj;sports;1277.5;51.05;credit card;2017-03-20 09:33:47;2017-03-22 10:07:47;1900-01-01;5.0
86;6033;6;23;6033;sao paulo;sp;sports;341.4;55.54;credit card;2017-02-02 00:09:40;2017-02-08 10:05:10;1900-01-01;5.0
87;6073;3;10;6073;belo horizonte;mg;toys;125.46;120.19;other;2018-05-17 09:14:34;1900-01-01 00:00:00;1900-01-01;1.0
88;6093;1;7;6093;unknown;mg;toys;150.82;72.67;other;2018-02-22 08:34:25;2018-03-23 02:51:53;2018-03-19;1.0
89;6102;13;24;6102;unknown;mg;technology;475.0;15.67;other;2018-03-14 23:49:32;2018-03-27 02:17:03;1900-01-01;3.5
90;6237;7;16;6237;unknown;sp;health;564.99;0;credit card;2018-08-06 17:01:24;2018-08-13 15:47:40;1900-01-01;3.0
91;6389;8;7;6389;juiz de fora;mg;technology;223.51;27.2;credit card;2017-08-28 18:41:07;2017-09-02 12:30:09;1900-01-01;4.5
92;6577;1;5;6577;unknown;mg;sports;729.99;47.55;credit card;2018-03-04 15:26:54;2018-03-21 18:48:50;2018-03-26;3.5
93;6623;0;10;6623;unknown;pr;fashion;112.01;35.95;credit card;2018-03-20 20:48:34;2018-03-27 19:03:13;2018-04-13;1.0
94;6653;2;4;6653;unknown;sp;sports;128.99;29.07;credit card;2017-04-04 09:19:31;2017-04-17 11:23:45;1900-01-01;3.0
95;6777;13;5;6777;nova iguacu;rj;toys;98.44;14.18;0;1900-01-01 00:00:00;1900-01-01 00:00:00;1900-01-01;2.5
96;6805;9;10;6805;sao paulo;sp;toys;420.07;20.9;other;2017-12-19 20:20:53;2018-01-08 21:09:07;1900-01-01;2.0
97;6844;8;22;6844;unknown;sp;toys;2130.0;14.01;other;2017-12-13 14:21:15;2017-12-28 09:05:34;1900-01-01;3.0
98;6929;3;15;6929;unknown;sp;fashion;95.03;59.62;credit card;2017-11-07 19:38:03;2017-11-15 11:27:27;1900-01-01;2.0
99;6965;9;3;6965;unknown;mg;technology;413.6;14.61;credit card;2018-04-12 14:57:23;2018-04-27 00:04:27;1900-01-01;4.5
100;7009;9;21;7009;unknown;sp;fashion;61.97;78.2;credit card;2017-11-25 12:14:42;2017-12-13 09:32:16;2017-12-15;1.0
101;7020;0;10;7020;unknown;rs;sports;692.0;46.76;credit card;2017-08-19 19:02:06;2017-09-06 20:16:09;1900-01-01;4.0
102;7106;3;17;7106;unknown;sp;technology;719.0;140.52;credit card;2017-12-29 16:31:00;2018-01-12 12:16:04;1900-01-01;3.5
103;7164;3;10;7164;rio de janeiro;rj;toys;56.89;97.74;credit card;2017-02-13 21:14:23;2017-02-21 14:21:44;2017-03-14;1.0
104;7321;15;13;7321;porto alegre;rs;sports;28.82;62.33;credit card;2018-04-21 15:42:16;2018-04-30 21:11:46;1900-01-01;1.0
105;7382;11;7;7382;unknown;mg;fashion;367.0;2.46;credit card;2017-04-19 17:57:46;2017-05-12 14:23:08;1900-01-01;2.5
106;7401;4;1;7401;unknown;sp;sports;55.55;17.38;credit card;2017-12-19 15:02:40;2017-12-27 22:07:12;1900-01-01;1.0
107;7458;9;23;7458;unknown;rj;sports;77.08;20.67;other;2017-09-19 10:30:53;2017-09-28 20:25:16;2017-10-19;2.5
108;7460;14;20;7460;belo horizonte;mg;fashion;222.98;69.96;credit card;2018-06-19 17:11:30;2018-06-26 23:28:45;1900-01-01;2.5
109;7595;9;20;7595;unknown;rs;health;344.0;22.0;credit card;2018-07-02 21:10:53;1900-01-01 00:00:00;1900-01-01;4.5
110;7682;2;0;7682;rio de janeiro;rj;health;18.1;64.41;credit card;2017-05-21 16:19:58;2017-05-26 20:49:53;1900-01-01;1.0
111;7776;14;5;7776;unknown;pr;fashion;29.4;47.55;credit card;2018-01-02 11:24:28;2018-02-02 16:12:52;2018-02-01;1.0
112;7778;1;17;7778;0;rs;toys;1164.9;23.71;other;2018-07-29 18:18:15;2018-08-07 22:41:48;1900-01-01;3.0
113;7827;8;4;7827;ponta grossa;pr;health;91.33;31.74;credit card;2017-10-28 10:52:26;2017-11-21 20:54:06;2017-11-28;2.5
114;7975;0;6;7975;niteroi;rj;sports;38.48;18.54;credit card;2018-04-09 23:12:50;2018-04-12 15:05:58;1900-01-01;5.0
115;8056;0;22;8056;unknown;rj;technology;329.93;45.05;credit card;2018-04-13 17:07:24;2018-05-04 18:17:29;2018-05-10;4.5
116;8125;7;11;8125;unknown;rs;health;1099.99;17.91;credit card;2017-12-06 13:26:13;2018-01-10 01:06:20;1900-01-01;4.0
117;8343;2;16;8343;unknown;sp;health;34.08;62.6;credit card;2018-01-22 13:15:26;2018-01-30 19:35:57;2018-02-19;1.0
118;8348;3;20;8348;rio de janeiro;rj;technology;56.89;93.14;credit card;2018-02-04 18:10:42;2018-02-25 20:35:29;2018-03-05;1.0
119;8351;8;10;8351;guarulhos;sp;health;72.4;14.59;other;2018-08-19 13:41:46;2018-08-22 21:18:50;1900-01-01;1.0
120;8366;9;8;8366;belo horizonte;mg;toys;100.0;6.38;credit card;2017-06-12 08:37:43;2017-06-27 18:32:34;2017-07-10;4.5
121;8518;4;6;8518;sao paulo;sp;sports;367.0;32.34;credit card;2017-08-01 13:43:33;2017-08-05 13:24:26;2017-08-14;4.0
122;8572;3;10;8572;rio de janeiro;rj;technology;95.03;56.65;credit card;2017-11-24 10:38:00;2017-12-19 16:48:39;1900-01-01;4.5
123;8598;12;20;8598;unknown;pr;toys;849.98;47.55;other;2017-08-08 22:39:06;2017-08-18 21:33:08;2017-08-30;1.0
124;8653;5;0;8653;unknown;sp;technology;115.7;6.87;credit card;2017-02-07 16:34:23;2017-02-20 12:21:39;1900-01-01;3.0
125;8793;9;6;8793;unknown;rj;technology;71.8;15.24;credit card;2018-07-15 10:24:22;2018-07-28 01:22:26;1900-01-01;4.5
126;8839;6;3;8839;campinas;sp;health;55.83;41.0;credit card;2017-04-28 16:26:51;2017-05-16 17:42:18;2017-05-22;2.0
127;8874;4;6;8874;unknown;sp;sports;48.4;69.37;0;2017-09-24 12:41:40;2017-10-04 21:30:04;1900-01-01;1.0
128;9100;5;13;9100;sao paulo;sp;toys;17.95;33.25;credit card;2018-07-08 21:38:25;2018-07-23 21:32:23;1900-01-01;1.0
129;9155;16;6;9155;pelotas;rs;sports;222.98;61.44;other;2018-03-04 20:09:47;2018-03-13 12:28:43;2018-03-29;4.5
130;9273;1;17;9273;sao paulo;sp;fashion;26.77;49.05;other;2017-08-25 11:16:05;2017-08-30 14:04:26;2017-09-08;1.5
131;9301;6;9;9301;unknown;sp;fashion;145.99;22.0;credit card;2018-03-07 18:09:41;2018-04-11 19:47:24;1900-01-01;1.5
132;9414;13;4;9414;belo horizonte;0;toys;34.0;0;credit card;2017-10-04 15:32:22;2017-10-11 19:06:33;1900-01-01;2.5
133;9422;13;13;9422;unknown;sp;sports;44.63;70.82;credit card;2017-07-04 13:27:14;2017-07-17 20:22:54;1900-01-01;1.5
134;9465;9;0;9465;unknown;sp;toys;328.0;47.55;credit card;2017-09-04 09:28:18;2017-09-13 22:34:10;1900-01-01;2.0
135;9584;4;11;9584;unknown;sp;technology;0.85;11.39;credit card;2018-05-09 08:28:42;2018-05-11 17:57:33;1900-01-01;1.0
136;9602;1;3;9602;unknown;sp;technology;588.5;149.66;credit card;2018-02-15 17:55:55;2018-03-08 19:39:28;2018-03-02;1.0
137;9679;0;19;9679;unknown;sp;toys;820.05;53.29;credit card;2018-03-12 13:50:41;2018-03-21 22:57:43;2018-04-02;2.0
138;9707;5;24;9707;unknown;sp;toys;1890.0;35.73;credit card;2017-12-23 14:48:05;2018-01-08 23:07:37;1900-01-01;2.0
139;9747;12;1;9747;unknown;0;toys;89.1;38.15;credit card;2017-04-27 00:12:53;2017-05-05 13:34:53;2017-05-25;2.5
140;9816;11;5;9816;sao paulo;sp;fashion;91.33;44.68;credit card;2018-08-15 17:49:43;2018-08-20 16:58:40;1900-01-01;3.5
141;9923;1;9;9923;unknown;mg;technology;777.0;0.62;credit card;2018-01-07 18:03:55;2018-01-29 22:25:14;1900-01-01;2.5
142;9939;1;10;9939;sao bernardo do campo;sp;toys;65.06;13.92;credit card;2017-06-07 21:40:50;2017-06-13 12:08:10;1900-01-01;3.5
143;10047;7;21;10047;sao paulo;0;health;149.91;32.4;credit card;2017-06-26 16:32:20;2017-07-03 15:52:55;1900-01-01;3.0
144;10382;7;9;10382;sao paulo;sp;health;2899.0;53.29;credit card;2018-05-07 09:03:48;2018-05-11 20:54:29;1900-01-01;3.0
145;10385;13;17;10385;unknown;sp;valores em falta;820.05;6.08;credit card;1900-01-01 00:00:00;2017-10-19 15:32:12;1900-01-01;3.5
146;10489;10;8;10489;unknown;mg;fashion;399.2;161.82;credit card;2017-05-21 08:00:08;2017-05-24 12:07:35;2017-06-09;2.0
147;10627;14;5;10627;unknown;sp;fashion;223.51;84.65;credit card;2017-10-23 16:26:56;2017-10-26 20:47:57;1900-01-01;1.0
148;10662;6;9;10662;unknown;sp;health;127.77;55.95;credit card;2018-04-04 06:05:53;2018-04-10 17:05:33;1900-01-01;2.0
149;10905;9;9;10905;sao paulo;sp;sports;49.38;33.74;credit card;2017-08-07 09:09:06;2017-08-10 15:55:14;1900-01-01;2.0
150;11000;1;3;11000;rio de janeiro;rj;sports;128.99;10.33;credit card;2018-06-26 17:39:34;2018-07-03 19:21:48;1900-01-01;5.0
151;11006;14;10;11006;curitiba;pr;fashion;145.69;61.32;other;2017-01-05 14:18:03;2017-01-17 16:47:45;2017-02-13;2.0
152;11017;0;3;11017;unknown;mg;toys;107.63;16.67;other;2018-05-09 20:49:26;2018-05-18 20:32:32;2018-06-07;1.0
153;11068;3;5;11068;unknown;pr;fashion;170.7;38.66;credit card;2017-10-19 15:53:20;2017-11-03 19:51:50;1900-01-01;1.0
154;11085;8;5;11085;rio de janeiro;rj;toys;7.59;22.97;credit card;2018-07-07 16:24:14;2018-07-13 19:38:44;1900-01-01;1.0
155;11087;13;0;11087;rio de janeiro;rj;health;76.9;34.03;credit card;2018-05-03 11:50:03;2018-05-16 14:54:03;1900-01-01;5.0
156;11216;4;8;11216;niteroi;rj;health;820.0;38.66;credit card;2017-07-13 17:49:51;2017-07-24 16:42:31;1900-01-01;5.0
157;11241;4;3;11241;sao paulo;sp;valores em falta;53.65;0;credit card;2018-06-13 16:19:00;2018-06-22 18:28:38;1900-01-01;1.0
158;11275;7;10;11275;unknown;sp;fashion;107.63;31.94;credit card;2018-01-19 13:39:35;2018-02-01 17:22:51;1900-01-01;2.0
159;11277;1;13;11277;porto alegre;rs;toys;54.6;82.44;credit card;2017-12-11 18:13:43;2017-12-26 19:07:15;1900-01-01;1.0
160;11290;9;9;11290;unknown;sp;fashion;949.9;19.96;credit card;2017-06-20 11:12:10;2017-06-26 14:22:29;1900-01-01;3.0
161;11448;14;3;11448;unknown;sp;fashion;113.49;57.21;credit card;1900-01-01 00:00:00;2018-08-01 19:10:00;1900-01-01;1.0
162;11451;0;4;11451;sao paulo;sp;toys;107.63;39.07;other;2018-05-26 23:52:17;2018-05-30 15:48:56;2018-06-20;2.5
163;11476;9;1;11476;unknown;sp;technology;403.9;51.45;other;2018-01-12 17:06:53;2018-01-18 15:42:10;1900-01-01;2.0
164;11511;10;12;11511;sao paulo;sp;fashion;420.07;41.41;other;2017-12-19 18:08:44;2017-12-27 16:18:56;1900-01-01;3.0
165;11534;17;10;11534;guarulhos;sp;toys;1899.0;18.05;credit card;2018-04-02 14:54:18;2018-04-04 20:54:42;1900-01-01;3.5
166;11552;6;10;11552;unknown;sp;health;194.0;28.61;credit card;2018-05-16 14:14:03;2018-05-25 00:44:24;1900-01-01;4.0
167;11664;6;10;11664;sao paulo;sp;technology;145.9;72.67;credit card;2017-08-07 09:32:28;2017-08-09 18:13:38;2017-08-18;3.5
168;11665;13;0;11665;unknown;mg;health;68.2;47.55;other;1900-01-01 00:00:00;2017-06-28 14:16:37;1900-01-01;1.0
169;11767;8;17;11767;ponta grossa;pr;health;123.62;6.87;credit card;2018-03-30 00:06:55;2018-04-06 23:26:42;1900-01-01;3.0
170;11771;13;3;11771;sao paulo;sp;toys;394.65;19.65;other;2018-07-26 16:37:10;2018-08-02 19:11:45;2018-08-14;2.0
171;11785;6;5;11785;sao paulo;sp;fashion;16.89;16.23;credit card;2018-08-06 21:40:05;2018-08-10 16:07:24;1900-01-01;2.5
172;11874;0;3;11874;unknown;sp;sports;58.99;12.86;credit card;2018-02-06 11:34:34;2018-02-10 14:33:09;2018-03-09;2.0
173;12212;2;1;12212;unknown;mg;technology;40.85;3.84;credit card;2018-02-20 12:33:05;2018-03-02 01:48:25;2018-03-12;4.0
174;12301;0;21;12301;unknown;sp;sports;549.9;38.58;credit card;2018-08-07 20:19:14;2018-08-10 17:20:53;1900-01-01;3.0
175;12328;9;20;12328;sao paulo;sp;toys;145.69;47.54;credit card;2018-05-13 21:29:49;2018-05-16 21:10:54;1900-01-01;2.0
176;12408;1;7;12408;sao paulo;sp;fashion;15.27;89.55;credit card;2018-07-11 17:17:37;2018-07-13 17:58:42;1900-01-01;1.0
177;12542;13;2;12542;unknown;sp;technology;167.5;2.16;credit card;2018-01-08 14:23:33;2018-01-26 16:33:28;1900-01-01;3.0
178;12734;17;18;12734;sao paulo;sp;0;0;95.82;credit card;1900-01-01 00:00:00;1900-01-01 00:00:00;1900-01-01;2.0
179;12781;3;10;12781;sao bernardo do campo;sp;fashion;399.2;2.46;credit card;2017-03-28 21:22:45;2017-04-03 11:08:00;1900-01-01;5.0
180;12846;8;10;12846;sao paulo;sp;toys;42.89;32.34;credit card;2017-09-26 16:35:42;2017-10-06 18:04:05;1900-01-01;2.0
181;12864;10;1;12864;unknown;sp;fashion;109.82;6.08;credit card;2017-07-05 21:26:30;2017-07-09 15:34:48;1900-01-01;3.0
182;13053;13;11;13053;sao paulo;sp;toys;217.91;113.01;credit card;2018-07-19 21:24:55;2018-07-24 01:58:31;1900-01-01;3.5
183;13096;2;0;13096;unknown;sp;toys;403.9;110.14;other;2017-04-03 09:02:59;2017-04-13 13:10:28;1900-01-01;1.0
184;13105;0;7;13105;rio de janeiro;rj;health;150.82;32.86;other;2018-04-05 12:39:13;2018-04-25 21:11:22;1900-01-01;3.0
185;13294;6;10;13294;sao paulo;sp;fashion;117.56;61.32;credit card;2018-02-01 15:15:52;2018-02-04 18:56:29;2018-02-19;2.5
186;13426;4;0;13426;contagem;mg;fashion;0;valores;other;2018-07-08 18:50:45;2018-07-25 00:27:40;1900-01-01;1.0
187;13435;0;22;13435;unknown;rj;0;125.46;45.0;credit card;2017-10-08 15:59:29;2017-10-19 19:13:29;1900-01-01;3.0
188;13457;0;16;13457;unknown;pr;fashion;111.27;47.55;other;2017-11-15 21:03:17;2017-12-27 21:04:37;1900-01-01;1.0
189;13462;3;3;13462;rio de janeiro;rj;technology;1623.9;69.13;credit card;2018-06-24 10:01:06;2018-07-03 04:28:50;1900-01-01;5.0
190;13475;1;5;13475;unknown;sp;fashion;312.89;42.17;credit card;2018-08-24 10:16:19;2018-08-29 23:47:20;1900-01-01;2.5
191;13497;2;1;13497;sao paulo;sp;health;265.9;47.32;credit card;2018-08-02 18:11:50;2018-08-04 16:54:47;2018-08-08;4.5
192;13542;13;8;13542;0;valores em falta;sports;137.88;47.55;0;2017-08-07 17:26:19;2017-08-14 19:55:00;1900-01-01;1.5
193;13644;13;16;13644;unknown;sp;toys;148.5;12.01;credit card;2018-02-24 13:47:56;2018-03-19 20:04:13;1900-01-01;2.5
194;13676;0;7;13676;unknown;mg;technology;1001.0;2.46;credit card;2017-04-29 11:48:05;2017-05-05 15:17:57;1900-01-01;3.5
195;13818;6;21;13818;rio de janeiro;rj;health;399.2;20.9;credit card;2017-06-25 23:10:29;2017-07-05 15:22:06;1900-01-01;5.0
196;13845;5;5;13845;sao paulo;sp;toys;271.0;6.08;credit card;2017-09-03 16:48:45;2017-09-05 21:22:24;1900-01-01;3.0
197;14001;5;10;14001;unknown;sp;technology;517.65;8.09;credit card;1900-01-01 00:00:00;1900-01-01 00:00:00;1900-01-01;3.0
198;14099;4;9;14099;sao paulo;sp;technology;128.99;9.84;credit card;2017-11-07 20:46:04;2017-11-14 13:12:29;1900-01-01;4.0
199;14185;1;7;14185;sao paulo;sp;technology;0;61.32;credit card;2017-10-28 18:16:38;2017-11-01 15:39:51;1900-01-01;3.5
200;14246;13;13;14246;unknown;sp;toys;509.99;17.38;credit card;2018-02-09 12:08:29;2018-02-20 18:00:07;2018-03-05;3.0
201;14252;9;17;14252;unknown;mg;toys;100.0;26.02;credit card;2018-01-08 18:24:02;2018-01-15 17:57:57;1900-01-01;2.5
202;14298;9;14;14298;unknown;sp;0;123.49;14.43;other;2017-06-21 09:02:30;2017-06-27 14:56:56;2017-07-12;2.0
203;14371;2;9;14371;unknown;0;toys;42.89;0.69;credit card;2018-08-21 11:28:41;2018-08-24 19:48:47;1900-01-01;2.0
204;14380;4;12;14380;unknown;rj;health;172.99;17.44;credit card;2017-08-03 20:57:27;2017-08-15 17:50:03;1900-01-01;4.5
205;14382;0;10;14382;unknown;sp;fashion;34.0;37.42;other;2017-11-15 16:48:17;2017-12-01 01:40:05;1900-01-01;1.0
206;14390;5;5;14390;sao paulo;sp;toys;161.0;32.34;credit card;2018-03-03 14:31:06;2018-03-07 20:19:15;2018-03-26;2.5
207;14408;1;5;14408;rio de janeiro;rj;fashion;18.1;19.65;credit card;2018-08-04 10:41:25;2018-08-10 22:38:31;2018-08-20;1.0
208;14576;15;5;14576;unknown;mg;sports;56.89;55.92;credit card;2018-07-23 19:07:01;2018-07-27 17:24:37;1900-01-01;1.0
209;14773;6;15;14773;unknown;sp;sports;959.99;14.65;credit card;1900-01-01 00:00:00;2018-07-27 19:35:29;1900-01-01;2.5
210;14850;3;7;14850;campinas;sp;technology;79.8;81.42;valores em falta;2018-03-14 17:58:51;2018-03-23 16:46:39;1900-01-01;valores em falta
211;14874;1;14;14874;unknown;mg;fashion;782.25;25.85;credit card;2017-07-17 10:37:43;2017-07-20 15:51:18;1900-01-01;3.5
212;14886;11;3;14886;unknown;rj;fashion;357.0;57.73;other;2017-02-23 23:40:35;2017-03-08 06:49:03;1900-01-01;4.5
213;14936;0;7;14936;sao paulo;sp;fashion;58.1;86.8;credit card;2017-11-03 23:42:39;2017-11-16 22:39:36;1900-01-01;1.0
214;14944;1;17;14944;pelotas;rs;fashion;33.57;99.34;credit card;2018-05-10 23:18:33;2018-05-23 17:07:49;1900-01-01;1.0
215;14967;6;6;14967;unknown;sp;sports;31.0;67.11;other;2017-06-06 20:26:32;2017-06-19 21:33:18;2017-06-28;1.0
216;14990;4;7;14990;rio de janeiro;rj;valores em falta;0;0;credit card;1900-01-01 00:00:00;1900-01-01 00:00:00;1900-01-01;4.5
217;15069;12;4;15069;sao paulo;sp;toys;142.0;25.17;credit card;2017-06-06 16:32:42;2017-06-19 20:55:42;1900-01-01;3.0
218;15240;6;17;15240;unknown;mg;sports;125.46;20.67;credit card;2017-12-01 21:21:44;2017-12-19 19:43:33;1900-01-01;2.5
219;15340;5;3;15340;unknown;sp;toys;820.0;32.34;other;2017-12-18 14:00:47;2017-12-23 02:13:57;1900-01-01;3.0
220;15341;9;19;15341;sao paulo;sp;fashion;58.1;46.22;credit card;2018-03-02 09:43:01;2018-03-14 19:58:50;1900-01-01;1.5
221;15388;16;17;15388;0;rs;sports;188.8;97.74;credit card;2018-01-22 11:41:56;2018-02-01 18:06:27;2018-02-16;4.5
222;15437;12;10;15437;campinas;sp;toys;79.8;17.0;credit card;2017-11-25 17:46:11;2017-12-16 18:19:56;2017-12-26;3.0
223;15438;12;0;15438;rio de janeiro;rj;sports;2899.0;20.9;credit card;1900-01-01 00:00:00;2018-01-06 12:39:21;2018-01-04;5.0
224;15515;7;3;15515;maringa;pr;health;640.0;78.84;credit card;2017-11-12 20:32:49;2017-11-28 23:33:04;1900-01-01;3.5
225;15638;4;13;15638;porto alegre;rs;sports;358.99;41.82;credit card;2018-04-15 22:55:35;2018-04-24 18:51:31;1900-01-01;5.0
226;15665;1;10;15665;sao paulo;sp;toys;66.0;12.01;other;2018-06-15 09:40:37;2018-06-21 20:36:37;1900-01-01;2.0
227;15682;9;15;15682;unknown;sp;fashion;509.99;17.38;credit card;2017-12-28 23:07:22;2018-01-08 15:05:37;1900-01-01;3.5
228;15690;9;6;15690;unknown;sp;health;247.99;31.33;other;2018-08-18 18:37:46;2018-08-27 18:55:40;2018-09-04;2.0
229;15700;3;10;15700;niteroi;rj;technology;1001.0;61.03;other;2018-08-06 12:22:58;2018-08-14 11:47:42;1900-01-01;5.0
230;15705;3;7;15705;unknown;mg;technology;509.99;39.68;credit card;2018-08-01 18:58:49;2018-08-13 23:16:46;1900-01-01;2.0
231;15837;12;4;15837;belo horizonte;mg;toys;44.95;34.82;credit card;2018-06-30 21:51:00;2018-07-04 17:09:03;2018-07-25;2.5
232;15864;1;7;15864;rio de janeiro;rj;sports;95.03;43.65;credit card;2017-03-27 19:22:16;2017-04-07 14:25:35;2017-04-26;5.0
233;15880;0;0;15880;rio de janeiro;rj;0;0;0;credit card;1900-01-01 00:00:00;1900-01-01 00:00:00;1900-01-01;4.5
234;16146;10;3;16146;rio de janeiro;rj;fashion;26.77;3.81;credit card;2018-03-03 15:38:55;2018-04-16 18:36:31;2018-04-10;4.5
235;16148;15;17;16148;santo andre;sp;sports;345.6;60.07;credit card;2018-04-13 21:50:49;2018-04-18 17:03:18;1900-01-01;4.0
236;16230;8;22;16230;caxias do sul;rs;toys;59.21;47.55;other;2017-10-16 12:21:07;2017-10-27 20:25:54;2017-11-16;2.0
237;16271;4;17;16271;unknown;mg;fashion;481.0;29.51;credit card;2017-03-28 15:36:43;2017-04-12 14:58:57;1900-01-01;3.0
238;16432;9;8;16432;unknown;rs;sports;820.05;31.0;credit card;2017-03-04 15:23:16;2017-03-14 14:34:11;2017-04-04;4.5
239;16446;8;3;16446;valores em falta;0;health;34.08;19.38;valores em falta;1900-01-01 00:00:00;1900-01-01 00:00:00;1900-01-01;valores em falta
240;16530;4;2;16530;sao paulo;sp;sports;1663.0;9.18;credit card;2018-08-20 19:21:03;2018-08-30 19:36:44;1900-01-01;3.0
241;16535;15;7;16535;unknown;rs;sports;47.06;82.12;credit card;2018-05-19 19:44:07;2018-06-06 19:52:31;1900-01-01;1.0
242;16674;2;10;16674;unknown;sp;health;128.99;70.39;credit card;2018-02-05 12:04:33;2018-02-15 22:53:03;1900-01-01;1.0
243;16693;1;8;16693;unknown;rj;fashion;78.73;54.04;credit card;2018-02-05 21:42:18;2018-02-20 18:53:27;1900-01-01;3.5
244;16824;7;7;16824;sao paulo;sp;fashion;128.99;69.21;other;2018-02-23 12:54:27;2018-03-09 19:58:38;1900-01-01;1.0
245;17028;14;19;17028;rio de janeiro;rj;fashion;79.7;16.52;credit card;2017-11-17 10:22:00;2018-01-23 19:06:57;2017-12-14;1.0
246;17047;13;6;17047;unknown;sp;sports;50.21;27.2;other;1900-01-01 00:00:00;2018-04-06 03:11:39;1900-01-01;1.0
247;17071;10;19;17071;santo andre;sp;fashion;49.38;82.93;credit card;2017-05-08 18:53:05;2017-05-13 11:22:40;2017-05-31;1.0
248;17085;1;10;17085;unknown;sp;technology;1060.0;15.17;credit card;2018-06-26 13:21:07;2018-07-02 15:56:51;1900-01-01;3.0
249;17229;6;0;17229;unknown;mg;fashion;3.5;47.55;credit card;2017-09-26 16:49:40;2017-10-04 21:37:36;1900-01-01;1.0
250;17256;9;24;17256;sao paulo;sp;technology;779.9;34.33;credit card;2018-04-08 19:09:35;2018-04-14 13:53:21;1900-01-01;4.5
251;17285;10;1;17285;juiz de fora;mg;fashion;127.77;27.2;credit card;2018-03-30 20:48:54;2018-04-13 23:26:36;1900-01-01;2.5
252;17312;12;1;17312;rio de janeiro;rj;toys;529.9;47.55;credit card;2017-10-04 14:14:37;1900-01-01 00:00:00;1900-01-01;5.0
253;17393;12;7;17393;sao paulo;sp;health;94.88;56.66;credit card;2018-05-24 16:01:40;2018-06-11 20:18:19;2018-06-26;1.0
254;17396;0;10;17396;unknown;mg;technology;509.99;17.44;other;2018-02-14 20:14:12;2018-03-05 11:59:04;1900-01-01;3.0
255;17446;14;5;17446;ponta grossa;pr;fashion;148.5;146.3;credit card;2018-04-27 14:00:58;2018-05-08 17:14:54;2018-05-23;2.0
256;17528;13;16;17528;rio de janeiro;rj;technology;18.1;7.88;credit card;2018-06-30 22:43:00;2018-07-11 18:08:59;2018-07-25;4.5
257;17565;9;8;17565;porto alegre;rs;sports;49.99;82.93;credit card;2018-07-17 12:02:11;2018-07-20 20:51:25;2018-08-07;1.0
258;17585;2;16;17585;rio de janeiro;rj;toys;209.89;63.2;credit card;2018-08-22 17:14:07;2018-08-28 18:28:39;1900-01-01;5.0
259;17659;4;20;17659;unknown;sp;fashion;0;49.91;credit card;2017-11-24 14:03:15;2017-11-30 15:27:13;1900-01-01;3.0
260;17671;17;1;17671;sao paulo;sp;toys;109.82;77.92;credit card;2017-01-14 01:16:14;2017-01-27 09:22:38;2017-02-14;3.0
261;17722;1;16;17722;unknown;sp;technology;211.91;29.41;credit card;2017-11-08 19:30:06;2017-11-20 18:08:09;1900-01-01;3.5
262;17807;6;13;17807;rio de janeiro;rj;sports;0;125.66;credit card;2018-01-22 10:28:04;2018-02-01 21:48:25;1900-01-01;3.0
263;17812;0;14;17812;unknown;sp;fashion;95.17;23.7;credit card;2018-05-04 17:01:31;2018-05-11 00:08:45;1900-01-01;3.5
264;17850;8;8;17850;unknown;sp;technology;692.0;21.65;credit card;2017-04-21 09:48:39;2017-05-15 12:22:12;1900-01-01;3.0
265;17862;4;3;17862;unknown;0;technology;15.89;30.66;0;2017-12-29 09:32:08;2018-01-09 20:10:07;1900-01-01;1.5
266;17939;11;9;17939;sao bernardo do campo;sp;fashion;62.83;67.42;credit card;2017-02-16 12:58:36;2017-02-22 21:45:54;1900-01-01;1.5
267;18256;6;1;18256;nova iguacu;rj;technology;1899.0;20.9;0;2017-08-02 21:21:21;2017-08-09 17:09:13;2017-08-24;5.0
268;18278;12;23;18278;valores em falta;0;sports;245.7;14.76;0;2018-03-16 15:45:55;2018-03-27 02:33:36;1900-01-01;valores em falta
269;18357;8;17;18357;unknown;mg;health;692.0;78.42;credit card;2018-01-02 17:42:24;2018-01-09 19:51:35;1900-01-01;2.0
270;18461;9;24;18461;unknown;rs;technology;71.8;12.59;other;2017-08-09 20:43:39;2017-08-21 20:29:43;1900-01-01;3.5
271;18682;5;19;18682;sao paulo;sp;toys;12.8;13.59;credit card;2018-03-26 14:33:13;2018-04-02 15:12:18;1900-01-01;1.0
272;18684;0;3;18684;rio de janeiro;rj;technology;778.0;54.46;credit card;2018-06-03 16:00:26;2018-06-18 17:41:12;1900-01-01;5.0
273;18838;9;4;18838;niteroi;rj;technology;28.55;163.52;credit card;2017-07-03 15:10:38;2017-07-12 21:08:07;1900-01-01;1.0
274;18858;10;7;18858;unknown;sp;fashion;36.5;30.66;credit card;2017-11-28 11:40:40;2017-12-05 21:23:25;1900-01-01;1.0
275;18901;7;19;18901;unknown;sp;fashion;223.0;32.34;0;2018-02-28 18:49:29;2018-03-06 15:47:50;1900-01-01;3.0
276;18940;1;1;18940;unknown;sp;health;109.6;6.08;credit card;2017-12-17 12:45:48;2017-12-21 18:43:23;1900-01-01;3.0
277;19001;0;9;19001;unknown;sp;health;419.9;21.26;credit card;2018-04-11 12:47:32;2018-04-17 00:13:27;1900-01-01;4.5
278;19010;8;2;19010;unknown;0;technology;692.0;46.76;credit card;2017-07-19 19:43:53;2017-08-04 16:54:59;1900-01-01;3.0
279;19144;4;3;19144;unknown;sp;fashion;100.0;18.41;other;2018-07-28 08:44:36;2018-08-03 20:11:29;1900-01-01;1.0
280;19177;15;0;19177;unknown;sp;sports;539.92;9.87;credit card;2018-05-16 16:19:18;2018-06-05 20:19:00;1900-01-01;2.0
281;19246;1;11;19246;sao paulo;sp;technology;231.27;7.27;credit card;2018-06-25 18:35:52;2018-06-29 17:48:55;2018-07-17;4.0
282;19272;3;5;19272;unknown;mg;fashion;89.21;38.66;credit card;2017-12-01 23:33:35;2017-12-11 20:34:07;1900-01-01;1.0
283;19273;2;24;19273;sao paulo;sp;health;359.6;49.27;credit card;2017-02-20 09:28:19;2017-02-24 10:41:38;1900-01-01;5.0
284;19348;6;5;19348;unknown;rs;sports;166.8;17.96;other;2018-02-26 14:29:30;2018-03-08 20:31:24;1900-01-01;3.5
285;19351;9;21;19351;unknown;sp;technology;56.89;227.57;credit card;2017-06-03 18:40:55;2017-06-12 13:54:42;1900-01-01;1.0
286;19387;3;7;19387;sao paulo;sp;fashion;117.56;32.34;credit card;2017-07-17 20:30:21;2017-07-21 19:39:46;2017-08-02;2.0
287;19395;5;22;19395;unknown;sp;technology;4099.99;76.76;other;2018-03-02 08:33:32;2018-03-14 13:32:11;1900-01-01;2.5
288;19422;0;9;19422;unknown;sp;fashion;106.6;39.91;other;2018-06-29 18:52:27;2018-07-10 11:31:55;1900-01-01;2.0
289;19509;6;9;19509;unknown;sp;fashion;18.42;38.45;other;2018-04-02 23:09:18;2018-04-11 17:33:02;1900-01-01;1.0
290;19585;4;12;19585;unknown;sp;fashion;692.0;163.52;0;2017-10-13 01:39:09;2017-10-24 13:00:02;1900-01-01;1.0
291;19639;4;4;19639;sao bernardo do campo;sp;health;453.7;12.28;credit card;2018-04-06 19:54:30;2018-04-14 18:23:35;1900-01-01;4.5
292;19670;6;22;19670;sao paulo;sp;fashion;33.41;22.47;credit card;2017-12-27 20:58:14;2018-01-05 21:09:00;1900-01-01;1.0
293;19720;3;5;19720;unknown;sp;fashion;820.05;32.95;credit card;2017-08-19 18:27:16;2017-08-28 19:07:31;1900-01-01;2.0
294;19738;11;22;19738;unknown;mg;fashion;4099.99;64.09;other;2018-03-20 14:44:43;2018-04-04 20:58:37;1900-01-01;1.0
295;19801;10;15;19801;unknown;sp;fashion;87.0;30.24;other;2018-02-13 16:01:28;2018-02-19 20:20:44;2018-03-01;1.0
296;19824;7;13;19824;sao paulo;sp;fashion;164.98;72.67;other;2018-07-02 10:21:35;2018-07-07 22:22:26;1900-01-01;1.0
297;19827;8;22;19827;unknown;sp;technology;359.6;22.56;credit card;2017-01-29 20:03:45;2017-02-13 14:06:11;1900-01-01;3.5
298;19891;6;1;19891;belo horizonte;mg;technology;2899.0;96.55;credit card;2017-11-25 21:42:13;2017-12-11 16:43:11;2017-12-18;4.0
299;19987;2;19;19987;guarulhos;sp;health;100.0;56.92;credit card;2018-05-01 09:53:51;2018-05-11 00:47:45;1900-01-01;3.0
300;20008;1;3;20008;unknown;rj;health;358.8;12.35;credit card;2017-11-14 00:52:49;2017-11-24 19:32:25;1900-01-01;4.0
301;20194;5;10;20194;unknown;mg;toys;18.42;60.4;credit card;1900-01-01 00:00:00;1900-01-01 00:00:00;1900-01-01;1.0
302;20268;13;24;20268;unknown;sp;health;128.65;22.56;0;2017-06-02 22:47:50;2017-06-19 20:22:43;1900-01-01;1.0
303;20319;3;2;20319;unknown;sp;technology;564.99;47.55;credit card;2018-02-09 10:12:42;2018-02-15 12:09:28;1900-01-01;3.5
304;20327;10;6;20327;sao paulo;sp;fashion;26.99;23.6;0;2018-01-29 22:08:10;2018-01-31 23:26:48;2018-02-14;1.0
305;20406;1;16;20406;unknown;sp;fashion;18.1;11.87;credit card;2018-05-15 02:12:21;2018-05-16 17:08:59;1900-01-01;1.0
306;20502;6;22;20502;sao paulo;sp;0;509.99;0;credit card;2018-06-14 18:05:57;2018-06-20 15:34:52;1900-01-01;4.0
307;20536;4;11;20536;campinas;sp;health;72.4;13.8;credit card;2017-07-03 09:14:20;2017-07-11 20:32:43;1900-01-01;3.5
308;20544;1;16;20544;unknown;rs;health;692.0;46.76;credit card;2017-11-04 09:29:36;2017-11-21 21:47:04;2017-12-05;4.0
309;20545;5;8;20545;unknown;sp;technology;1029.99;16.06;credit card;1900-01-01 00:00:00;2018-01-25 17:02:49;1900-01-01;3.0
310;20580;11;5;20580;maringa;pr;fashion;0.85;82.12;other;2018-06-27 15:45:49;2018-07-03 18:56:50;1900-01-01;1.5
311;20587;2;17;20587;sao paulo;sp;technology;966.9;28.77;credit card;2017-10-04 10:29:31;2017-10-12 14:51:38;1900-01-01;4.5
312;20605;0;7;20605;belo horizonte;mg;health;188.8;19.2;other;2018-07-17 12:59:25;2018-07-25 14:04:58;2018-08-20;3.5
313;20610;9;23;20610;rio de janeiro;rj;fashion;9.95;116.88;credit card;2017-12-19 23:30:24;2017-12-22 19:53:21;1900-01-01;1.0
314;20641;7;0;20641;unknown;sp;health;56.7;1.64;credit card;2018-08-19 15:41:39;2018-08-24 14:48:54;1900-01-01;3.5
315;20707;12;21;20707;unknown;mg;sports;167.68;40.33;credit card;2018-01-09 12:53:44;1900-01-01 00:00:00;1900-01-01;2.0
316;20727;3;8;20727;sao paulo;sp;0;8.49;133.37;credit card;1900-01-01 00:00:00;2018-06-29 19:24:41;1900-01-01;1.0
317;20815;7;22;20815;unknown;sp;fashion;4099.99;44.73;credit card;2017-03-13 18:13:52;2017-03-16 06:12:06;1900-01-01;4.5
318;20864;1;22;20864;pelotas;rs;fashion;6.1;9.39;credit card;2018-03-11 23:15:51;2018-03-23 01:15:48;1900-01-01;1.0
319;20884;8;19;20884;rio de janeiro;rj;health;1055.9;61.1;other;2017-09-11 16:54:06;2017-09-25 18:16:49;1900-01-01;5.0
320;20980;1;3;20980;unknown;mg;fashion;33.41;29.87;other;2018-07-06 11:21:51;2018-07-16 17:41:48;2018-07-30;1.0
321;21106;14;0;21106;unknown;sp;fashion;108.9;38.63;credit card;2018-03-15 22:56:52;2018-03-20 18:11:50;2018-03-27;2.0
322;21119;4;7;21119;unknown;mg;health;60.63;17.44;other;2017-11-29 10:53:27;2017-12-14 00:46:14;1900-01-01;2.5
323;21141;13;4;21141;sao paulo;sp;toys;198.5;9.21;credit card;2018-01-18 18:22:22;2018-02-05 17:14:53;2018-02-14;4.5
324;21207;2;10;21207;unknown;mg;technology;126.69;47.55;credit card;2018-02-06 09:48:11;2018-02-16 13:58:56;1900-01-01;2.5
325;21365;1;6;21365;unknown;sp;fashion;231.27;43.52;credit card;2017-08-29 14:39:21;2017-09-05 21:47:56;1900-01-01;2.0
326;21522;1;22;21522;uberlandia;mg;valores em falta;83.36;47.55;credit card;2017-09-09 19:52:54;2017-09-13 20:17:41;1900-01-01;1.0
327;21547;4;19;21547;unknown;sp;health;65.06;6.08;credit card;2017-05-24 13:17:55;2017-05-26 08:33:09;1900-01-01;4.0
328;21813;11;15;21813;unknown;mg;fashion;18.04;63.92;other;2018-01-16 10:29:39;2018-01-24 21:58:09;1900-01-01;1.0
329;22059;4;19;22059;sao paulo;sp;fashion;8.8;123.8;credit card;2017-12-03 20:14:21;2017-12-14 20:22:50;2017-12-27;1.0
330;22071;4;7;22071;unknown;sp;sports;517.65;40.73;credit card;2018-06-05 22:44:05;2018-06-13 20:56:34;1900-01-01;2.0
331;22078;3;21;22078;sao paulo;sp;toys;153.75;32.34;other;2017-06-20 13:09:25;2017-06-23 13:02:52;2017-07-03;2.5
332;22129;3;5;22129;unknown;sp;technology;0;29.31;credit card;2018-04-14 12:12:34;2018-04-23 13:15:39;2018-04-26;2.5
333;22229;8;5;22229;unknown;sp;toys;13.7;23.05;other;2017-08-20 20:50:18;2017-08-28 19:33:59;2017-09-11;1.0
334;22269;4;20;22269;unknown;sp;health;189.99;47.61;credit card;2018-06-26 22:06:58;2018-06-30 15:24:27;1900-01-01;2.0
335;22286;0;9;22286;unknown;sp;sports;258.76;47.55;credit card;2018-04-06 16:47:38;1900-01-01 00:00:00;1900-01-01;3.0
336;22359;13;5;22359;santo andre;sp;technology;128.99;6.31;credit card;2018-01-31 09:30:15;2018-02-09 17:56:52;1900-01-01;4.0
337;22463;13;21;22463;sao paulo;sp;sports;497.99;32.34;credit card;2017-09-25 21:38:16;2017-09-27 16:14:07;2017-10-10;4.5
338;22480;6;17;22480;unknown;sp;fashion;125.46;35.01;credit card;1900-01-01 00:00:00;2017-09-18 20:22:27;1900-01-01;1.0
339;22540;8;13;22540;sao paulo;sp;technology;48.99;32.34;credit card;2017-11-21 16:22:07;2017-11-29 00:39:07;1900-01-01;3.0
340;22545;1;22;22545;porto alegre;rs;0;0;95.42;credit card;2017-06-08 10:49:42;2017-06-23 10:51:23;1900-01-01;1.5
341;22672;0;5;22672;unknown;sp;health;117.56;27.68;credit card;2018-06-03 09:48:48;2018-06-09 19:16:33;2018-07-05;1.0
342;22685;0;21;22685;sao paulo;sp;toys;238.64;34.33;other;2018-07-17 23:08:18;2018-07-27 21:05:30;1900-01-01;2.0
343;22960;6;9;22960;curitiba;pr;technology;1589.0;20.9;credit card;2017-08-31 09:24:23;2017-09-06 16:43:13;1900-01-01;4.5
344;23140;6;7;23140;unknown;sp;technology;849.5;39.7;credit card;2018-03-07 12:02:14;2018-03-08 16:04:44;1900-01-01;3.5
345;23194;9;16;23194;santo andre;sp;health;404.88;174.49;credit card;2017-10-01 17:19:18;1900-01-01 00:00:00;2017-10-19;3.0
346;23268;3;3;23268;sao paulo;sp;toys;95.03;59.62;credit card;2017-09-23 15:34:57;2017-10-01 14:14:50;1900-01-01;2.0
347;23284;4;3;23284;sao paulo;sp;fashion;50.21;78.2;credit card;2018-07-30 17:51:44;2018-08-02 01:21:37;2018-08-03;1.5
348;23323;0;17;23323;unknown;sp;toys;36.5;30.66;credit card;2018-02-04 11:05:32;2018-03-01 16:46:44;2018-03-01;1.5
349;23355;0;20;23355;unknown;sp;0;89.1;4.8;credit card;2018-07-18 11:02:45;2018-07-24 16:46:41;1900-01-01;3.0
350;23356;9;16;23356;sao paulo;sp;technology;252.99;50.83;credit card;2017-12-11 23:55:52;2017-12-19 00:28:26;1900-01-01;4.0
351;23670;9;11;23670;unknown;rj;technology;319.99;15.22;credit card;2017-07-27 11:50:33;2017-08-11 17:52:33;2017-08-22;4.5
352;23765;1;13;23765;porto alegre;rs;technology;403.9;52.64;other;2018-07-17 18:27:15;2018-07-28 00:58:37;1900-01-01;5.0
353;23861;8;11;23861;belo horizonte;mg;toys;820.05;23.71;credit card;2018-06-13 14:57:53;2018-06-18 18:03:38;1900-01-01;4.5
354;23966;3;8;23966;unknown;mg;fashion;71.25;41.85;credit card;2017-08-27 13:02:35;2017-09-06 21:16:11;1900-01-01;1.0
355;24194;8;19;24194;sao paulo;sp;toys;288.75;124.54;credit card;2017-11-28 12:01:21;2017-12-04 15:55:00;1900-01-01;3.0
356;24232;2;4;24232;unknown;pr;health;187.97;52.85;credit card;2018-08-05 17:34:26;2018-08-16 14:42:58;1900-01-01;2.0
357;24291;1;5;24291;unknown;sp;toys;264.5;53.29;credit card;2018-03-19 10:21:46;2018-03-29 23:09:34;1900-01-01;1.5
358;24304;0;6;24304;unknown;rs;health;24.62;11.31;credit card;2018-05-05 07:12:07;2018-05-11 23:04:39;1900-01-01;3.0
359;24445;1;3;24445;sao bernardo do campo;sp;fashion;127.77;30.24;other;2018-01-10 22:19:01;2018-01-15 18:12:11;1900-01-01;2.5
360;24491;12;13;24491;unknown;sp;toys;259.91;88.09;credit card;2018-05-14 16:47:21;2018-05-21 20:48:40;1900-01-01;1.0
361;24516;2;1;24516;sao paulo;sp;toys;100.0;123.02;other;2017-03-20 23:51:25;2017-03-27 15:53:00;1900-01-01;1.5
362;24626;12;1;24626;unknown;mg;sports;148.5;37.91;other;2017-12-02 12:19:20;2017-12-26 17:53:25;1900-01-01;1.0
363;24691;14;3;24691;unknown;sp;fashion;8.33;23.6;credit card;2018-02-23 11:02:29;2018-02-26 21:04:47;2018-03-09;1.0
364;24754;5;10;24754;unknown;sp;technology;49.38;28.09;credit card;2017-12-20 13:12:41;2018-01-04 17:17:25;2018-02-01;1.0
365;24786;7;8;24786;unknown;sp;health;110.25;3.41;credit card;2017-11-25 07:22:45;2017-12-07 00:44:56;1900-01-01;4.5
366;24817;1;7;24817;niteroi;rj;toys;231.27;63.86;other;2017-08-21 20:47:58;2017-09-09 16:13:50;1900-01-01;4.0
367;24863;4;1;24863;unknown;sp;health;43.97;28.61;credit card;2017-08-29 14:18:50;2017-09-04 22:04:15;1900-01-01;1.0
368;24907;0;0;24907;belo horizonte;mg;fashion;19.79;68.88;credit card;2017-09-16 21:48:11;2017-10-05 20:03:28;1900-01-01;1.5
369;24958;2;6;24958;unknown;rs;technology;171.9;51.29;credit card;2018-01-17 14:14:21;2018-01-23 22:59:28;2018-02-19;3.5
370;24998;11;1;24998;unknown;pr;fashion;304.99;6.87;credit card;2018-06-06 18:49:33;2018-06-22 15:05:01;1900-01-01;3.0
371;25006;2;22;25006;rio de janeiro;rj;sports;461.9;12.28;other;2018-06-15 07:43:54;2018-06-29 18:52:15;2018-07-27;5.0
372;25041;9;3;25041;sao paulo;sp;fashion;15.27;34.33;credit card;2018-04-12 11:03:44;2018-04-13 21:57:48;1900-01-01;1.0
373;25099;9;10;25099;rio de janeiro;rj;valores em falta;258.99;valores;credit card;2017-05-25 16:09:40;2017-06-05 12:50:07;1900-01-01;5.0
374;25290;1;1;25290;rio de janeiro;rj;technology;750.0;64.93;credit card;2018-02-15 16:08:06;2018-02-20 15:03:57;1900-01-01;5.0
375;25341;14;9;25341;sao paulo;sp;fashion;56.89;38.63;credit card;2018-04-25 19:43:19;2018-04-27 17:37:28;1900-01-01;2.0
376;25356;6;13;25356;0;mg;health;150.82;42.38;other;2018-02-08 16:06:58;2018-03-02 14:21:41;1900-01-01;2.0
377;25443;3;13;25443;unknown;sp;fashion;113.25;71.9;credit card;2018-02-05 19:14:46;2018-04-11 19:19:26;2018-03-16;1.5
378;25575;14;20;25575;unknown;mg;0;100.0;64.26;credit card;2018-05-15 21:13:41;2018-05-21 17:21:15;1900-01-01;1.0
379;25581;9;24;25581;belo horizonte;mg;health;0;14.25;credit card;2018-02-11 22:57:07;2018-03-02 00:45:14;1900-01-01;5.0
380;25628;7;0;25628;unknown;sp;health;889.9;39.6;credit card;2018-03-19 10:12:27;2018-03-26 19:59:36;1900-01-01;2.0
381;25658;9;16;25658;unknown;sp;toys;820.05;44.87;credit card;2018-06-10 10:31:40;2018-06-13 16:24:50;2018-06-20;3.0
382;25770;15;1;25770;unknown;rj;sports;399.2;47.55;credit card;2017-05-06 20:23:57;2017-05-24 05:47:52;2017-05-31;4.0
383;25915;1;7;25915;unknown;rj;health;966.9;17.52;credit card;2017-10-27 13:49:56;2017-11-07 22:41:51;1900-01-01;4.0
384;25952;8;1;25952;unknown;pr;toys;518.18;38.66;credit card;2017-11-24 21:24:29;2017-12-14 19:48:30;2017-12-21;2.0
385;25967;5;16;25967;juiz de fora;mg;technology;399.2;50.43;credit card;2018-07-23 18:40:15;2018-07-26 18:50:46;1900-01-01;4.0
386;26031;1;1;26031;unknown;pr;health;89.1;12.0;other;2018-01-28 11:50:41;2018-02-06 14:16:26;1900-01-01;2.0
387;26049;10;12;26049;unknown;pr;fashion;128.99;41.93;credit card;2017-12-11 18:25:03;2017-12-20 20:38:15;1900-01-01;1.0
388;26056;16;12;26056;niteroi;rj;sports;692.0;28.69;credit card;2018-06-10 19:58:49;2018-06-22 21:28:20;2018-07-12;5.0
389;26175;10;23;26175;sao paulo;sp;fashion;292.9;125.78;credit card;2018-07-09 00:04:47;2018-07-30 15:38:46;1900-01-01;1.0
390;26247;4;20;26247;sao paulo;sp;fashion;42.89;47.55;other;2018-01-18 10:48:40;2018-02-08 21:23:02;1900-01-01;1.0
391;26275;12;9;26275;belo horizonte;mg;toys;26.91;24.97;credit card;2018-08-04 11:57:45;2018-08-09 18:32:16;1900-01-01;2.5
392;26283;0;1;26283;unknown;mg;fashion;161.0;6.15;credit card;2018-03-12 16:10:40;2018-03-22 12:39:00;2018-04-04;3.0
393;26541;5;12;26541;unknown;pr;toys;68.0;6.87;credit card;2018-05-30 16:02:54;2018-06-19 13:58:32;1900-01-01;3.5
394;26642;4;22;26642;unknown;rs;sports;24.79;82.12;credit card;2018-05-15 08:42:18;2018-05-22 18:03:16;1900-01-01;1.0
395;26731;6;7;26731;sao paulo;sp;fashion;218.9;97.46;other;2018-04-10 21:18:01;2018-04-14 14:56:54;1900-01-01;2.0
396;26732;12;8;26732;sao bernardo do campo;sp;sports;789.89;32.34;other;2017-08-04 09:00:00;2017-08-08 18:17:00;1900-01-01;3.0
397;26757;17;16;26757;unknown;rs;toys;419.9;89.34;0;2018-05-20 19:44:25;2018-06-07 16:58:33;2018-07-03;4.0
398;27054;3;3;27054;unknown;pr;toys;419.9;70.82;credit card;2017-10-31 14:18:36;2017-11-27 20:17:19;2017-12-05;2.5
399;27085;0;10;27085;maringa;pr;toys;509.99;12.9;credit card;2017-05-17 20:31:55;2017-05-30 05:49:38;1900-01-01;5.0
400;27241;1;1;27241;unknown;sp;toys;78.73;38.98;credit card;2017-11-20 18:53:16;2017-11-28 20:44:51;1900-01-01;1.0
401;27288;4;13;27288;sao paulo;sp;0;399.2;36.97;credit card;2018-06-08 14:59:48;2018-06-13 22:14:30;2018-06-19;3.5
402;27313;8;2;27313;campinas;sp;technology;1094.04;58.02;credit card;2018-01-14 22:31:54;2018-01-22 16:03:40;2018-01-30;4.5
403;27355;2;22;27355;rio de janeiro;rj;0;175.25;valores;other;2018-06-01 21:35:14;2018-06-19 21:52:22;1900-01-01;4.5
404;27601;7;3;27601;sao paulo;sp;fashion;137.3;66.83;credit card;2017-07-16 18:19:25;2017-07-31 18:03:02;2017-07-28;2.0
405;27603;7;7;27603;rio de janeiro;rj;health;395.6;27.98;credit card;2017-11-24 18:30:43;2017-12-07 15:09:47;1900-01-01;5.0
406;27701;13;8;27701;unknown;sp;sports;692.0;6.08;credit card;2017-10-11 13:36:46;2017-10-13 20:09:31;1900-01-01;2.0
407;27736;4;16;27736;rio de janeiro;rj;health;71.8;12.59;credit card;2017-12-26 21:54:01;2018-01-08 16:52:34;2018-01-26;4.5
408;27762;14;7;27762;sao paulo;sp;fashion;13.97;37.33;credit card;2018-04-01 20:47:51;2018-04-04 20:39:19;1900-01-01;1.5
409;27907;9;23;27907;uberaba;mg;fashion;17.68;10.31;credit card;2017-11-24 21:03:03;2017-12-05 16:39:02;1900-01-01;2.5
410;27914;15;12;27914;rio de janeiro;rj;sports;71.8;61.25;credit card;2017-06-05 22:26:58;2017-06-13 06:18:03;1900-01-01;5.0
411;28093;0;5;28093;unknown;mg;health;47.33;32.88;credit card;2018-04-04 22:58:03;2018-04-10 19:31:15;1900-01-01;1.0
412;28144;2;6;28144;sao paulo;sp;health;100.0;32.8;other;2018-03-12 23:21:44;2018-03-28 14:21:51;1900-01-01;2.0
413;28177;7;9;28177;sao paulo;sp;fashion;42.3;101.63;credit card;2017-10-29 10:19:49;2017-11-13 14:59:09;1900-01-01;1.0
414;28230;6;15;28230;unknown;sp;0;34.39;0;credit card;2018-04-27 22:38:23;2018-05-04 19:22:28;1900-01-01;1.0
415;28233;9;12;28233;unknown;sp;fashion;44.95;62.02;credit card;2018-01-04 15:29:14;2018-01-09 19:16:34;1900-01-01;1.0
416;28291;8;5;28291;sao paulo;sp;technology;116.9;23.9;credit card;2018-06-21 12:10:25;2018-06-25 17:50:47;1900-01-01;3.5
417;28398;9;1;28398;sao paulo;sp;technology;145.99;10.85;credit card;2018-04-19 09:27:47;2018-04-23 21:46:54;2018-05-03;3.0
418;28444;2;20;28444;londrina;pr;toys;0;47.55;credit card;2018-01-04 12:52:13;2018-01-09 15:22:53;2018-02-01;3.5
419;28466;15;2;28466;sao paulo;sp;sports;329.2;34.33;other;1900-01-01 00:00:00;1900-01-01 00:00:00;1900-01-01;2.0
420;28554;0;14;28554;rio de janeiro;rj;fashion;42.89;52.83;credit card;2018-06-24 22:49:54;2018-06-27 12:51:00;1900-01-01;1.5
421;28637;0;5;28637;unknown;mg;fashion;34.0;12.22;credit card;2017-10-06 15:04:26;2017-10-16 20:33:27;1900-01-01;1.0
422;28701;3;13;28701;unknown;rs;technology;79.89;3.71;credit card;2018-04-27 17:27:04;2018-05-15 20:18:41;1900-01-01;4.5
423;28847;8;11;28847;sao bernardo do campo;sp;toys;18.04;7.77;credit card;2018-04-29 18:34:00;2018-05-03 18:06:33;1900-01-01;3.5
424;28857;0;9;28857;belo horizonte;mg;fashion;142.14;54.51;credit card;2018-06-11 08:33:53;2018-06-21 16:26:49;1900-01-01;3.5
425;28871;1;3;28871;unknown;sp;sports;399.2;11.09;credit card;2018-08-16 14:46:01;2018-08-22 23:32:18;1900-01-01;2.0
426;28887;3;16;28887;unknown;rs;fashion;30.95;16.93;credit card;2017-03-12 14:32:22;2017-03-28 14:15:41;1900-01-01;3.0
427;28929;7;14;28929;rio de janeiro;rj;fashion;65.06;63.2;other;2018-07-31 12:06:37;2018-08-06 16:14:38;1900-01-01;3.5
428;28941;11;23;28941;unknown;rj;fashion;95.03;49.93;credit card;2017-11-09 19:12:27;2017-11-27 20:26:36;1900-01-01;2.5
429;29009;5;1;29009;unknown;sp;toys;153.75;55.54;credit card;2017-04-21 09:11:44;2017-04-27 15:43:31;2017-05-11;2.0
430;29158;8;22;29158;unknown;sp;health;33.41;7.82;credit card;2018-03-03 17:40:56;2018-03-14 13:17:47;2018-03-26;2.5
431;29176;1;1;29176;unknown;sp;health;395.6;33.9;credit card;2017-07-20 09:15:19;2017-07-25 22:37:50;1900-01-01;2.5
432;29269;2;24;29269;campinas;sp;health;8.8;34.33;credit card;2018-05-17 16:41:26;2018-05-21 15:22:51;1900-01-01;1.0
433;29279;13;12;29279;sao paulo;sp;technology;779.9;61.32;other;2017-09-11 21:36:12;2017-09-14 18:32:30;2017-09-21;3.5
434;29290;13;17;29290;sao paulo;sp;sports;399.2;58.38;credit card;2017-12-21 04:47:03;2017-12-23 16:29:26;1900-01-01;4.0
435;29299;0;1;29299;sao paulo;sp;technology;2700.0;24.97;other;2018-07-04 15:15:27;2018-07-10 14:51:31;1900-01-01;3.0
436;29335;13;5;29335;unknown;sp;sports;48.99;21.98;credit card;2017-09-12 23:58:05;2017-09-21 18:14:10;1900-01-01;2.0
437;29463;4;20;29463;unknown;sp;health;1375.0;59.82;credit card;2018-06-03 18:44:31;2018-06-07 13:22:19;2018-07-11;3.0
438;29479;3;17;29479;juiz de fora;mg;fashion;31.99;34.4;credit card;2018-04-22 19:41:06;2018-05-14 18:19:37;2018-05-28;1.0
439;29486;6;7;29486;sao paulo;sp;sports;2139.99;48.32;credit card;2017-06-12 09:43:41;2017-06-19 14:07:49;2017-06-28;4.5
440;29501;9;19;29501;unknown;mg;0;395.6;59.82;other;2017-11-30 22:44:11;2017-12-27 20:10:12;1900-01-01;1.0
441;29507;8;0;29507;sao paulo;sp;toys;22.0;67.6;credit card;2018-08-10 12:50:30;2018-08-24 14:22:43;2018-09-05;1.0
442;29517;8;9;29517;unknown;sp;toys;564.99;20.9;credit card;2018-02-15 10:33:30;2018-02-24 19:15:56;1900-01-01;2.0
443;29571;13;10;29571;unknown;sp;toys;161.0;35.07;0;2018-07-06 23:09:15;2018-07-16 14:48:29;2018-07-27;2.5
444;29633;9;17;29633;unknown;sp;fashion;495.95;29.6;credit card;2018-04-02 09:35:34;2018-04-05 21:34:35;1900-01-01;2.5
445;29639;1;1;29639;unknown;mg;0;0;0;credit card;1900-01-01 00:00:00;2017-11-20 19:29:16;1900-01-01;1.5
446;29673;9;21;29673;unknown;sp;health;89.91;34.33;credit card;2018-05-16 17:20:12;2018-05-21 15:06:45;2018-05-24;2.5
447;30027;14;8;30027;0;0;fashion;80.0;30.66;valores em falta;2017-09-28 15:57:39;2017-10-04 23:17:41;1900-01-01;1.5
448;30241;2;12;30241;unknown;mg;toys;66.9;13.83;credit card;2018-01-08 22:25:26;2018-01-17 21:09:55;1900-01-01;1.0
449;30364;7;1;30364;unknown;mg;fashion;100.0;56.92;0;2018-04-30 09:34:18;2018-05-08 16:44:46;2018-05-16;1.5
450;30402;2;11;30402;unknown;rj;technology;159.9;4.24;other;2018-07-02 15:38:53;2018-07-11 19:20:34;1900-01-01;3.0
451;30407;3;9;30407;unknown;pr;fashion;56.89;16.29;other;2018-05-21 08:47:36;2018-06-11 20:36:25;2018-06-21;1.0
452;30566;3;3;30566;rio de janeiro;rj;fashion;11.77;110.14;other;2018-06-17 14:53:15;2018-06-26 20:35:41;1900-01-01;1.0
453;30683;13;22;30683;unknown;sp;health;820.0;55.54;credit card;2017-03-01 08:47:36;2017-03-14 11:17:28;1900-01-01;4.0
454;30703;3;3;30703;unknown;rj;technology;70.23;2.46;credit card;2017-03-26 13:16:52;2017-04-04 09:58:10;1900-01-01;4.5
455;30757;9;19;30757;porto alegre;0;health;1094.04;109.73;credit card;2018-04-30 18:55:04;2018-05-09 13:58:34;1900-01-01;5.0
456;30823;12;17;30823;unknown;sp;0;346.99;35.61;credit card;2018-02-12 10:12:54;2018-02-27 22:09:24;1900-01-01;2.0
457;31193;7;10;31193;sao paulo;sp;fashion;52.0;61.32;credit card;2017-03-25 11:51:39;2017-03-29 16:34:17;1900-01-01;1.0
458;31226;12;5;31226;unknown;sp;toys;319.29;21.91;credit card;2017-09-27 22:10:10;2017-10-11 23:42:48;1900-01-01;2.5
459;31253;3;18;31253;unknown;sp;toys;4099.99;53.16;other;2018-04-24 14:11:16;2018-04-30 15:47:00;1900-01-01;2.0
460;31282;7;15;31282;sao paulo;sp;fashion;46.2;113.01;credit card;2018-08-19 17:06:05;2018-08-23 01:32:04;1900-01-01;1.5
461;31294;3;13;31294;unknown;sp;fashion;56.89;16.32;other;2018-02-15 10:19:55;2018-02-28 14:49:22;1900-01-01;1.0
462;31376;2;2;31376;unknown;sp;sports;161.25;132.94;0;2018-08-15 16:58:08;2018-08-17 22:51:29;1900-01-01;1.0
463;31437;1;13;31437;sao paulo;sp;toys;76.9;13.51;credit card;2018-05-07 10:45:57;2018-05-16 21:22:30;1900-01-01;3.5
464;31453;5;21;31453;unknown;sp;toys;232.99;86.85;credit card;2018-06-26 00:41:04;2018-06-29 15:37:10;1900-01-01;2.5
465;31462;2;20;31462;cascavel;pr;toys;319.29;339.59;credit card;2018-05-08 12:30:32;2018-05-15 16:46:52;1900-01-01;1.0
466;31521;14;3;31521;sao paulo;sp;fashion;34.36;44.33;other;2018-01-06 17:14:01;2018-01-12 20:46:49;1900-01-01;1.0
467;31589;6;22;31589;unknown;rj;fashion;87.99;6.15;credit card;2018-04-08 11:42:18;2018-04-17 17:52:30;2018-04-30;4.0
468;31720;1;0;31720;unknown;sp;fashion;26.68;36.72;credit card;2018-04-25 10:36:59;2018-05-03 19:54:53;2018-05-23;1.0
469;31796;1;12;31796;unknown;sp;fashion;35.35;25.4;credit card;2018-08-12 19:56:59;2018-08-21 23:28:51;1900-01-01;1.0
470;31798;4;6;31798;unknown;sp;sports;152.72;10.85;other;2018-05-11 17:22:20;2018-05-17 23:27:58;2018-05-24;1.0
471;31841;2;12;31841;unknown;rj;valores em falta;valores;0;credit card;1900-01-01 00:00:00;1900-01-01 00:00:00;1900-01-01;4.5
472;31887;1;5;31887;unknown;rj;fashion;29.97;113.45;credit card;2018-05-09 20:52:27;2018-06-01 19:04:10;2018-06-06;1.5
473;31899;7;9;31899;unknown;pr;fashion;109.82;25.87;other;2018-04-23 20:23:04;2018-05-03 18:39:48;2018-05-17;1.0
474;31945;13;3;31945;unknown;pr;technology;411.0;67.26;other;2018-03-07 14:01:51;2018-03-30 00:58:26;2018-04-02;3.0
475;31999;5;1;31999;sao paulo;sp;toys;330.99;43.34;credit card;2018-06-06 17:22:52;2018-06-08 19:59:36;1900-01-01;3.0
476;32044;0;6;32044;unknown;rs;sports;153.75;59.68;credit card;2017-07-05 16:05:20;2017-07-14 18:32:55;1900-01-01;4.5
477;32063;12;5;32063;unknown;mg;sports;26.77;35.92;credit card;2018-01-30 21:08:20;2018-02-17 00:28:00;1900-01-01;1.0
478;32076;17;11;32076;unknown;sp;toys;15.9;10.56;credit card;2017-11-30 19:49:47;2018-01-03 17:10:59;1900-01-01;1.0
479;32082;0;3;32082;unknown;sp;technology;199.1;23.71;credit card;2018-01-11 16:20:12;2018-01-29 19:48:57;2018-02-21;2.5
480;32100;9;0;32100;unknown;mg;fashion;10.1;8.55;credit card;2018-07-09 08:54:35;2018-07-13 22:48:34;1900-01-01;1.5
481;32110;9;7;32110;unknown;mg;health;139.79;6.54;credit card;2017-08-08 21:39:52;2017-08-17 20:56:36;2017-09-01;2.5
482;32144;5;10;32144;sao paulo;sp;technology;128.99;12.59;credit card;2018-01-15 02:39:35;2018-02-02 16:33:46;1900-01-01;4.5
483;32160;14;15;32160;belo horizonte;mg;0;15.94;valores;credit card;2018-02-14 17:51:11;2018-03-02 23:11:24;1900-01-01;1.0
484;32182;5;17;32182;sao paulo;sp;technology;319.29;16.12;credit card;2017-11-10 13:42:22;2017-11-22 14:12:32;2017-12-05;4.5
485;32222;9;12;32222;niteroi;rj;fashion;12.19;73.11;credit card;1900-01-01 00:00:00;1900-01-01 00:00:00;1900-01-01;1.0
486;32306;13;4;32306;sao paulo;sp;toys;453.7;30.5;other;2018-07-02 09:34:13;2018-07-10 22:22:44;2018-07-23;2.0
487;32330;1;1;32330;unknown;sp;fashion;91.33;38.48;credit card;2017-12-12 12:11:59;2017-12-18 19:38:34;1900-01-01;1.0
488;32347;1;5;32347;sao paulo;sp;toys;692.0;2.75;credit card;2017-07-17 20:15:39;2017-07-26 03:13:31;1900-01-01;5.0
489;32401;6;5;32401;unknown;sp;sports;728.0;37.8;other;2018-04-08 18:01:46;2018-04-13 15:37:51;1900-01-01;2.0
490;32465;2;7;32465;sao paulo;sp;sports;156.9;30.46;credit card;2017-12-11 23:18:08;2017-12-27 14:38:42;1900-01-01;4.5
491;32516;4;5;32516;unknown;rs;fashion;28.55;38.98;credit card;2018-02-24 12:48:15;2018-03-12 18:36:43;2018-03-28;1.0
492;32521;5;5;32521;uberaba;mg;toys;475.0;161.82;credit card;2017-07-27 16:11:58;2017-08-02 22:43:53;1900-01-01;2.0
493;32533;9;19;32533;unknown;rs;health;86.96;6.54;credit card;2018-06-23 22:12:28;2018-07-09 20:20:43;1900-01-01;4.5
494;32695;9;11;32695;unknown;sp;health;319.29;33.22;credit card;2017-09-20 13:05:16;2017-09-29 19:53:03;1900-01-01;2.0
495;32902;10;6;32902;sao paulo;sp;fashion;509.99;5.88;other;2018-02-05 16:42:37;2018-02-21 20:17:01;2018-03-01;2.5
496;32914;9;2;32914;unknown;sp;technology;125.46;22.18;credit card;2018-01-29 20:32:55;2018-02-09 12:59:02;1900-01-01;3.5
497;33003;6;12;33003;unknown;sp;sports;59.88;34.33;credit card;2018-05-01 14:14:10;2018-05-04 16:09:05;1900-01-01;1.0
498;33165;12;5;33165;unknown;sp;sports;490.9;1.87;credit card;2017-11-01 22:25:54;2017-11-14 19:33:15;2017-11-27;2.0
499;33376;1;9;33376;unknown;pr;sports;179.38;21.82;credit card;2017-02-09 11:01:15;2017-02-15 11:54:38;1900-01-01;4.5
500;33392;1;3;33392;unknown;sp;fashion;56.89;133.85;credit card;2018-04-24 15:34:22;2018-05-04 20:09:00;2018-05-21;1.0
501;33410;9;3;33410;unknown;sp;toys;144.89;38.66;credit card;2017-05-10 16:04:38;2017-05-17 16:25:59;2017-06-02;2.5
502;33422;0;12;33422;unknown;sp;toys;152.72;30.66;other;2017-06-09 13:52:07;2017-06-19 11:53:36;1900-01-01;2.5
503;33505;5;24;33505;porto alegre;rs;technology;212.9;26.14;other;2017-08-21 00:05:16;2017-08-25 21:21:29;1900-01-01;4.5
504;33613;7;7;33613;unknown;sp;fashion;17.6;29.06;credit card;1900-01-01 00:00:00;2017-02-13 16:05:11;1900-01-01;1.0
505;33623;6;21;33623;unknown;mg;fashion;820.0;23.71;credit card;2018-08-10 10:11:40;2018-08-15 15:27:49;1900-01-01;3.5
506;33809;6;1;33809;rio de janeiro;rj;technology;130.9;125.47;credit card;2018-03-15 23:38:37;2018-03-26 15:08:40;1900-01-01;4.5
507;33955;5;20;33955;campinas;sp;technology;966.9;58.49;credit card;2018-07-25 06:18:20;2018-08-07 16:38:51;1900-01-01;4.5
508;33984;9;19;33984;unknown;sp;fashion;266.55;50.28;credit card;2018-04-04 23:35:19;2018-04-11 18:19:10;2018-04-26;3.0
509;34473;6;7;34473;campinas;sp;sports;401.34;36.86;credit card;2017-03-30 17:24:38;2017-04-11 12:53:37;1900-01-01;4.5
510;34617;9;5;34617;unknown;sp;technology;820.0;60.07;other;2018-03-23 16:36:35;2018-03-29 01:29:44;2018-04-05;3.0
511;34618;0;17;34618;unknown;rj;sports;2400.0;47.61;other;2018-07-15 20:37:57;2018-07-26 19:05:30;1900-01-01;3.0
512;34624;0;9;34624;unknown;mg;health;319.29;214.86;other;2017-11-16 12:30:55;2017-12-04 19:46:56;1900-01-01;1.0
513;34629;0;22;34629;sao paulo;sp;fashion;76.6;34.33;credit card;1900-01-01 00:00:00;1900-01-01 00:00:00;2018-07-18;2.5
514;34637;14;1;34637;unknown;sp;fashion;148.5;65.59;other;2018-04-13 09:50:29;2018-04-23 21:09:44;1900-01-01;1.5
515;34682;13;7;34682;unknown;sp;0;354.9;11.39;credit card;2018-05-05 14:32:51;1900-01-01 00:00:00;1900-01-01;3.0
516;34814;8;5;34814;unknown;mg;health;188.8;6.87;credit card;2017-12-18 18:37:30;2017-12-27 19:22:28;1900-01-01;2.5
517;34990;1;20;34990;sao paulo;sp;toys;77.08;29.27;credit card;2017-10-16 12:18:33;2017-10-23 17:45:05;1900-01-01;3.5
518;35024;7;8;35024;unknown;pr;fashion;184.9;45.73;other;2017-05-11 13:22:02;2017-05-24 17:24:50;1900-01-01;1.0
519;35099;2;0;35099;sao paulo;sp;sports;109.82;4.52;other;2018-07-10 18:13:28;2018-07-30 18:42:13;2018-08-01;3.0
520;35166;14;6;35166;sao paulo;sp;fashion;18.04;21.65;credit card;1900-01-01 00:00:00;2018-08-13 14:50:44;1900-01-01;1.0
521;35249;1;1;35249;unknown;sp;fashion;159.9;39.95;other;2018-02-26 14:09:57;2018-03-06 22:38:53;1900-01-01;1.0
522;35271;11;6;35271;unknown;sp;fashion;28.58;61.16;credit card;2018-08-06 02:58:06;2018-08-13 21:41:52;1900-01-01;1.0
523;35315;10;7;35315;cascavel;pr;fashion;23.1;47.92;credit card;2018-03-24 17:26:26;2018-03-31 16:38:25;1900-01-01;1.0
524;35321;3;16;35321;rio de janeiro;rj;technology;34.0;12.22;other;2018-02-14 21:17:34;2018-03-17 19:12:51;1900-01-01;1.0
525;35418;7;1;35418;unknown;sp;fashion;104.4;126.47;credit card;2018-01-10 21:06:26;2018-01-27 14:37:48;1900-01-01;1.0
526;35479;10;0;35479;curitiba;pr;fashion;820.0;38.66;other;2017-08-17 16:52:27;2017-08-23 15:16:36;1900-01-01;3.0
527;35500;9;7;35500;unknown;rj;health;1094.04;104.08;credit card;2018-07-14 16:42:34;2018-07-21 19:42:36;2018-07-31;4.5
528;35755;3;23;35755;uberlandia;mg;fashion;76.99;38.94;credit card;2017-07-20 10:25:46;2017-08-01 20:59:56;1900-01-01;1.0
529;35814;9;10;35814;rio de janeiro;rj;sports;692.0;46.76;other;2017-09-13 12:52:01;2017-10-02 17:29:10;2017-10-09;5.0
530;35923;1;19;35923;rio de janeiro;rj;health;639.0;48.35;credit card;2017-04-03 19:20:39;2017-04-13 18:42:25;2017-05-04;5.0
531;35978;8;8;35978;rio de janeiro;rj;technology;966.9;0;credit card;2017-04-26 17:02:12;2017-05-25 11:11:56;1900-01-01;5.0
532;36137;9;20;36137;unknown;mg;health;56.89;82.12;credit card;1900-01-01 00:00:00;1900-01-01 00:00:00;1900-01-01;1.0
533;36175;3;5;36175;sao paulo;sp;technology;95.17;23.7;credit card;2018-05-01 11:04:20;2018-05-21 11:26:39;2018-05-25;4.0
534;36200;7;17;36200;rio de janeiro;rj;health;45.83;24.79;credit card;2018-08-20 17:04:34;2018-08-29 16:41:59;1900-01-01;4.0
535;36273;6;4;36273;unknown;sp;health;44.63;11.39;credit card;2018-04-23 14:57:13;2018-05-03 00:51:52;1900-01-01;3.5
536;36396;0;3;36396;rio de janeiro;rj;technology;319.29;36.46;other;2017-11-10 16:54:13;2017-11-21 23:26:35;1900-01-01;4.5
537;36397;11;17;36397;unknown;rj;fashion;145.99;63.1;credit card;2018-03-27 08:43:54;2018-05-02 23:59:00;1900-01-01;1.0
538;36507;0;4;36507;unknown;mg;technology;274.49;24.23;credit card;2018-03-04 19:19:26;2018-04-09 19:48:46;2018-04-02;1.0
539;36810;8;22;36810;unknown;rj;health;49.38;58.65;other;1900-01-01 00:00:00;1900-01-01 00:00:00;1900-01-01;1.0
540;36812;0;11;36812;unknown;sp;technology;509.99;6.08;credit card;2017-10-13 02:07:11;2017-10-16 18:03:57;1900-01-01;3.0
541;36883;13;21;36883;unknown;mg;technology;49.98;21.98;credit card;2017-08-21 21:32:06;2017-09-01 17:57:54;1900-01-01;2.0
542;36938;8;7;36938;unknown;sp;toys;56.89;227.57;other;2017-07-02 14:38:35;2017-07-12 18:36:02;1900-01-01;1.5
543;37087;1;0;37087;unknown;pr;fashion;692.0;46.76;credit card;2017-05-08 23:21:34;2017-06-16 11:11:50;2017-06-07;1.0
544;37116;13;10;37116;unknown;sp;technology;28.82;9.1;credit card;2017-10-23 15:16:58;2017-10-31 22:23:42;2017-11-16;1.0
545;37162;9;1;37162;sao paulo;sp;toys;264.5;60.07;credit card;2018-05-11 00:09:19;2018-05-14 19:51:59;2018-05-21;2.0
546;37192;10;10;37192;unknown;mg;fashion;36.5;1.64;credit card;2018-08-20 10:38:17;2018-08-24 23:04:47;1900-01-01;2.0
547;37227;9;1;37227;nova iguacu;rj;technology;1514.0;44.11;other;2018-02-16 16:30:42;2018-02-28 21:56:45;1900-01-01;4.5
548;37267;1;5;37267;sao paulo;sp;sports;15.89;34.33;credit card;2018-06-12 19:14:34;2018-06-14 19:21:55;1900-01-01;1.0
549;37364;2;7;37364;rio de janeiro;rj;health;2799.65;33.35;credit card;2018-05-12 13:50:23;2018-05-18 18:29:01;2018-06-20;5.0
550;37391;4;1;37391;unknown;rj;technology;91.33;70.34;credit card;2017-02-05 18:57:32;2017-02-15 08:07:38;1900-01-01;4.5
551;37400;7;22;37400;unknown;pr;fashion;42.89;63.1;other;2018-03-17 16:57:38;2018-03-27 20:54:52;1900-01-01;1.0
552;37433;6;5;37433;0;mg;health;194.0;0.07;credit card;2018-08-13 12:05:52;2018-08-18 05:34:27;2018-08-22;4.5
553;37506;3;2;37506;sao paulo;sp;technology;42.2;45.41;credit card;2018-05-08 16:53:32;2018-05-16 19:04:28;1900-01-01;1.0
554;37621;5;8;37621;juiz de fora;mg;technology;236.52;92.03;other;2018-05-10 17:49:54;2018-05-19 00:10:45;1900-01-01;3.5
555;37622;5;9;37622;unknown;sp;toys;178.99;42.02;credit card;2018-05-12 21:50:00;2018-05-18 18:04:10;1900-01-01;2.0
556;37623;10;14;37623;sao paulo;sp;fashion;107.63;26.02;credit card;2017-07-24 22:11:50;2017-07-31 16:59:58;2017-08-15;3.0
557;37646;2;0;37646;unknown;mg;sports;141.4;6.87;other;2018-07-26 22:42:46;2018-08-07 15:18:43;2018-08-14;2.0
558;37660;4;17;37660;unknown;mg;sports;419.9;15.93;credit card;2018-08-20 17:16:49;2018-08-29 19:06:50;1900-01-01;2.0
559;37692;10;13;37692;sao goncalo;rj;fashion;66.0;70.82;credit card;2018-01-22 18:01:40;2018-02-05 20:53:02;1900-01-01;1.0
560;37892;6;22;37892;unknown;sp;technology;249.5;50.28;credit card;2018-04-04 09:12:02;2018-04-10 15:38:49;1900-01-01;2.0
561;38044;8;12;38044;cascavel;pr;technology;77.07;21.31;other;2018-08-15 19:30:07;2018-08-27 16:55:37;2018-08-31;2.0
562;38052;8;1;38052;unknown;sp;toys;71.25;13.58;other;2017-03-23 14:07:06;2017-04-03 13:37:45;1900-01-01;2.0
563;38061;9;10;38061;rio de janeiro;rj;toys;71.8;24.23;credit card;2017-11-02 21:17:47;2017-11-08 19:14:01;1900-01-01;4.5
564;38083;15;17;38083;unknown;sp;sports;969.99;141.36;credit card;2018-02-26 21:44:20;2018-03-17 00:51:35;1900-01-01;4.5
565;38209;12;1;38209;sao paulo;sp;sports;167.0;50.28;credit card;2018-03-08 10:43:22;2018-03-16 23:28:48;2018-03-26;2.0
566;38213;2;17;38213;rio de janeiro;rj;sports;579.75;42.48;credit card;2017-07-19 18:45:11;2017-07-28 20:33:41;2017-08-11;5.0
567;38300;1;21;38300;sao bernardo do campo;sp;toys;113.49;9.49;credit card;2018-03-31 17:40:49;2018-04-05 20:21:44;2018-04-18;3.0
568;38399;6;19;38399;unknown;sp;fashion;38.48;87.83;credit card;2017-04-27 20:35:28;2017-05-09 09:11:25;2017-06-01;1.0
569;38431;10;22;38431;sao paulo;sp;fashion;24.1;32.34;other;2017-10-02 14:18:49;2017-10-06 21:24:43;1900-01-01;1.5
570;38479;5;5;38479;rio de janeiro;rj;technology;273.0;68.02;credit card;2017-09-05 09:45:57;2017-09-13 23:45:00;1900-01-01;4.5
571;38494;6;10;38494;niteroi;rj;fashion;91.3;170.86;other;2018-02-06 18:21:30;2018-02-16 18:32:12;1900-01-01;1.0
572;38595;9;6;38595;unknown;sp;fashion;231.27;43.28;other;2018-07-14 00:41:01;2018-07-23 13:58:56;1900-01-01;2.0
573;38719;16;2;38719;unknown;mg;sports;36.5;47.55;credit card;2018-01-12 13:14:51;2018-01-23 16:09:51;2018-02-09;1.5
574;38851;13;11;38851;rio de janeiro;rj;health;74.5;137.13;credit card;2017-07-15 11:13:09;2017-07-28 18:16:25;2017-08-08;1.0
575;38983;10;1;38983;sao paulo;sp;fashion;49.38;66.93;credit card;2017-08-28 20:24:53;2017-08-31 16:52:02;2017-09-14;1.5
576;39011;1;8;39011;unknown;sp;fashion;47.6;valores;credit card;2018-03-30 16:27:56;2018-04-13 23:28:32;1900-01-01;1.0
577;39027;4;1;39027;porto alegre;rs;health;344.0;83.54;credit card;2018-05-30 09:03:01;2018-06-05 17:19:35;1900-01-01;5.0
578;39272;0;7;39272;unknown;mg;fashion;128.9;70.82;credit card;2018-03-05 10:43:53;2018-03-28 12:03:56;1900-01-01;1.0
579;39309;4;5;39309;unknown;pr;health;42.89;2.46;credit card;2017-02-03 16:25:13;2017-02-10 10:51:54;1900-01-01;4.0
580;39311;6;0;39311;unknown;sp;fashion;692.0;2.75;credit card;2017-08-21 17:46:25;2017-08-24 13:44:36;1900-01-01;3.0
581;39356;3;7;39356;sao paulo;sp;fashion;76.6;70.34;credit card;2017-03-23 12:27:53;2017-03-29 13:47:17;1900-01-01;2.0
582;39364;0;10;39364;curitiba;pr;fashion;23.1;31.99;credit card;2018-03-06 17:21:09;2018-03-27 18:48:47;1900-01-01;1.0
583;39378;3;2;39378;curitiba;pr;technology;59.49;10.98;credit card;2018-04-15 22:28:24;2018-04-25 21:42:07;1900-01-01;3.5
584;39409;12;17;39409;campinas;sp;sports;234.83;48.58;other;2018-08-07 11:30:03;2018-08-15 16:32:28;1900-01-01;2.0
585;39446;4;5;39446;sao bernardo do campo;sp;fashion;145.99;161.82;credit card;2018-02-08 08:21:11;2018-02-16 20:43:51;1900-01-01;1.0
586;39505;12;19;39505;sao paulo;sp;toys;0;valores;credit card;2017-04-02 11:52:40;2017-04-07 12:09:34;1900-01-01;4.5
587;39654;13;5;39654;unknown;sp;sports;849.5;44.07;credit card;2017-04-24 19:31:14;2017-05-17 15:56:57;2017-05-15;2.0
588;39661;2;21;39661;belo horizonte;mg;sports;358.8;65.03;credit card;2018-06-26 12:08:57;2018-07-02 22:37:58;2018-07-20;3.5
589;39702;3;11;39702;unknown;sp;toys;420.07;78.07;credit card;2017-02-28 12:20:53;2017-03-09 15:48:15;1900-01-01;3.5
590;39714;17;22;39714;unknown;rj;toys;236.52;30.69;other;2018-06-12 11:00:26;2018-06-23 00:03:41;1900-01-01;4.5
591;39781;5;3;39781;sao paulo;sp;toys;527.9;30.16;other;2018-08-14 16:08:22;2018-08-17 20:02:19;1900-01-01;2.0
592;39908;3;17;39908;sao paulo;sp;fashion;56.89;7.56;credit card;2017-11-05 15:57:07;2017-11-18 16:38:43;2017-11-27;4.0
593;39984;8;7;39984;sao goncalo;rj;technology;154.0;38.78;credit card;2018-06-03 21:19:21;2018-06-23 11:26:41;1900-01-01;5.0
594;40059;0;11;40059;unknown;sp;health;113.3;91.24;other;2017-06-19 14:31:01;2017-06-26 13:52:08;1900-01-01;1.0
595;40065;4;22;40065;unknown;mg;fashion;457.99;14.68;credit card;2017-05-16 18:41:49;2017-05-30 15:08:56;1900-01-01;3.0
596;40136;0;7;40136;unknown;sp;technology;820.0;5.59;credit card;2018-02-06 23:32:19;2018-02-09 20:53:30;1900-01-01;2.5
597;40226;13;22;40226;unknown;rs;technology;399.2;50.15;credit card;2018-06-16 19:54:35;2018-06-28 18:21:13;2018-07-27;4.5
598;40329;14;8;40329;unknown;sp;fashion;53.99;67.11;credit card;2017-06-09 11:21:19;2017-06-19 17:14:42;1900-01-01;1.0
599;40455;1;22;40455;unknown;sp;technology;564.99;20.51;credit card;2017-09-13 22:55:58;1900-01-01 00:00:00;1900-01-01;2.5
600;40510;14;5;40510;unknown;sp;fashion;22.95;128.47;credit card;2018-08-07 21:31:29;2018-08-13 18:12:03;2018-08-17;1.0
601;40511;0;6;40511;unknown;mg;fashion;56.89;7.56;credit card;2017-05-06 17:47:06;2017-05-22 17:36:57;1900-01-01;3.0
602;40518;8;24;40518;unknown;mg;technology;257.6;2.46;credit card;2017-03-03 20:39:32;2017-03-13 13:14:59;2017-03-27;3.0
603;40543;1;14;40543;unknown;sp;fashion;194.0;20.91;credit card;2017-07-27 13:19:29;2017-08-02 18:43:07;1900-01-01;3.0
604;40730;6;5;40730;rio de janeiro;rj;technology;97.88;33.35;credit card;2017-10-01 20:48:40;2017-10-14 12:33:34;1900-01-01;5.0
605;40768;0;1;40768;unknown;sp;0;0;0;other;2017-06-29 17:45:24;2017-08-03 16:35:47;1900-01-01;1.0
606;40965;0;7;40965;unknown;sp;fashion;692.0;48.34;credit card;2017-07-12 07:44:44;2017-07-19 14:53:34;1900-01-01;3.0
607;41011;6;5;41011;unknown;sp;fashion;966.9;1.05;credit card;2018-05-26 16:54:05;2018-06-08 16:28:51;2018-06-28;3.0
608;41025;9;3;41025;sao paulo;sp;0;valores;0;other;1900-01-01 00:00:00;2018-08-16 13:38:42;1900-01-01;valores em falta
609;41040;15;1;41040;unknown;mg;sports;185.94;52.93;credit card;2018-08-03 08:50:46;2018-08-04 12:32:48;1900-01-01;2.5
610;41086;16;16;41086;unknown;mg;sports;692.0;48.82;credit card;2017-11-07 18:03:01;2017-11-10 20:07:55;1900-01-01;2.0
611;41115;4;3;41115;sao paulo;sp;fashion;17.33;18.01;credit card;2017-06-08 16:18:31;2017-06-19 15:08:55;2017-06-29;1.0
612;41138;0;17;41138;unknown;rs;technology;139.79;47.35;credit card;2017-08-12 23:12:48;2017-08-21 19:57:21;1900-01-01;3.5
613;41219;1;22;41219;sao paulo;sp;sports;376.0;18.76;credit card;2017-03-22 12:58:27;2017-03-27 12:39:06;2017-04-10;4.5
614;41437;0;0;41437;sao paulo;sp;technology;820.0;32.34;credit card;2017-05-15 00:59:39;2017-05-18 12:33:34;1900-01-01;4.5
615;41447;0;20;41447;unknown;sp;fashion;0.85;7.54;other;2018-08-01 12:11:48;2018-08-07 16:59:49;1900-01-01;1.0
616;41473;0;1;41473;niteroi;rj;health;42.79;5.41;credit card;2018-06-03 23:24:03;2018-06-13 21:07:37;1900-01-01;5.0
617;41557;5;20;41557;unknown;mg;toys;640.0;26.52;credit card;2018-03-15 00:40:57;2018-03-26 21:41:33;2018-04-06;2.0
618;41708;6;2;41708;sao paulo;sp;technology;399.2;30.66;credit card;2017-06-18 22:56:48;2017-06-23 12:55:50;1900-01-01;4.0
619;41753;1;13;41753;unknown;sp;health;279.77;45.57;credit card;2018-02-26 08:35:13;2018-03-13 18:22:54;1900-01-01;valores em falta
620;41834;12;7;41834;unknown;rj;health;122.3;0;0;2018-06-12 08:59:54;2018-06-25 16:08:40;1900-01-01;4.5
621;41896;4;22;41896;unknown;sp;health;23.95;21.25;credit card;2018-04-01 12:57:16;2018-04-04 22:08:38;2018-04-12;1.0
622;42047;8;3;42047;sao paulo;sp;technology;83.36;13.92;credit card;2017-07-22 22:19:02;2017-07-31 12:33:06;1900-01-01;4.0
623;42073;0;5;42073;unknown;rj;sports;95.03;15.48;credit card;1900-01-01 00:00:00;2018-06-12 17:28:54;2018-07-19;4.0
624;42127;14;15;42127;sao paulo;sp;fashion;18.04;111.38;credit card;2018-08-12 13:01:30;2018-08-17 22:48:39;1900-01-01;1.0
625;42154;4;7;42154;unknown;mg;fashion;1549.0;45.27;other;2018-06-20 09:09:04;2018-06-28 12:54:48;1900-01-01;2.0
626;42247;3;5;42247;unknown;sp;fashion;126.69;32.34;credit card;2017-10-19 06:43:24;2017-11-03 18:52:28;1900-01-01;2.0
627;42339;0;5;42339;sao paulo;sp;health;224.9;11.4;credit card;2017-05-10 00:37:53;2017-05-15 10:53:11;1900-01-01;5.0
628;42432;16;10;42432;rio de janeiro;rj;sports;509.99;20.9;credit card;2018-02-14 11:54:55;2018-02-19 15:43:36;1900-01-01;5.0
629;42465;4;13;42465;sao paulo;sp;fashion;129.7;83.1;other;2017-05-19 14:25:52;2017-05-29 15:32:39;1900-01-01;1.0
630;42480;1;10;42480;campinas;sp;technology;820.05;133.37;credit card;2018-07-24 16:15:19;2018-08-04 10:54:56;1900-01-01;4.5
631;42496;1;1;42496;unknown;sp;toys;2130.0;133.52;other;2018-04-03 12:39:58;2018-04-05 22:12:48;1900-01-01;1.5
632;42525;4;23;42525;unknown;rj;fashion;1589.0;38.66;other;2018-03-02 20:37:29;2018-05-09 23:08:44;1900-01-01;1.5
633;42630;9;12;42630;rio de janeiro;rj;health;102.28;42.49;credit card;2017-05-10 13:17:10;2017-05-30 09:42:28;1900-01-01;5.0
634;42750;2;17;42750;sao paulo;sp;technology;71.99;40.27;credit card;2018-04-05 21:00:26;2018-04-11 18:02:36;1900-01-01;2.0
635;42827;12;12;42827;belo horizonte;mg;sports;135.13;12.28;credit card;2018-06-01 23:00:45;2018-06-11 22:27:30;1900-01-01;3.5
636;42939;16;13;42939;unknown;mg;sports;188.8;14.0;credit card;2018-06-24 09:57:00;2018-06-29 20:42:45;1900-01-01;2.0
637;43001;9;13;43001;unknown;sp;fashion;89.56;72.16;credit card;2018-02-27 10:55:44;2018-03-13 21:32:23;2018-03-29;1.0
638;43044;1;20;43044;unknown;rj;toys;52.9;24.11;credit card;2017-11-20 10:59:31;2017-11-30 21:34:38;1900-01-01;3.5
639;43131;16;1;43131;sao paulo;sp;sports;18.1;64.35;credit card;2018-07-19 11:57:58;2018-07-23 18:06:27;1900-01-01;1.0
640;43312;4;12;43312;sao paulo;0;fashion;50.4;0;credit card;2017-12-03 17:07:46;2017-12-10 16:59:30;1900-01-01;2.5
641;43409;3;3;43409;guarulhos;sp;fashion;58.1;321.46;credit card;2018-07-21 16:11:57;2018-07-27 15:14:31;1900-01-01;1.0
642;43416;0;15;43416;sao paulo;sp;fashion;802.14;37.29;other;2017-12-05 11:23:29;2017-12-08 21:43:02;1900-01-01;2.0
643;43505;13;22;43505;guarulhos;sp;toys;162.38;20.9;other;2018-02-23 10:37:40;2018-03-07 00:06:36;1900-01-01;4.0
644;43524;13;17;43524;unknown;sp;sports;188.8;44.5;credit card;2017-05-09 14:38:00;2017-05-15 17:04:41;1900-01-01;2.0
645;43546;9;1;43546;sao paulo;sp;toys;35.35;66.9;other;2017-11-23 17:58:39;2017-12-11 16:07:50;1900-01-01;1.0
646;43882;17;5;43882;unknown;sp;toys;170.7;30.01;credit card;2017-09-18 18:53:15;2017-09-22 20:56:45;1900-01-01;2.5
647;43930;4;3;43930;duque de caxias;rj;fashion;35.09;79.88;other;2017-06-05 00:32:17;2017-06-28 12:06:34;2017-06-28;1.0
648;43932;1;5;43932;rio de janeiro;rj;health;48.95;8.52;credit card;2017-07-19 12:39:52;2017-08-04 17:04:20;1900-01-01;5.0
649;43940;6;7;43940;unknown;sp;health;999.87;32.34;credit card;2018-02-21 14:46:47;2018-02-27 22:23:18;1900-01-01;2.0
650;43971;4;2;43971;unknown;sp;technology;58.1;29.96;credit card;2018-04-17 16:50:32;2018-04-23 18:38:45;1900-01-01;1.0
651;44016;3;6;44016;unknown;sp;fashion;87.0;11.09;credit card;2018-04-15 16:40:14;2018-04-19 22:02:23;2018-05-09;2.5
652;44042;12;21;44042;rio de janeiro;rj;health;692.0;46.76;credit card;2018-01-14 15:05:15;2018-01-29 18:12:18;1900-01-01;5.0
653;44198;9;1;44198;unknown;sp;toys;518.18;53.29;other;2018-05-09 00:54:27;2018-05-15 20:41:24;1900-01-01;1.0
654;44361;4;3;44361;sao paulo;sp;technology;335.99;18.56;credit card;2017-08-26 14:11:46;2017-08-31 17:03:47;1900-01-01;4.0
655;44408;2;1;44408;rio de janeiro;rj;sports;376.0;29.72;credit card;2018-04-05 15:24:37;2018-04-16 23:31:07;1900-01-01;5.0
656;44462;6;5;44462;unknown;sp;health;386.75;114.9;other;2017-12-08 09:42:43;2017-12-19 18:43:35;1900-01-01;1.0
657;44463;0;20;44463;sao paulo;sp;toys;220.33;55.54;other;2017-02-20 08:33:32;2017-03-01 13:54:48;1900-01-01;2.0
658;44474;14;13;44474;unknown;rj;fashion;76.99;10.39;credit card;2018-03-11 23:08:43;2018-04-10 20:43:40;2018-03-29;1.5
659;44518;4;7;44518;sao paulo;sp;sports;518.18;67.11;credit card;2017-07-13 11:48:17;2017-07-18 02:24:39;2017-08-02;5.0
660;44567;13;4;44567;belo horizonte;mg;toys;213.0;47.73;credit card;2018-01-16 16:56:12;2018-01-23 20:13:44;1900-01-01;2.0
661;44630;2;8;44630;rio de janeiro;rj;toys;68.1;48.35;other;2017-11-15 16:41:55;2017-11-22 13:38:26;1900-01-01;3.5
662;44670;1;3;44670;unknown;sp;health;128.99;27.36;credit card;2017-01-16 13:17:46;2017-01-25 08:43:39;2017-02-14;3.0
663;44679;2;9;44679;unknown;sp;technology;314.91;86.34;credit card;2017-09-08 15:53:01;2017-09-28 11:42:07;1900-01-01;3.0
664;44725;5;21;44725;unknown;sp;toys;95.03;22.75;credit card;2017-04-18 16:12:20;2017-04-28 09:44:55;1900-01-01;3.0
665;44821;3;0;44821;uberlandia;mg;fashion;1899.0;6.87;other;1900-01-01 00:00:00;1900-01-01 00:00:00;2018-06-05;2.5
666;45058;12;1;45058;porto alegre;rs;health;95.03;4.34;credit card;2018-02-06 18:23:16;2018-03-05 11:08:15;1900-01-01;5.0
667;45126;2;11;45126;belo horizonte;mg;technology;692.0;29.07;credit card;2017-04-26 11:31:41;2017-05-02 17:56:37;2017-05-23;4.5
668;45165;4;3;45165;sao paulo;0;fashion;420.07;77.92;other;2017-05-04 14:20:34;2017-05-16 19:34:52;1900-01-01;2.5
669;45226;9;0;45226;guarulhos;sp;toys;137.88;33.9;credit card;2017-11-17 08:47:41;2017-11-29 22:34:41;2017-11-30;2.5
670;45321;0;3;45321;rio de janeiro;rj;sports;252.99;2.18;credit card;2017-06-04 11:52:38;2017-06-19 20:04:19;1900-01-01;5.0
671;45340;12;3;45340;sao paulo;sp;sports;87.27;34.33;credit card;2018-06-26 14:39:22;2018-06-28 16:18:49;2018-07-11;3.0
672;45344;1;1;45344;pelotas;rs;technology;1589.0;38.66;other;2017-11-17 10:25:09;2017-12-04 20:38:56;1900-01-01;4.0
673;45423;3;9;45423;unknown;rj;technology;136.9;37.16;other;2017-09-05 08:03:15;2017-09-19 21:25:59;1900-01-01;2.5
674;45431;9;12;45431;unknown;sp;health;518.18;17.38;credit card;2018-03-05 09:37:06;2018-03-08 14:58:37;1900-01-01;3.5
675;45483;9;1;45483;unknown;sp;technology;966.9;7.12;credit card;2017-08-19 01:13:11;2017-08-29 17:23:39;1900-01-01;3.5
676;45525;4;8;45525;sao paulo;sp;technology;335.99;63.2;credit card;2017-09-07 11:23:20;2017-09-13 13:30:15;1900-01-01;4.5
677;45760;4;8;45760;guarulhos;sp;technology;32.8;20.77;other;2018-04-13 10:09:10;2018-04-23 23:22:07;1900-01-01;1.0
678;45786;12;2;45786;unknown;sp;sports;65.6;47.54;credit card;2018-01-09 15:38:54;2018-01-15 17:34:22;2018-01-30;1.0
679;45823;16;3;45823;sao paulo;sp;sports;0;valores;credit card;2018-04-29 22:03:43;2018-05-08 19:36:48;1900-01-01;1.0
680;45831;2;9;45831;rio de janeiro;rj;toys;1899.0;20.9;credit card;2017-11-19 00:25:06;2017-11-27 18:07:08;1900-01-01;5.0
681;45911;12;24;45911;unknown;mg;toys;849.5;18.72;credit card;2017-11-12 12:24:08;2017-11-21 18:28:42;1900-01-01;3.0
682;45984;0;7;45984;unknown;rs;health;1750.0;37.91;credit card;2017-08-16 14:35:06;2017-08-21 19:12:45;2017-09-12;4.5
683;46040;7;3;46040;unknown;sp;fashion;56.89;50.83;credit card;2018-02-14 13:18:52;2018-02-16 20:43:17;2018-02-22;1.0
684;46058;2;7;46058;valores em falta;sp;technology;252.99;38.63;credit card;2018-05-29 08:00:01;2018-06-06 14:06:38;1900-01-01;4.0
685;46106;14;0;46106;unknown;0;fashion;106.74;15.95;other;2018-06-21 21:02:10;2018-06-26 19:46:35;2018-07-17;1.5
686;46128;6;10;46128;guarulhos;sp;technology;83.88;70.89;credit card;2017-12-15 15:09:49;2017-12-29 14:57:05;1900-01-01;2.0
687;46141;9;0;46141;unknown;sp;fashion;40.33;30.66;credit card;2018-03-02 14:18:51;2018-03-09 21:04:32;1900-01-01;1.0
688;46210;6;7;46210;rio de janeiro;rj;health;99.35;126.47;credit card;2017-09-12 15:35:32;2017-09-25 17:26:49;1900-01-01;1.0
689;46272;9;5;46272;belo horizonte;mg;toys;184.65;47.55;credit card;2017-06-06 11:27:10;2017-06-19 13:05:49;1900-01-01;valores em falta
690;46275;9;24;46275;unknown;rj;health;2799.65;35.95;credit card;2017-11-26 10:39:33;2017-12-13 17:58:53;1900-01-01;4.5
691;46282;3;12;46282;unknown;rs;fashion;9.95;6.87;other;2018-07-21 17:02:18;2018-08-02 21:03:57;2018-08-14;1.0
692;46353;0;3;46353;sao paulo;sp;sports;252.99;32.34;credit card;2017-09-22 09:01:26;2017-10-03 20:26:53;1900-01-01;3.0
693;46364;6;6;46364;sao paulo;sp;fashion;109.82;29.68;credit card;2018-02-17 23:18:19;2018-02-26 20:29:56;1900-01-01;2.0
694;46498;4;10;46498;unknown;sp;sports;160.75;15.55;other;2017-11-12 17:21:23;2017-12-05 16:48:47;1900-01-01;2.5
695;46525;12;9;46525;unknown;pr;toys;114.89;82.44;credit card;2017-10-03 17:10:52;2017-10-11 17:32:38;1900-01-01;1.5
696;46575;8;11;46575;sao paulo;sp;technology;453.7;34.33;other;2018-05-15 03:32:54;2018-05-18 21:28:40;2018-05-23;2.5
697;46653;6;10;46653;belo horizonte;mg;technology;73.97;32.86;credit card;2018-07-26 18:54:47;2018-08-01 18:15:50;2018-08-13;3.0
698;46666;0;10;46666;unknown;rs;0;201.0;17.64;other;2018-07-21 21:31:01;2018-08-10 12:07:24;2018-08-06;2.0
699;46673;0;9;46673;sao paulo;sp;toys;95.03;50.92;credit card;2018-06-19 11:38:23;2018-07-03 17:52:31;1900-01-01;2.0
700;46687;13;17;46687;unknown;pr;technology;116.11;5.59;other;2017-07-19 20:35:27;2017-07-21 20:13:49;1900-01-01;1.0
701;46733;4;3;46733;belo horizonte;mg;fashion;54.16;29.05;credit card;2018-02-10 21:55:42;2018-02-22 23:03:56;1900-01-01;1.5
702;46796;14;16;46796;unknown;mg;fashion;515.0;59.82;credit card;2018-03-04 21:29:01;2018-03-23 00:08:33;2018-03-28;4.5
703;47156;6;3;47156;unknown;sp;fashion;128.99;8.37;other;2017-02-25 16:28:03;2017-03-09 10:05:11;2017-03-23;3.0
704;47209;17;3;47209;unknown;mg;toys;126.69;38.66;other;2017-11-28 10:28:28;2017-12-11 15:25:07;1900-01-01;1.5
705;47272;9;1;47272;juiz de fora;mg;fashion;820.0;23.71;credit card;2018-06-23 07:13:25;2018-07-03 16:44:25;1900-01-01;4.5
706;47386;14;10;47386;unknown;sp;fashion;161.0;38.63;credit card;2018-03-29 15:41:07;2018-04-06 18:19:08;1900-01-01;2.5
707;47429;12;17;47429;belo horizonte;mg;health;14.1;12.28;credit card;2018-05-26 21:35:28;2018-06-08 23:22:53;2018-06-28;1.0
708;47435;4;2;47435;unknown;mg;sports;223.87;339.59;credit card;2018-05-15 22:16:16;2018-05-19 13:04:38;1900-01-01;1.0
709;47446;4;7;47446;belo horizonte;mg;technology;120.38;4.97;other;2017-03-02 21:31:29;2017-03-16 18:48:06;2017-03-23;3.0
710;47483;9;12;47483;unknown;sp;toys;55.83;126.47;credit card;2017-03-27 13:19:07;2017-04-12 14:13:23;1900-01-01;1.0
711;47584;0;7;47584;unknown;sp;fashion;76.6;55.54;other;2017-03-25 15:33:43;1900-01-01 00:00:00;1900-01-01;1.0
712;47651;1;3;47651;unknown;rs;technology;34.0;24.79;credit card;2017-12-03 11:13:17;2017-12-13 21:07:40;2018-01-09;2.0
713;47698;3;8;47698;unknown;sp;fashion;71.25;90.06;credit card;2018-06-21 22:08:48;2018-06-28 14:40:08;2018-07-24;1.0
714;47739;4;4;47739;juiz de fora;mg;sports;95.03;56.65;credit card;2017-12-06 12:04:06;2017-12-21 01:35:51;1900-01-01;3.0
715;47740;9;1;47740;unknown;rj;health;523.19;6.87;credit card;2018-03-23 17:02:20;2018-04-14 15:06:37;2018-04-13;4.0
716;47825;4;0;47825;sao paulo;sp;fashion;58.1;61.25;credit card;2018-05-09 18:07:02;2018-05-28 17:02:23;2018-06-01;1.5
717;47921;16;3;47921;unknown;sp;sports;111.27;16.59;credit card;2017-05-29 15:48:13;2017-06-07 14:07:04;1900-01-01;3.0
718;48011;9;13;48011;unknown;mg;technology;49.97;57.41;other;2018-05-11 08:15:10;2018-05-16 11:58:53;1900-01-01;1.0
719;48027;2;22;48027;sao paulo;sp;technology;42.89;30.66;credit card;2017-07-10 22:08:53;2017-07-17 14:58:06;1900-01-01;2.5
720;48194;14;16;48194;unknown;mg;fashion;148.97;139.18;other;2017-05-21 20:15:25;1900-01-01 00:00:00;1900-01-01;1.0
721;48340;8;5;48340;unknown;sp;technology;155.44;21.21;credit card;2017-02-23 12:20:44;2017-03-06 10:24:55;1900-01-01;4.5
722;48347;6;6;48347;rio de janeiro;rj;technology;48.99;20.9;credit card;2017-12-09 09:29:19;2017-12-28 20:37:13;1900-01-01;4.5
723;48365;6;3;48365;unknown;sp;technology;514.0;32.83;credit card;2018-06-20 16:44:28;2018-06-26 18:58:22;1900-01-01;3.0
724;48466;12;17;48466;niteroi;rj;toys;72.4;51.39;other;2018-06-08 12:06:19;2018-06-15 22:49:26;1900-01-01;2.0
725;48530;3;19;48530;rio de janeiro;rj;fashion;26.77;99.88;credit card;2017-02-09 12:48:59;2017-02-17 16:32:56;1900-01-01;1.0
726;48594;1;5;48594;unknown;sp;health;62.83;2.21;credit card;2018-06-19 16:41:53;2018-06-28 21:28:58;1900-01-01;2.5
727;48771;7;4;48771;unknown;sp;health;366.4;35.99;credit card;2018-08-10 21:15:10;2018-08-14 18:28:33;1900-01-01;3.0
728;48800;5;17;48800;unknown;mg;toys;23.1;valores;credit card;2017-03-03 16:49:00;2017-03-16 11:47:50;1900-01-01;1.0
729;48893;13;6;48893;juiz de fora;mg;technology;68.1;38.23;credit card;2018-03-05 12:14:57;2018-03-09 11:42:19;1900-01-01;3.0
730;48913;4;12;48913;sao paulo;sp;fashion;95.03;38.84;other;2018-02-15 22:32:15;2018-03-08 23:28:34;1900-01-01;1.0
731;49055;4;1;49055;unknown;sp;sports;56.89;7.54;credit card;2018-04-25 11:42:05;2018-05-02 23:58:29;2018-05-17;2.0
732;49109;12;7;49109;unknown;sp;toys;91.33;53.36;other;2017-03-26 14:52:53;2017-03-30 17:08:40;1900-01-01;valores em falta
733;49130;9;3;49130;unknown;mg;sports;679.0;61.3;credit card;2018-01-19 16:34:05;2018-01-30 19:47:46;2018-02-14;2.5
734;49143;1;10;49143;curitiba;pr;technology;820.0;47.04;credit card;2018-06-21 18:04:09;2018-06-28 19:07:50;1900-01-01;3.0
735;49319;15;9;49319;unknown;sp;sports;108.64;2.98;credit card;2018-04-10 22:34:54;2018-04-19 17:08:49;1900-01-01;3.0
736;49351;3;16;49351;unknown;sp;fashion;509.99;22.18;credit card;2018-04-02 08:47:49;2018-04-13 13:22:32;1900-01-01;3.5
737;49465;2;2;49465;unknown;sp;technology;1164.9;20.51;credit card;2017-07-03 09:25:59;2017-07-04 14:35:52;1900-01-01;3.5
738;49664;9;8;49664;santo andre;sp;technology;314.8;32.34;valores em falta;2018-01-01 13:17:49;2018-01-05 17:09:10;1900-01-01;4.0
739;49681;2;3;49681;curitiba;pr;technology;319.29;61.74;credit card;1900-01-01 00:00:00;1900-01-01 00:00:00;1900-01-01;4.5
740;49683;9;24;49683;rio de janeiro;rj;health;403.9;70.82;credit card;2017-10-31 13:43:56;2017-11-06 23:04:46;1900-01-01;5.0
741;49863;3;7;49863;juiz de fora;mg;fashion;126.69;47.55;credit card;2017-08-03 20:50:07;2017-08-10 16:14:09;2017-08-29;3.0
742;49877;7;9;49877;sao paulo;sp;health;419.9;116.88;credit card;2018-07-04 17:33:01;2018-07-06 12:51:11;2018-07-17;3.5
743;50021;9;21;50021;belo horizonte;mg;fashion;120.38;46.68;credit card;2018-02-23 13:47:17;2018-03-10 15:58:27;1900-01-01;3.5
744;50066;9;5;50066;unknown;sp;health;167.0;32.34;credit card;2017-07-18 21:02:57;2017-07-21 20:46:35;1900-01-01;2.0
745;50128;2;4;50128;curitiba;pr;technology;879.33;7.94;credit card;2018-07-28 22:14:06;2018-08-03 17:32:20;1900-01-01;4.5
746;50144;4;23;50144;unknown;sp;fashion;valores;17.44;credit card;2017-11-16 18:16:55;1900-01-01 00:00:00;2017-12-06;3.0
747;50246;3;14;50246;unknown;0;fashion;220.33;44.26;credit card;2018-07-28 10:35:24;2018-08-02 20:21:47;1900-01-01;1.0
748;50341;1;1;50341;0;valores em falta;0;valores;0;0;1900-01-01 00:00:00;1900-01-01 00:00:00;1900-01-01;2.5
749;50349;1;7;50349;unknown;rs;health;68.1;10.29;credit card;2017-04-03 13:57:14;2017-04-19 15:53:12;2017-05-04;4.5
750;50383;4;9;50383;rio de janeiro;rj;technology;198.5;9.21;credit card;1900-01-01 00:00:00;2018-01-30 19:33:29;1900-01-01;5.0
751;50536;6;21;50536;unknown;sp;technology;75.25;42.06;credit card;2017-05-31 19:07:38;2017-06-12 13:42:33;2017-06-21;1.0
752;50565;1;12;50565;unknown;mg;toys;2899.0;31.8;credit card;2018-07-16 23:02:59;2018-07-23 22:08:35;2018-08-02;2.0
753;50628;8;0;50628;sao bernardo do campo;sp;toys;107.63;21.22;credit card;2017-05-21 12:45:22;2017-05-29 16:12:32;1900-01-01;4.0
754;50646;4;4;50646;curitiba;pr;technology;509.99;47.55;credit card;2017-07-31 10:00:00;2017-08-11 18:27:52;1900-01-01;4.0
755;50660;4;0;50660;unknown;rs;technology;95.03;14.68;credit card;2017-04-28 19:02:57;2017-05-12 13:44:06;1900-01-01;4.5
756;50688;8;3;50688;unknown;0;toys;95.03;14.25;other;2017-12-06 00:15:52;2017-12-19 14:29:28;1900-01-01;2.5
757;50826;1;16;50826;sao paulo;sp;technology;820.05;32.34;credit card;2017-09-02 12:03:14;2017-09-05 13:44:05;2017-09-15;4.0
758;50923;6;6;50923;sao paulo;sp;fashion;820.05;5.59;credit card;2017-12-05 17:48:44;2017-12-09 12:58:52;1900-01-01;4.5
759;50955;2;4;50955;unknown;rj;toys;141.4;47.55;credit card;2017-09-09 22:45:28;2017-09-21 18:08:33;1900-01-01;4.5
760;50979;4;1;50979;sao paulo;sp;fashion;28.82;134.25;credit card;2017-08-10 14:25:36;2017-08-26 14:18:58;1900-01-01;1.0
761;51003;6;10;51003;unknown;mg;health;459.99;64.98;credit card;2017-06-17 23:53:28;2017-06-28 15:29:42;2017-07-11;3.0
762;51053;1;21;51053;unknown;sp;technology;261.0;62.92;credit card;2018-05-07 22:38:02;2018-05-16 15:58:49;1900-01-01;2.5
763;51058;0;0;51058;unknown;sp;fashion;155.97;149.66;credit card;2018-08-06 17:38:40;2018-08-13 18:35:00;1900-01-01;1.0
764;51214;6;5;51214;unknown;sp;health;101.75;34.31;credit card;2018-01-04 14:44:23;1900-01-01 00:00:00;1900-01-01;1.0
765;51239;15;17;51239;porto alegre;rs;sports;58.1;321.46;credit card;2018-08-16 22:06:34;2018-08-28 20:06:50;1900-01-01;1.0
766;51347;9;9;51347;porto alegre;rs;fashion;113.1;30.99;other;2017-11-23 23:58:51;2017-12-18 22:54:38;1900-01-01;3.5
767;51495;0;10;51495;sao paulo;sp;fashion;95.03;59.62;other;2017-11-24 19:54:51;2017-12-12 00:25:28;1900-01-01;2.5
768;51520;14;3;51520;unknown;rj;fashion;37.84;21.54;other;2018-08-07 09:30:10;2018-08-14 19:32:53;2018-08-28;1.0
769;51550;6;9;51550;unknown;sp;0;0;valores;credit card;1900-01-01 00:00:00;2018-05-17 19:17:25;2018-06-01;1.0
770;51569;0;11;51569;unknown;rj;0;218.36;3.04;credit card;2018-08-01 08:33:57;2018-08-13 11:22:45;1900-01-01;4.0
771;51603;17;11;51603;0;0;toys;89.81;55.54;0;2017-01-25 19:11:42;2017-02-09 18:43:35;1900-01-01;2.0
772;51687;2;8;51687;campinas;sp;technology;182.9;67.11;credit card;2017-07-19 22:05:28;2017-07-26 17:29:47;1900-01-01;3.0
773;51817;9;13;51817;rio de janeiro;rj;health;34.0;107.12;credit card;2018-07-28 21:37:46;2018-08-03 17:44:48;2018-08-07;1.0
774;51883;11;5;51883;unknown;rj;fashion;34.08;237.84;credit card;2018-01-02 17:56:52;2018-01-16 17:12:37;2018-01-31;1.0
775;51885;0;1;51885;unknown;pr;technology;0;40.66;credit card;2018-06-06 12:54:20;2018-06-21 18:18:30;1900-01-01;3.0
776;51901;9;12;51901;unknown;rs;technology;142.0;13.08;credit card;2018-01-21 17:44:04;2018-01-30 16:35:01;2018-02-16;4.5
777;51966;9;22;51966;belo horizonte;mg;technology;50.4;7.94;credit card;2018-01-12 18:17:00;2018-01-19 16:39:49;1900-01-01;4.5
778;51968;12;3;51968;unknown;sp;health;518.18;89.55;0;1900-01-01 00:00:00;2018-08-14 18:28:32;1900-01-01;3.0
779;52003;14;3;52003;sao paulo;sp;fashion;42.89;22.47;other;2018-08-21 18:44:58;2018-08-27 14:18:26;1900-01-01;1.0
780;52041;0;12;52041;sao paulo;sp;sports;278.5;106.77;credit card;2017-11-20 16:14:24;2017-11-28 00:42:49;1900-01-01;4.5
781;52042;12;16;52042;unknown;mg;health;111.27;49.72;credit card;2017-08-01 23:07:21;2017-08-07 17:48:00;1900-01-01;2.5
782;52095;13;6;52095;unknown;rs;technology;399.2;47.55;other;2017-07-25 01:53:48;2017-08-07 22:03:57;2017-08-16;3.0
783;52112;1;21;52112;unknown;mg;fashion;55.83;64.41;credit card;2017-08-01 22:24:02;2017-08-10 01:13:36;2017-08-23;1.0
784;52132;1;5;52132;rio de janeiro;rj;technology;966.9;10.05;credit card;2018-04-17 15:07:46;2018-05-02 22:36:33;1900-01-01;5.0
785;52146;0;21;52146;valores em falta;valores em falta;toys;0;0;0;2017-10-05 18:46:15;2017-10-09 18:24:02;1900-01-01;2.0
786;52205;1;5;52205;sao paulo;sp;fashion;24.79;32.34;other;2017-10-17 22:38:28;2017-10-25 16:20:05;1900-01-01;1.0
787;52312;12;23;52312;unknown;mg;valores em falta;valores;0;credit card;2018-04-15 20:56:35;2018-04-18 21:56:28;1900-01-01;2.5
788;52348;13;7;52348;unknown;sp;technology;101.45;11.23;credit card;2017-02-03 17:29:41;2017-02-10 14:07:53;1900-01-01;3.5
789;52377;1;1;52377;unknown;rj;technology;66.0;20.9;0;2017-07-12 22:10:05;2017-07-24 19:27:37;1900-01-01;3.5
790;52425;1;3;52425;unknown;rj;toys;234.89;24.44;credit card;2017-07-30 21:18:52;2017-08-10 17:37:58;1900-01-01;4.0
791;52459;0;16;52459;sao paulo;sp;fashion;34.0;63.11;credit card;2018-08-13 14:33:18;2018-08-20 23:45:37;1900-01-01;1.5
792;52519;14;10;52519;unknown;sp;0;109.82;23.6;credit card;2017-10-10 19:40:11;2017-10-13 23:54:02;1900-01-01;1.0
793;52572;0;5;52572;unknown;sp;health;95.03;57.81;credit card;2017-03-30 21:09:23;2017-04-05 14:39:50;1900-01-01;1.0
794;52637;5;24;52637;sao paulo;sp;technology;128.99;27.77;credit card;2018-06-22 11:16:05;2018-07-03 21:38:50;1900-01-01;2.0
795;52769;16;9;52769;sao paulo;sp;sports;67.9;38.51;credit card;1900-01-01 00:00:00;1900-01-01 00:00:00;1900-01-01;2.0
796;53013;14;5;53013;unknown;rj;fashion;28.82;38.39;credit card;2017-09-22 01:42:48;2017-10-05 21:42:37;1900-01-01;1.5
797;53111;15;3;53111;unknown;rs;sports;42.89;47.55;other;2018-01-08 17:10:03;1900-01-01 00:00:00;1900-01-01;1.0
798;53223;7;22;53223;unknown;sp;fashion;26.99;30.66;credit card;2017-11-24 09:37:11;2017-12-07 17:31:59;1900-01-01;1.5
799;53243;3;8;53243;sao paulo;sp;fashion;0.85;31.33;credit card;2018-07-01 09:24:46;2018-07-06 18:57:24;1900-01-01;1.0
800;53356;9;5;53356;sao paulo;sp;toys;399.2;47.55;credit card;2017-08-07 01:06:50;2017-08-24 19:53:32;1900-01-01;3.5
801;53358;8;11;53358;unknown;mg;technology;127.77;2.46;other;2017-03-08 22:49:56;2017-03-15 10:44:55;1900-01-01;3.0
802;53434;17;20;53434;unknown;sp;toys;42.89;30.66;credit card;2017-10-01 11:46:12;2017-10-14 13:45:47;2017-10-24;1.0
803;53537;5;17;53537;sao paulo;sp;technology;509.99;55.54;credit card;2017-03-28 23:49:15;2017-03-31 14:08:12;2017-04-17;4.5
804;53550;2;6;53550;0;mg;health;182.9;36.51;credit card;2018-02-02 12:15:45;2018-02-16 15:38:35;2018-03-07;4.5
805;53599;0;24;53599;unknown;mg;technology;509.99;47.55;credit card;2017-09-21 14:54:50;2017-10-02 12:37:06;1900-01-01;3.0
806;53659;4;23;53659;unknown;mg;sports;820.05;38.66;credit card;2017-07-30 20:32:10;2017-08-03 14:19:55;2017-08-22;3.5
807;53671;5;5;53671;contagem;mg;technology;111.27;19.67;other;2017-02-13 15:30:37;2017-02-23 10:47:47;2017-03-16;4.5
808;53746;3;3;53746;unknown;sp;fashion;40.8;26.04;0;2018-02-22 17:20:43;2018-03-01 01:08:25;1900-01-01;2.0
809;53826;0;22;53826;unknown;pr;health;343.0;60.74;credit card;2017-03-30 10:27:46;2017-04-14 11:33:04;1900-01-01;4.0
810;53941;9;21;53941;rio de janeiro;rj;fashion;35.79;47.55;0;2017-08-07 12:25:53;2017-09-18 20:37:44;2017-08-29;1.5
811;53949;11;14;53949;sao goncalo;rj;fashion;37.88;89.36;credit card;2018-06-14 23:31:47;2018-06-21 19:21:34;1900-01-01;1.0
812;53950;9;5;53950;sao paulo;sp;fashion;42.89;50.28;credit card;2018-04-06 13:16:51;2018-04-16 14:48:34;1900-01-01;1.5
813;53993;1;7;53993;sao paulo;sp;fashion;1094.04;57.41;credit card;2018-04-08 12:31:34;2018-04-14 20:10:06;2018-04-25;3.5
814;54020;6;8;54020;unknown;sp;fashion;116.11;67.11;credit card;2017-12-01 08:36:14;2017-12-11 11:19:38;1900-01-01;2.0
815;54025;2;1;54025;unknown;rj;technology;378.98;23.6;credit card;2018-03-05 09:29:59;2018-03-06 12:16:34;1900-01-01;4.5
816;54061;9;17;54061;sao paulo;sp;fashion;83.36;60.07;other;2018-07-26 13:19:41;2018-07-30 18:08:56;1900-01-01;1.0
817;54133;2;9;54133;sao paulo;sp;technology;629.9;24.64;credit card;2017-11-25 18:14:42;2017-12-08 17:15:25;1900-01-01;4.5
818;54240;10;15;54240;0;0;fashion;820.05;5.59;0;2018-02-13 21:12:13;2018-02-20 21:12:11;1900-01-01;1.5
819;54255;1;5;54255;unknown;sp;fashion;124.89;46.36;0;2018-07-15 11:31:23;2018-07-20 17:14:31;1900-01-01;1.0
820;54300;4;8;54300;sao paulo;sp;technology;236.52;19.86;credit card;2018-06-09 12:20:13;2018-06-20 17:17:40;2018-07-04;4.5
821;54354;9;9;54354;unknown;sp;toys;182.9;25.12;credit card;2018-04-12 16:49:57;2018-04-18 03:04:59;1900-01-01;4.5
822;54387;6;2;54387;sao paulo;sp;technology;266.55;50.83;credit card;1900-01-01 00:00:00;2017-12-03 13:24:11;2017-12-15;4.5
823;54406;14;0;54406;sao paulo;sp;fashion;15.27;56.56;credit card;2018-06-19 23:01:50;2018-06-21 17:26:26;1900-01-01;1.0
824;54428;17;9;54428;unknown;sp;toys;95.03;89.36;credit card;2017-12-06 10:17:50;2017-12-16 16:28:40;2017-12-22;1.5
825;54567;6;16;54567;sao paulo;sp;valores em falta;0;56.11;credit card;2018-01-16 17:56:59;2018-02-02 16:32:39;1900-01-01;3.5
826;54614;8;20;54614;porto alegre;rs;technology;2799.65;52.64;credit card;2018-05-25 09:54:34;2018-06-04 20:28:32;1900-01-01;5.0
827;54745;9;1;54745;unknown;sp;toys;37.69;36.8;credit card;2017-06-21 19:37:24;2017-06-23 12:03:25;1900-01-01;1.0
828;54830;16;17;54830;unknown;sp;sports;548.35;32.34;credit card;1900-01-01 00:00:00;2018-03-10 00:41:56;2018-03-07;3.5
829;54845;4;15;54845;unknown;mg;fashion;128.99;104.51;credit card;2017-03-13 14:20:10;2017-03-23 12:52:57;1900-01-01;1.0
830;54907;13;1;54907;sao paulo;sp;toys;181.56;30.66;credit card;2017-06-13 21:52:55;2017-06-23 09:31:24;1900-01-01;5.0
831;54983;2;3;54983;unknown;rs;technology;749.99;58.14;credit card;2017-06-27 22:45:09;2017-07-12 20:04:35;1900-01-01;4.5
832;54997;8;11;54997;unknown;sp;technology;438.99;17.14;0;2017-04-14 20:31:38;2017-05-08 11:42:55;2017-05-10;4.5
833;55086;8;21;55086;unknown;sp;technology;26.77;20.81;credit card;2018-08-01 12:37:55;2018-08-07 00:11:50;1900-01-01;2.5
834;55089;8;10;55089;unknown;rj;toys;95.03;56.65;credit card;2017-06-06 18:08:32;2017-06-19 10:09:45;2017-06-30;4.0
835;55109;0;21;55109;unknown;rs;technology;2130.0;16.59;credit card;2017-09-05 13:52:21;2017-09-18 18:59:39;2017-10-03;4.5
836;55148;4;7;55148;sao paulo;sp;technology;106.6;34.7;credit card;2018-04-08 13:04:47;2018-04-16 18:33:44;1900-01-01;3.0
837;55223;13;13;55223;unknown;sp;0;0;0;other;1900-01-01 00:00:00;1900-01-01 00:00:00;2018-03-09;1.0
838;55250;4;10;55250;unknown;rs;fashion;0.85;6.87;credit card;2018-05-02 10:54:52;2018-05-11 22:22:49;2018-05-30;1.5
839;55257;0;1;55257;guarulhos;sp;fashion;0.85;9.49;credit card;2018-06-18 09:37:42;2018-06-25 12:12:48;1900-01-01;1.0
840;55377;7;14;55377;unknown;sp;fashion;148.5;8.32;other;2017-07-04 10:45:09;2017-07-10 20:55:06;1900-01-01;1.0
841;55432;2;22;55432;canoas;rs;health;319.29;16.45;credit card;2018-06-23 16:00:55;2018-07-06 16:32:39;1900-01-01;5.0
842;55435;2;3;55435;maringa;pr;health;valores;0;credit card;2018-05-10 12:06:38;2018-05-18 22:51:56;2018-06-07;1.5
843;55592;5;22;55592;unknown;sp;technology;649.75;77.37;credit card;2017-08-12 17:53:24;2017-08-16 18:27:55;1900-01-01;3.5
844;55708;5;10;55708;sao bernardo do campo;sp;technology;383.5;2.94;credit card;2018-08-02 14:50:44;2018-08-16 13:56:29;1900-01-01;4.5
845;55749;10;0;55749;londrina;pr;fashion;100.0;31.16;credit card;2016-10-06 17:10:05;2016-10-17 19:29:03;1900-01-01;2.0
846;55908;4;5;55908;unknown;sp;fashion;45.9;123.95;credit card;2018-05-09 19:48:46;2018-05-16 23:46:47;1900-01-01;1.0
847;55998;1;3;55998;0;0;fashion;359.5;87.77;valores em falta;2018-04-03 07:08:31;1900-01-01 00:00:00;2018-04-16;1.0
848;56073;9;5;56073;nova iguacu;rj;technology;959.99;49.52;credit card;2018-07-28 13:13:21;1900-01-01 00:00:00;1900-01-01;5.0
849;56210;0;21;56210;rio de janeiro;rj;fashion;18.42;32.61;credit card;2018-06-18 17:31:22;2018-06-22 15:45:15;2018-07-26;1.0
850;56237;3;15;56237;sao paulo;sp;fashion;89.21;18.4;credit card;2018-03-13 13:31:24;2018-03-17 01:48:46;2018-03-23;4.5
851;56295;8;4;56295;sao paulo;sp;health;128.99;101.57;credit card;2018-08-23 15:48:24;2018-08-27 20:34:46;1900-01-01;1.0
852;56322;3;23;56322;sao bernardo do campo;sp;fashion;28.78;34.33;credit card;2018-03-22 13:44:54;2018-03-27 17:42:15;1900-01-01;1.0
853;56383;13;17;56383;unknown;sp;sports;367.0;5.59;credit card;2017-09-22 23:09:49;2017-09-28 18:27:44;2017-10-09;3.5
854;56386;12;4;56386;porto alegre;rs;sports;22.3;12.06;0;2018-08-07 16:35:35;2018-08-21 17:18:55;1900-01-01;4.5
855;56392;3;10;56392;unknown;mg;technology;820.05;6.15;credit card;2018-05-16 00:09:32;2018-06-05 01:37:25;1900-01-01;3.0
856;56406;9;13;56406;unknown;sp;fashion;18.04;20.33;credit card;2018-06-06 18:37:14;2018-07-02 21:22:23;1900-01-01;1.0
857;56445;9;4;56445;unknown;rj;sports;137.88;29.05;credit card;2017-11-23 21:15:06;2017-12-11 17:09:00;2017-12-22;4.5
858;56536;15;4;56536;unknown;sp;sports;308.5;66.83;credit card;2018-05-20 11:29:44;2018-06-01 17:05:00;1900-01-01;1.0
859;56548;11;20;56548;sao paulo;sp;fashion;42.89;47.55;other;2017-12-09 13:39:06;2017-12-27 18:33:50;1900-01-01;1.0
860;56552;16;0;56552;unknown;rj;sports;75.25;38.92;credit card;2017-07-28 22:38:06;2017-08-12 16:27:41;2017-08-21;3.0
861;56596;6;20;56596;belo horizonte;mg;fashion;18.04;75.76;other;2018-07-23 16:16:37;2018-07-31 21:12:26;1900-01-01;1.0
862;56617;7;14;56617;unknown;sp;fashion;95.03;37.68;credit card;2018-05-14 00:58:58;2018-05-18 15:11:39;1900-01-01;2.5
863;56668;11;16;56668;belo horizonte;mg;fashion;514.0;12.28;credit card;2017-05-17 09:30:27;2017-05-24 11:25:45;2017-06-08;5.0
864;56800;2;13;56800;rio de janeiro;rj;toys;420.07;39.75;credit card;2018-07-18 19:32:41;2018-07-23 13:42:06;1900-01-01;5.0
865;56850;0;10;56850;unknown;sp;health;777.0;23.17;credit card;1900-01-01 00:00:00;2018-02-04 19:06:50;2018-02-16;2.5
866;56937;12;10;56937;unknown;mg;toys;49.99;154.56;other;2017-10-16 17:42:49;2017-10-26 16:47:49;1900-01-01;1.0
867;57025;14;3;57025;guarulhos;sp;fashion;26.77;68.55;credit card;2018-04-21 17:06:23;2018-04-27 21:48:44;2018-05-11;1.0
868;57038;10;7;57038;campinas;sp;fashion;58.1;44.73;credit card;2018-04-25 23:17:16;2018-05-10 19:48:51;2018-05-18;1.5
869;57048;1;0;57048;guarulhos;sp;fashion;127.77;41.42;credit card;2018-05-13 23:59:36;2018-05-15 20:32:21;2018-06-01;2.5
870;57066;1;3;57066;contagem;mg;technology;359.5;67.99;credit card;2017-10-31 21:01:24;2017-11-14 22:28:42;2017-11-22;3.0
871;57122;3;3;57122;unknown;pr;technology;453.7;55.54;credit card;2017-03-14 08:47:46;2017-03-27 17:50:14;1900-01-01;3.0
872;57166;2;22;57166;unknown;rj;technology;257.6;31.33;credit card;2017-05-05 07:48:46;2017-05-16 06:50:09;2017-05-26;4.5
873;57216;16;7;57216;unknown;mg;sports;4099.99;41.41;credit card;2017-10-11 08:32:20;2017-10-20 20:52:12;1900-01-01;2.0
874;57388;3;7;57388;unknown;mg;fashion;10.18;41.54;credit card;2018-08-09 12:06:24;2018-08-16 15:16:51;2018-08-27;1.0
875;57421;0;3;57421;unknown;rj;technology;56.89;45.85;credit card;2017-10-05 18:56:26;2017-10-19 17:51:24;1900-01-01;3.5
876;57475;9;7;57475;sao paulo;sp;fashion;42.79;3.83;credit card;2018-05-24 01:14:59;2018-06-08 17:55:30;1900-01-01;4.5
877;57480;9;1;57480;rio de janeiro;rj;health;692.0;12.61;credit card;2016-10-06 09:59:13;2016-10-27 17:55:56;1900-01-01;5.0
878;57675;0;1;57675;0;0;technology;valores;14.41;credit card;1900-01-01 00:00:00;1900-01-01 00:00:00;1900-01-01;3.5
879;57734;0;7;57734;sao paulo;sp;technology;1122.0;11.39;credit card;2018-03-19 16:48:56;1900-01-01 00:00:00;1900-01-01;3.5
880;57755;1;22;57755;unknown;pr;technology;107.63;19.96;credit card;2018-01-10 09:20:54;2018-01-19 17:54:46;2018-02-07;3.5
881;57865;6;16;57865;unknown;mg;technology;117.56;21.88;credit card;2017-10-09 22:08:45;2017-10-17 18:27:29;1900-01-01;3.0
882;57872;4;6;57872;unknown;rs;technology;538.9;71.22;credit card;2018-05-31 20:24:21;2018-06-06 22:22:07;2018-07-13;4.5
883;57891;12;1;57891;guarulhos;sp;health;849.5;71.02;credit card;2017-08-17 16:09:34;2017-08-28 19:36:36;1900-01-01;3.5
884;58209;1;10;58209;unknown;rs;toys;189.05;34.17;credit card;2018-02-09 11:43:40;2018-03-02 11:35:09;1900-01-01;4.5
885;58241;3;17;58241;unknown;sp;fashion;114.62;18.79;other;2018-05-08 11:14:12;2018-05-11 20:22:22;1900-01-01;1.0
886;58399;11;13;58399;unknown;rj;fashion;109.82;25.87;other;2018-03-20 17:31:43;2018-04-05 23:36:34;1900-01-01;2.0
887;58482;6;22;58482;sao bernardo do campo;sp;0;valores;12.58;credit card;1900-01-01 00:00:00;2017-07-26 13:17:27;1900-01-01;4.5
888;58506;5;13;58506;niteroi;rj;technology;155.4;92.85;credit card;2018-01-12 13:13:40;2018-01-31 18:23:01;1900-01-01;4.5
889;58532;5;18;58532;unknown;sp;toys;18.69;7.52;credit card;2018-04-09 18:20:39;2018-04-14 15:11:15;1900-01-01;2.0
890;58702;3;21;58702;curitiba;pr;fashion;128.99;69.21;other;2018-02-19 14:56:40;2018-03-21 17:34:52;2018-03-12;1.0
891;58759;2;20;58759;sao paulo;sp;technology;454.99;13.92;credit card;2018-02-23 13:21:11;2018-03-02 15:18:50;1900-01-01;4.0
892;58804;7;7;58804;unknown;rs;health;28.55;38.6;0;2017-12-25 19:38:33;2018-01-09 17:29:33;1900-01-01;1.5
893;58941;10;15;58941;unknown;sp;fashion;376.0;53.22;credit card;2018-08-15 21:45:02;2018-08-17 20:18:20;1900-01-01;2.5
894;59028;6;17;59028;santo andre;sp;fashion;22.97;30.66;credit card;2018-02-11 11:03:31;2018-02-18 16:29:11;1900-01-01;1.0
895;59065;3;20;59065;unknown;rj;toys;15.27;150.8;credit card;2018-03-31 21:09:19;2018-05-08 13:58:42;1900-01-01;1.0
896;59081;14;1;59081;0;0;fashion;142.14;54.51;0;2018-06-09 17:51:54;1900-01-01 00:00:00;1900-01-01;4.5
897;59169;6;16;59169;unknown;sp;technology;144.97;34.33;other;2018-04-16 07:25:38;2018-04-27 18:32:02;2018-05-03;1.0
898;59247;12;17;59247;sao paulo;sp;sports;197.7;50.05;other;2018-01-12 10:59:33;2018-01-24 00:12:33;1900-01-01;3.5
899;59276;9;16;59276;campinas;sp;fashion;161.0;38.63;credit card;2018-04-22 17:47:38;2018-04-26 15:42:10;1900-01-01;3.5
900;59335;0;10;59335;unknown;mg;fashion;36.5;70.82;credit card;2017-11-23 20:17:06;2017-12-11 22:15:25;2017-12-27;1.0
901;59724;9;8;59724;rio de janeiro;rj;sports;15.27;6.87;credit card;2018-05-10 10:13:46;2018-05-20 10:15:29;1900-01-01;5.0
902;59757;10;7;59757;sao paulo;sp;fashion;222.9;16.53;credit card;2017-09-05 22:29:57;2017-09-11 18:27:41;2017-09-18;4.0
903;59819;9;12;59819;juiz de fora;mg;fashion;28.96;0.0;other;2017-07-28 19:53:33;2017-08-11 19:47:48;2017-08-21;2.5
904;59885;9;3;59885;unknown;mg;fashion;692.0;19.96;credit card;2018-03-24 12:25:44;2018-04-19 18:44:55;1900-01-01;2.0
905;59887;0;8;59887;unknown;mg;fashion;79.43;60.61;credit card;2017-08-19 07:45:07;2017-08-31 19:46:55;2017-09-19;1.0
906;59897;0;4;59897;unknown;sp;technology;1079.99;13.5;credit card;1900-01-01 00:00:00;2017-09-13 18:55:04;2017-09-21;3.0
907;59965;17;13;59965;unknown;sp;toys;519.99;44.16;credit card;2017-11-08 20:44:32;2017-11-11 16:05:02;2017-11-22;3.0
908;60060;12;17;60060;sao paulo;sp;sports;820.0;33.74;other;1900-01-01 00:00:00;2018-08-23 18:56:23;1900-01-01;1.0
909;60166;8;8;60166;unknown;rj;health;239.8;69.82;credit card;2018-05-02 12:02:02;2018-05-10 18:10:52;2018-05-22;4.5
910;60279;1;7;60279;unknown;sp;sports;109.6;6.08;credit card;2017-11-19 11:35:49;2017-11-25 16:07:21;1900-01-01;3.5
911;60292;7;20;60292;sao paulo;sp;fashion;151.99;14.59;credit card;2018-03-17 13:04:49;2018-03-29 20:22:44;1900-01-01;3.0
912;60350;2;16;60350;unknown;sp;technology;517.65;36.72;credit card;2018-04-15 13:28:28;2018-04-25 22:52:49;1900-01-01;2.5
913;60352;2;5;60352;curitiba;pr;technology;124.89;33.24;other;2018-05-04 15:59:37;2018-05-14 23:18:34;1900-01-01;1.0
914;60355;0;5;60355;unknown;sp;technology;37.72;18.4;credit card;2018-08-06 11:27:18;2018-08-10 22:22:38;1900-01-01;1.5
915;60386;17;12;60386;unknown;sp;toys;95.03;14.25;credit card;2017-07-30 03:06:36;2017-08-04 19:04:49;1900-01-01;2.0
916;60620;1;10;60620;0;0;fashion;309.9;0;0;1900-01-01 00:00:00;1900-01-01 00:00:00;1900-01-01;2.0
917;60731;8;10;60731;unknown;pr;technology;125.46;19.65;credit card;2018-08-13 21:12:35;2018-08-21 18:04:32;2018-08-31;3.0
918;60786;1;12;60786;unknown;sp;technology;389.89;5.24;credit card;2017-08-25 13:31:57;2017-09-01 18:22:34;1900-01-01;3.0
919;60812;16;10;60812;unknown;mg;sports;3.49;6.87;credit card;2018-06-05 20:18:58;2018-06-12 18:22:36;1900-01-01;1.0
920;61010;1;1;61010;unknown;sp;fashion;55.15;49.27;other;2018-02-16 14:11:09;2018-03-07 12:54:04;2018-03-15;1.0
921;61033;6;8;61033;juiz de fora;mg;technology;14.5;24.23;credit card;2018-08-10 18:47:53;2018-08-17 20:39:44;2018-09-10;1.0
922;61039;4;3;61039;sao paulo;sp;fashion;44.63;38.63;other;2018-05-21 00:43:57;2018-05-30 20:18:41;2018-05-30;1.5
923;61055;1;22;61055;guarulhos;sp;toys;261.0;133.85;credit card;2017-08-29 22:25:09;2017-09-11 19:53:39;1900-01-01;1.0
924;61074;12;8;61074;unknown;sp;toys;10.6;29.28;other;2017-11-30 16:57:01;2017-12-05 19:42:38;1900-01-01;1.5
925;61175;2;0;61175;unknown;sp;technology;37.84;50.74;credit card;2018-08-19 20:45:16;2018-08-23 18:15:53;1900-01-01;1.0
926;61263;13;5;61263;contagem;mg;toys;48.65;58.88;credit card;2017-08-27 19:13:23;2017-09-08 17:57:51;1900-01-01;1.5
927;61320;6;6;61320;unknown;sp;technology;37.13;13.51;credit card;2018-07-18 20:02:29;2018-07-25 12:40:43;1900-01-01;2.0
928;61453;6;3;61453;rio de janeiro;rj;fashion;0.85;0;credit card;2018-07-26 14:26:52;2018-08-01 23:18:51;2018-08-23;1.0
929;61463;11;7;61463;0;pr;fashion;136.9;78.84;other;2017-03-17 11:29:14;2017-03-28 14:17:07;1900-01-01;1.0
930;61467;4;5;61467;sao paulo;sp;fashion;125.46;23.88;credit card;2018-03-02 20:34:57;2018-03-16 15:26:50;1900-01-01;3.0
931;61537;4;20;61537;unknown;rs;technology;820.05;70.34;credit card;2017-02-10 23:23:35;2017-02-24 17:09:47;1900-01-01;4.5
932;61616;1;13;61616;unknown;mg;technology;399.2;22.18;credit card;2018-05-30 18:42:21;2018-06-07 20:41:43;2018-07-05;2.0
933;61663;0;24;61663;sao paulo;sp;health;34.36;2.75;credit card;2018-07-28 10:11:59;2018-08-03 21:08:35;2018-08-17;3.5
934;61672;1;9;61672;santo andre;sp;sports;299.99;5.93;credit card;2017-12-02 23:23:26;2017-12-07 22:18:23;1900-01-01;3.0
935;61739;10;13;61739;unknown;sp;fashion;509.5;34.45;credit card;2018-07-04 12:08:27;2018-07-09 14:04:07;1900-01-01;3.0
936;61748;9;8;61748;sao paulo;sp;fashion;56.89;18.4;credit card;2018-05-18 18:00:59;2018-05-23 20:38:24;1900-01-01;2.5
937;61946;4;3;61946;unknown;rj;technology;168.9;47.55;credit card;2017-09-22 13:43:56;2017-10-04 23:37:52;2017-10-23;3.5
938;61985;2;10;61985;unknown;sp;sports;56.89;21.19;credit card;2018-01-09 20:59:52;2018-01-18 23:33:50;1900-01-01;1.0
939;62032;10;22;62032;unknown;sp;fashion;620.1;82.09;other;2017-11-22 21:12:44;2017-12-18 15:19:08;2017-12-11;1.0
940;62112;9;5;62112;unknown;sp;sports;146.65;61.58;credit card;2018-04-30 17:22:01;2018-05-08 14:59:30;1900-01-01;2.0
941;62254;2;21;62254;campinas;sp;toys;389.89;6.08;0;2017-11-24 20:33:02;2017-11-29 16:57:32;1900-01-01;4.5
942;62328;8;7;62328;sao paulo;sp;technology;111.27;12.28;credit card;2018-06-03 21:51:47;2018-06-08 16:48:30;1900-01-01;4.0
943;62414;14;23;62414;curitiba;pr;fashion;1299.99;34.29;credit card;1900-01-01 00:00:00;2018-04-16 13:26:37;1900-01-01;4.5
944;62504;6;11;62504;unknown;sp;health;145.99;11.33;credit card;2018-05-15 11:09:53;2018-05-22 21:04:07;2018-06-08;2.5
945;62509;8;5;62509;uberlandia;mg;health;517.65;54.36;credit card;2018-01-19 23:43:48;2018-01-25 18:04:21;1900-01-01;4.5
946;62543;12;9;62543;unknown;sp;toys;125.46;22.18;credit card;2017-07-10 17:55:20;2017-07-17 22:04:24;1900-01-01;2.5
947;62618;4;10;62618;rio de janeiro;rj;technology;valores;0;other;1900-01-01 00:00:00;1900-01-01 00:00:00;2017-09-26;2.0
948;62768;3;14;62768;sao paulo;sp;fashion;53.7;53.22;other;2017-03-20 10:44:52;2017-03-27 15:13:15;1900-01-01;1.0
949;62881;13;10;62881;unknown;sp;sports;266.55;61.32;other;2017-10-16 18:08:18;2017-10-24 20:09:53;2017-10-26;1.0
950;62892;4;10;62892;niteroi;rj;sports;692.0;46.76;credit card;2017-08-28 17:09:05;2017-09-05 18:23:22;1900-01-01;5.0
951;62937;0;5;62937;unknown;rs;fashion;188.8;143.67;credit card;2018-01-02 15:48:12;2018-01-08 23:07:36;1900-01-01;2.5
952;63030;2;24;63030;sao paulo;sp;health;215.42;13.92;credit card;2018-02-17 16:41:06;2018-02-27 18:22:43;1900-01-01;3.0
953;63145;12;11;63145;sao paulo;sp;health;95.03;60.35;credit card;2017-09-10 10:49:33;2017-09-14 22:05:33;1900-01-01;1.0
954;63173;3;22;63173;unknown;rj;technology;110.65;47.55;credit card;2017-07-27 11:30:22;2017-08-07 17:02:44;1900-01-01;4.5
955;63408;7;14;63408;belo horizonte;mg;fashion;194.0;14.55;other;2018-08-22 09:42:22;2018-08-24 20:11:09;2018-08-27;2.0
956;63422;12;8;63422;unknown;rj;health;692.0;82.01;credit card;2017-07-10 23:13:44;2017-07-26 13:12:53;2017-08-03;4.0
957;63525;1;0;63525;rio de janeiro;rj;technology;188.8;44.4;credit card;2017-07-07 18:36:58;2017-07-15 13:07:51;1900-01-01;5.0
