,city,payment,seller,estimated_delivery,state,rating,customer,order
0,campinas,credit card,2.0,2018-01-30,SP,4.5,27313.0,27313.0
1,UNKNOWN,OTHER,7.0,2017-04-17 12:00:00,SP,1.0,47584.0,47584.0
2,rio de janeiro,credit card,10.0,nones,RJ,5.0,42432.0,42432.0
3,unknown,credit card,4.0,2018-08-16 12:00:00,sp,n/a,47325.0,47325.0
4,SAO PAULO,CREDIT CARD,22.0,NAN,SP,4.0,20502.0,20502.0
5,sao paulo,credit card,1.0,2018-05-21,sp,2.0,37162.0,37162.0
6,unknown,credit card,22.0,2017-05-09 12:00:00,PR,4.0,53826.0,53826.0
7,UNKNOWN,CREDIT CARD,12.0,2017-04-20 12:00:00,SP,1.0,47483.0,47483.0
8,CAMPINAS,CREDIT CARD,1.0,2018-03-20 12:00:00,SP,1.0,1659.0,1659.0
9,GUARULHOS,CREDIT CARD,0.0,2017-11-30,SP,2.5,45226.0,45226.0
10,sao paulo,credit card,8.0,nan,sp,1.0,53243.0,53243.0
11,UNKNOWN,CREDIT CARD,5.0,NAN,RS,4.5,2134.0,2134.0
12,UNKNOWN,CREDIT CARD,22.0,2017-04-03 12:00:00,SP,4.5,20815.0,20815.0
13,unknown,credit card,5.0,2018-03-26,mg,3.5,6577.0,6577.0
14,unknown,credit card,15.0,2018-08-22 12:00:00,SP,2.5,58941.0,58941.0
15,sao paulo,credit card,7.0,2017-08-02,sp,2.0,19387.0,19387.0
16,UBERLANDIA,OTHER,0.0,2018-06-05,MG,2.5,44821.0,44821.0
17,UNKNOWN,CREDIT CARD,17.0,2018-04-19 12:00:00,SP,2.5,29633.0,29633.0
18,UNKNOWN,CREDIT CARD,10.0,2018-02-16,SP,2.5,56850.0,56850.0
19,sao paulo,other,17.0,2018-08-10 12:00:00,sp,1.0,54061.0,54061.0
20,UBERABA,CREDIT CARD,23.0,2017-12-19 12:00:00,MG,2.5,27907.0,27907.0
21,n/a,credit card,22.0,2018-04-11,sp,nan,36089.0,36089.0
22,no_info,nones,8.0,nan,valores em falta,1.5,13542.0,13542.0
23,JUIZ DE FORA,CREDIT CARD,7.0,2017-08-29,MG,3.0,49863.0,49863.0
24,unknown,credit card,12.0,2018-03-21 12:00:00,sp,3.5,45431.0,45431.0
25,campinas,credit card,8.0,2017-08-08 12:00:00,sp,3.0,51687.0,51687.0
26,no_info,nones,7.0,nan,MG,no_info,5372.0,5372.0
27,RIO DE JANEIRO,OTHER,16.0,VALORES EM FALTA,RJ,1.0,35321.0,35321.0
28,VALORES EM FALTA,NONES,21.0,NONES,VALORES EM FALTA,2.0,52146.0,52146.0
29,unknown,credit card,21.0,2018-08-16 12:00:00,SP,3.0,12301.0,12301.0
30,unknown,credit card,13.0,2018-07-05,MG,2.0,61616.0,61616.0
31,unknown,other,6.0,2018-04-17 12:00:00,SP,1.0,17047.0,17047.0
32,NOVA IGUACU,N/A,5.0,N/A,RJ,2.5,6777.0,6777.0
33,nova iguacu,other,1.0,2018-03-12 12:00:00,rj,4.5,37227.0,37227.0
34,unknown,credit card,22.0,nan,sp,4.0,30683.0,30683.0
35,sao paulo,other,7.0,nan,SP,3.0,2213.0,2213.0
36,rio de janeiro,credit card,0.0,no_info,RJ,1.0,7682.0,7682.0
37,SAO PAULO,CREDIT CARD,5.0,2018-01-26 12:00:00,SP,3.5,1003.0,1003.0
38,rio de janeiro,other,10.0,2018-04-10,RJ,3.5,5726.0,5726.0
39,sao paulo,n/a,23.0,2018-05-03 12:00:00,nan,nan,53723.0,53723.0
40,unknown,credit card,9.0,2018-05-03 12:00:00,sp,4.5,19001.0,19001.0
41,SAO PAULO,CREDIT CARD,4.0,2018-09-05 12:00:00,SP,1.0,56295.0,56295.0
42,rio de janeiro,other,3.0,2018-07-26 12:00:00,rj,1.0,30566.0,30566.0
43,belo horizonte,other,20.0,2018-08-14 12:00:00,mg,1.0,56596.0,56596.0
44,BELO HORIZONTE,CREDIT CARD,20.0,2018-07-25 12:00:00,MG,2.5,7460.0,7460.0
45,UNKNOWN,CREDIT CARD,22.0,2018-02-07,PR,3.5,57755.0,57755.0
46,belo horizonte,credit card,22.0,2018-01-29 12:00:00,mg,4.5,51966.0,51966.0
47,unknown,credit card,1.0,2018-04-13,rj,4.0,47740.0,47740.0
48,SAO PAULO,CREDIT CARD,1.0,2017-02-14,SP,3.0,17671.0,17671.0
49,sao paulo,credit card,3.0,valores em falta,sp,2.0,23268.0,23268.0
50,unknown,credit card,12.0,2017-07-07 12:00:00,rj,4.5,31841.0,31841.0
51,unknown,credit card,1.0,no_info,pr,3.0,24998.0,24998.0
52,sao bernardo do campo,other,3.0,2018-01-24 12:00:00,sp,2.5,24445.0,24445.0
53,sao paulo,credit card,6.0,2018-08-27 12:00:00,sp,1.0,35166.0,35166.0
54,unknown,credit card,5.0,2018-05-02 12:00:00,MG,1.0,28093.0,28093.0
55,rio de janeiro,credit card,10.0,2017-06-19 12:00:00,rj,5.0,25099.0,25099.0
56,unknown,other,12.0,2017-07-10 12:00:00,SP,2.5,33422.0,33422.0
57,unknown,nones,5.0,2018-07-30 12:00:00,sp,1.0,54255.0,54255.0
58,sao paulo,other,20.0,2018-02-22 12:00:00,sp,1.0,26247.0,26247.0
59,unknown,credit card,10.0,2017-11-16,sp,1.0,37116.0,37116.0
60,unknown,other,5.0,2017-09-11,sp,1.0,22229.0,22229.0
61,unknown,other,9.0,2017-12-06 12:00:00,MG,1.0,34624.0,34624.0
62,unknown,other,6.0,2018-09-04,SP,2.0,15690.0,15690.0
63,porto alegre,credit card,13.0,2018-05-07 12:00:00,rs,5.0,15638.0,15638.0
64,SAO PAULO,CREDIT CARD,3.0,2018-08-03,SP,1.5,23284.0,23284.0
65,rio de janeiro,credit card,1.0,2018-04-20 12:00:00,rj,4.5,33809.0,33809.0
66,rio de janeiro,credit card,5.0,2017-10-27 12:00:00,rj,5.0,40730.0,40730.0
67,UNKNOWN,CREDIT CARD,7.0,2018-05-25,SP,N/A,27195.0,27195.0
68,rio de janeiro,credit card,0.0,2017-05-10 12:00:00,rj,4.5,15880.0,15880.0
69,sao paulo,credit card,7.0,2018-04-16 12:00:00,sp,1.5,27762.0,27762.0
70,unknown,other,7.0,2017-07-21 12:00:00,sp,1.5,36938.0,36938.0
71,UBERLANDIA,CREDIT CARD,5.0,VALORES EM FALTA,MG,4.5,62509.0,62509.0
72,unknown,credit card,13.0,2018-03-19 12:00:00,sp,valores em falta,41753.0,41753.0
73,sao paulo,other,2.0,2018-04-03 12:00:00,SP,2.0,28466.0,28466.0
74,unknown,other,6.0,2018-07-26 12:00:00,sp,2.0,38595.0,38595.0
75,rio de janeiro,other,22.0,2018-07-27,RJ,5.0,25006.0,25006.0
76,unknown,credit card,10.0,2018-05-30,RS,1.5,55250.0,55250.0
77,UNKNOWN,CREDIT CARD,10.0,N/A,SP,4.0,11552.0,11552.0
78,unknown,credit card,5.0,2018-07-19,RJ,4.0,42073.0,42073.0
79,SAO PAULO,CREDIT CARD,22.0,2018-01-16 12:00:00,SP,1.0,19670.0,19670.0
80,unknown,other,17.0,2017-08-01 12:00:00,pr,1.0,46687.0,46687.0
81,unknown,credit card,2.0,2018-05-08 12:00:00,sp,1.0,43971.0,43971.0
82,unknown,nan,19.0,2018-03-13 12:00:00,sp,3.0,18901.0,18901.0
83,unknown,credit card,1.0,2017-12-01 12:00:00,MG,1.5,29639.0,29639.0
84,unknown,credit card,5.0,nan,sp,2.0,42247.0,42247.0
85,unknown,credit card,0.0,2018-01-22 12:00:00,no_info,3.0,1718.0,1718.0
86,unknown,credit card,8.0,n/a,sp,2.0,27701.0,27701.0
87,UNKNOWN,CREDIT CARD,16.0,2017-11-27 12:00:00,MG,2.0,41086.0,41086.0
88,unknown,other,22.0,2017-12-11,sp,1.0,62032.0,62032.0
89,sao paulo,credit card,3.0,2017-09-15 12:00:00,sp,4.0,44361.0,44361.0
90,unknown,credit card,7.0,2018-01-12 12:00:00,mg,nan,57669.0,57669.0
91,UNKNOWN,CREDIT CARD,1.0,VALORES EM FALTA,PR,3.0,51885.0,51885.0
92,sao bernardo do campo,credit card,10.0,2017-04-19 12:00:00,sp,5.0,12781.0,12781.0
93,unknown,credit card,10.0,2018-02-15 12:00:00,sp,2.0,11275.0,11275.0
94,unknown,credit card,8.0,2018-05-22,rj,4.5,60166.0,60166.0
95,unknown,credit card,4.0,2017-09-29 12:00:00,RJ,4.5,50955.0,50955.0
96,SAO PAULO,CREDIT CARD,11.0,2018-07-30 12:00:00,SP,3.5,13053.0,13053.0
97,sao paulo,credit card,18.0,2018-08-02 12:00:00,sp,2.0,12734.0,12734.0
98,sao paulo,credit card,3.0,2018-07-05 12:00:00,sp,1.0,11241.0,11241.0
99,nova iguacu,other,5.0,n/a,RJ,2.5,6777.0,6777.0
100,unknown,credit card,5.0,2017-11-27,SP,2.0,33165.0,33165.0
101,sao paulo,credit card,21.0,2017-07-07 12:00:00,n/a,3.0,10047.0,10047.0
102,sao paulo,credit card,1.0,2018-05-03,SP,3.0,28398.0,28398.0
103,NAN,CREDIT CARD,10.0,2018-07-04 12:00:00,NO_INFO,N/A,22812.0,22812.0
104,unknown,credit card,13.0,2018-03-05,SP,3.0,14246.0,14246.0
105,sao paulo,credit card,6.0,2017-12-21 12:00:00,sp,4.5,50923.0,50923.0
106,JUIZ DE FORA,CREDIT CARD,16.0,2018-08-09 12:00:00,MG,4.0,25967.0,25967.0
107,santo andre,valores em falta,8.0,no_info,SP,4.0,49664.0,49664.0
108,unknown,other,15.0,2018-02-08 12:00:00,mg,1.0,21813.0,21813.0
109,unknown,credit card,23.0,2018-01-23 12:00:00,rj,4.5,2315.0,2315.0
110,unknown,credit card,6.0,2018-08-08 12:00:00,rj,4.5,8793.0,8793.0
111,UNKNOWN,CREDIT CARD,5.0,2017-11-03 12:00:00,MG,1.0,28637.0,28637.0
112,niteroi,credit card,8.0,2017-08-11 12:00:00,rj,5.0,11216.0,11216.0
113,UNKNOWN,CREDIT CARD,4.0,2018-05-09 12:00:00,SP,3.5,36273.0,36273.0
114,unknown,credit card,3.0,2018-02-20 12:00:00,valores em falta,3.0,452.0,452.0
115,unknown,other,1.0,valores em falta,sp,1.0,40768.0,40768.0
116,curitiba,other,5.0,2018-06-04 12:00:00,PR,1.0,60352.0,60352.0
117,unknown,credit card,17.0,2017-10-09,sp,3.5,56383.0,56383.0
118,unknown,no_info,16.0,2018-07-03,RS,4.0,26757.0,26757.0
119,sao bernardo do campo,credit card,22.0,no_info,sp,4.5,58482.0,58482.0
120,unknown,credit card,23.0,n/a,mg,2.5,52312.0,52312.0
121,UNKNOWN,N/A,12.0,2017-11-01 12:00:00,SP,1.0,19585.0,19585.0
122,rio de janeiro,credit card,7.0,2018-04-12 12:00:00,RJ,3.0,1514.0,1514.0
123,belo horizonte,credit card,3.0,2018-04-27 12:00:00,mg,1.5,2084.0,2084.0
124,rio de janeiro,valores em falta,0.0,2017-05-10 12:00:00,nan,no_info,15880.0,15880.0
125,unknown,other,12.0,2018-08-14,RS,1.0,46282.0,46282.0
126,UNKNOWN,CREDIT CARD,23.0,2017-08-22,MG,3.5,53659.0,53659.0
127,CAXIAS DO SUL,OTHER,22.0,2017-11-16,RS,2.0,16230.0,16230.0
128,sao paulo,credit card,6.0,nones,sp,2.0,46364.0,46364.0
129,curitiba,other,5.0,2018-06-04 12:00:00,pr,1.0,60352.0,60352.0
130,N/A,VALORES EM FALTA,20.0,NAN,VALORES EM FALTA,NONES,36249.0,36249.0
131,unknown,credit card,22.0,nan,rj,4.5,63173.0,63173.0
132,unknown,credit card,16.0,2017-11-29 12:00:00,sp,3.5,17722.0,17722.0
133,niteroi,credit card,10.0,2017-09-25 12:00:00,rj,5.0,62892.0,62892.0
134,unknown,credit card,12.0,valores em falta,SP,1.0,28233.0,28233.0
135,sao paulo,other,7.0,nan,SP,1.0,16824.0,16824.0
136,UNKNOWN,CREDIT CARD,1.0,2017-05-25,NO_INFO,2.5,9747.0,9747.0
137,unknown,credit card,17.0,valores em falta,sp,4.5,38083.0,38083.0
138,unknown,other,5.0,valores em falta,rs,3.5,19348.0,19348.0
139,curitiba,credit card,23.0,2018-04-26 12:00:00,pr,4.5,62414.0,62414.0
140,uberlandia,credit card,22.0,2017-10-02 12:00:00,MG,1.0,21522.0,21522.0
141,SAO PAULO,CREDIT CARD,16.0,2018-02-15 12:00:00,SP,3.5,54567.0,54567.0
142,sao paulo,credit card,7.0,n/a,sp,2.0,39356.0,39356.0
143,no_info,credit card,12.0,2017-06-08,mg,nan,42255.0,42255.0
144,SAO PAULO,OTHER,6.0,2018-03-29 12:00:00,SP,2.0,28144.0,28144.0
145,campinas,credit card,10.0,2017-08-22,sp,3.5,1225.0,1225.0
146,UNKNOWN,CREDIT CARD,10.0,NO_INFO,MG,1.0,60812.0,60812.0
147,unknown,credit card,17.0,2018-02-02 12:00:00,mg,2.5,14252.0,14252.0
148,juiz de fora,credit card,1.0,n/a,mg,2.5,17285.0,17285.0
149,sao paulo,credit card,2.0,2018-05-18 12:00:00,SP,1.0,37506.0,37506.0
150,SAO PAULO,CREDIT CARD,17.0,2017-12-05,SP,4.5,32182.0,32182.0
151,unknown,credit card,4.0,2017-09-21,sp,3.0,59897.0,59897.0
152,unknown,credit card,14.0,n/a,sp,3.5,17812.0,17812.0
153,belo horizonte,credit card,8.0,2017-07-10,MG,4.5,8366.0,8366.0
154,UNKNOWN,CREDIT CARD,2.0,2018-01-30,SP,1.0,45786.0,45786.0
155,unknown,credit card,11.0,2018-01-09 12:00:00,RS,4.0,8125.0,8125.0
156,unknown,other,10.0,2018-08-06,RS,2.0,46666.0,46666.0
157,unknown,credit card,10.0,no_info,RS,4.0,1506.0,1506.0
158,SAO PAULO,CREDIT CARD,9.0,2018-05-11 12:00:00,SP,2.0,25341.0,25341.0
159,unknown,credit card,21.0,2018-08-16 12:00:00,SP,3.0,12301.0,12301.0
160,rio de janeiro,credit card,1.0,2018-05-08 12:00:00,RJ,5.0,44408.0,44408.0
161,UNKNOWN,CREDIT CARD,4.0,2017-09-29 12:00:00,RJ,4.5,50955.0,50955.0
162,sao paulo,credit card,19.0,2018-03-20 12:00:00,SP,1.5,15341.0,15341.0
163,unknown,credit card,20.0,2017-12-14 12:00:00,sp,3.0,17659.0,17659.0
164,VALORES EM FALTA,NAN,1.0,VALORES EM FALTA,N/A,NONES,23487.0,23487.0
165,unknown,credit card,20.0,2018-04-06,mg,2.0,41557.0,41557.0
166,rio de janeiro,credit card,10.0,2017-03-14,RJ,1.0,7164.0,7164.0
167,unknown,credit card,3.0,2018-08-29 12:00:00,sp,2.0,28871.0,28871.0
168,unknown,other,3.0,2018-01-04 12:00:00,no_info,2.5,50688.0,50688.0
169,unknown,credit card,5.0,2018-03-26,mg,3.5,6577.0,6577.0
170,unknown,credit card,6.0,2017-05-31 12:00:00,MG,3.0,40511.0,40511.0
171,RIO DE JANEIRO,CREDIT CARD,3.0,2018-04-10,RJ,4.5,16146.0,16146.0
172,n/a,nan,17.0,2018-02-26,nones,n/a,45190.0,45190.0
173,belo horizonte,other,7.0,2017-03-23,MG,3.0,47446.0,47446.0
174,unknown,credit card,10.0,2017-12-27,mg,1.0,59335.0,59335.0
175,unknown,credit card,10.0,2017-10-23 12:00:00,sp,1.0,52519.0,52519.0
176,unknown,credit card,12.0,2017-07-07 12:00:00,rj,4.5,31841.0,31841.0
177,belo horizonte,credit card,24.0,nones,mg,5.0,25581.0,25581.0
178,UNKNOWN,CREDIT CARD,10.0,2017-07-11,MG,3.0,51003.0,51003.0
179,sao paulo,nan,5.0,2018-07-25 12:00:00,no_info,no_info,55669.0,55669.0
180,UNKNOWN,CREDIT CARD,15.0,2018-07-03 12:00:00,SP,1.0,292.0,292.0
181,RIO DE JANEIRO,OTHER,22.0,2018-07-27 12:00:00,RJ,4.5,27355.0,27355.0
182,SAO PAULO,CREDIT CARD,7.0,2017-06-28,SP,4.5,29486.0,29486.0
183,PONTA GROSSA,CREDIT CARD,5.0,2018-05-23,PR,2.0,17446.0,17446.0
184,unknown,credit card,7.0,2017-09-01,MG,2.5,32110.0,32110.0
185,juiz de fora,credit card,6.0,2018-03-21 12:00:00,mg,3.0,48893.0,48893.0
186,UNKNOWN,CREDIT CARD,11.0,2017-10-25 12:00:00,SP,3.0,36812.0,36812.0
187,unknown,credit card,14.0,2018-05-30 12:00:00,sp,2.5,56617.0,56617.0
188,belo horizonte,other,10.0,2018-06-04 12:00:00,mg,1.0,6073.0,6073.0
189,PORTO ALEGRE,CREDIT CARD,8.0,2018-08-07,RS,1.0,17565.0,17565.0
190,campinas,valores em falta,7.0,nan,sp,valores em falta,14850.0,14850.0
191,unknown,other,1.0,2018-03-16 12:00:00,sp,1.0,35249.0,35249.0
192,sao paulo,credit card,7.0,2018-06-18 12:00:00,sp,4.5,57475.0,57475.0
193,unknown,other,20.0,2017-08-30,pr,1.0,8598.0,8598.0
194,nan,credit card,20.0,2018-07-25 12:00:00,mg,2.5,7460.0,7460.0
195,unknown,other,1.0,2017-12-29 12:00:00,mg,1.0,24626.0,24626.0
196,UNKNOWN,CREDIT CARD,17.0,2018-04-19 12:00:00,SP,2.5,29633.0,29633.0
197,unknown,other,22.0,nones,sp,2.5,19395.0,19395.0
198,unknown,credit card,11.0,2017-03-20 12:00:00,SP,3.5,39702.0,39702.0
199,valores em falta,nones,23.0,n/a,nan,valores em falta,18278.0,18278.0
200,UNKNOWN,OTHER,14.0,2017-07-12,SP,2.0,14298.0,14298.0
201,UNKNOWN,OTHER,19.0,2017-12-28 12:00:00,MG,1.0,29501.0,29501.0
202,UNKNOWN,CREDIT CARD,13.0,2018-07-12 12:00:00,SP,1.0,56406.0,56406.0
203,UNKNOWN,CREDIT CARD,10.0,2017-06-30,RJ,4.0,55089.0,55089.0
204,sao paulo,credit card,22.0,2018-07-18,sp,2.5,34629.0,34629.0
205,unknown,other,6.0,2018-07-26 12:00:00,sp,2.0,38595.0,38595.0
206,SAO PAULO,CREDIT CARD,24.0,2018-08-17,SP,3.5,61663.0,61663.0
207,unknown,other,0.0,2018-08-14,MG,2.0,37646.0,37646.0
208,unknown,credit card,1.0,no_info,mg,3.5,503.0,503.0
209,unknown,other,19.0,2018-02-23 12:00:00,rs,1.0,470.0,470.0
210,sao paulo,credit card,7.0,valores em falta,sp,3.0,55148.0,55148.0
211,no_info,nones,3.0,nan,n/a,n/a,3672.0,3672.0
212,sao bernardo do campo,credit card,10.0,2018-08-20 12:00:00,sp,4.5,55708.0,55708.0
213,curitiba,credit card,10.0,2018-03-27 12:00:00,PR,1.0,39364.0,39364.0
214,sao bernardo do campo,credit card,21.0,2018-04-18,sp,3.0,38300.0,38300.0
215,BELO HORIZONTE,CREDIT CARD,21.0,2018-03-16 12:00:00,MG,3.5,50021.0,50021.0
216,CAMPINAS,CREDIT CARD,16.0,2018-05-10 12:00:00,SP,3.5,59276.0,59276.0
217,UNKNOWN,CREDIT CARD,21.0,2017-05-11 12:00:00,SP,3.0,44725.0,44725.0
218,UNKNOWN,OTHER,3.0,VALORES EM FALTA,RJ,3.5,1934.0,1934.0
219,rio de janeiro,credit card,5.0,nones,rj,1.0,11085.0,11085.0
220,BELO HORIZONTE,CREDIT CARD,10.0,2018-08-13,MG,3.0,46653.0,46653.0
221,rio de janeiro,credit card,5.0,n/a,RJ,5.0,5597.0,5597.0
222,unknown,other,3.0,2017-03-23,sp,3.0,47156.0,47156.0
223,unknown,credit card,1.0,2018-03-28 12:00:00,SP,1.0,23487.0,23487.0
224,sao paulo,credit card,9.0,2018-08-31 12:00:00,sp,2.0,52769.0,52769.0
225,unknown,credit card,10.0,2017-08-09 12:00:00,mg,2.0,2080.0,2080.0
226,no_info,nan,5.0,nones,valores em falta,nan,18476.0,18476.0
227,unknown,credit card,5.0,2018-07-05,sp,1.0,22672.0,22672.0
228,sao paulo,credit card,1.0,2018-05-03,sp,3.0,28398.0,28398.0
229,porto alegre,credit card,1.0,2018-06-25 12:00:00,rs,5.0,39027.0,39027.0
230,sao paulo,other,3.0,2018-08-14,SP,2.0,11771.0,11771.0
231,belo horizonte,credit card,12.0,2018-07-04 12:00:00,mg,3.5,42827.0,42827.0
232,unknown,credit card,10.0,2018-04-12 12:00:00,SP,2.5,47386.0,47386.0
233,sao paulo,credit card,12.0,2017-12-04 12:00:00,sp,4.5,52041.0,52041.0
234,sao paulo,credit card,19.0,2018-03-20 12:00:00,SP,1.5,15341.0,15341.0
235,unknown,credit card,22.0,2018-04-20 12:00:00,sp,2.0,37892.0,37892.0
236,sao paulo,credit card,12.0,2017-12-28 12:00:00,n/a,2.5,43312.0,43312.0
237,n/a,valores em falta,3.0,2018-08-27,no_info,valores em falta,3814.0,3814.0
238,UNKNOWN,CREDIT CARD,5.0,2017-04-20 12:00:00,SP,1.0,52572.0,52572.0
239,UNKNOWN,OTHER,3.0,VALORES EM FALTA,RJ,4.5,14886.0,14886.0
240,rio de janeiro,other,8.0,2017-12-05 12:00:00,rj,3.5,44630.0,44630.0
241,NONES,NONES,5.0,NAN,NAN,NO_INFO,9933.0,9933.0
242,RIO DE JANEIRO,CREDIT CARD,10.0,2017-03-09 12:00:00,RJ,5.0,5108.0,5108.0
243,sao paulo,nones,6.0,2018-02-14,sp,1.0,20327.0,20327.0
244,unknown,other,1.0,2017-05-05 12:00:00,sp,2.0,38052.0,38052.0
245,curitiba,credit card,3.0,2017-12-29 12:00:00,pr,4.5,49681.0,49681.0
246,unknown,credit card,20.0,2018-07-18 12:00:00,sp,2.0,22269.0,22269.0
247,N/A,CREDIT CARD,16.0,2018-07-25,RJ,4.5,17528.0,17528.0
248,unknown,credit card,9.0,2017-11-03 12:00:00,PR,1.5,46525.0,46525.0
249,niteroi,credit card,12.0,nan,RJ,1.0,32222.0,32222.0
250,sao paulo,other,20.0,2017-03-17 12:00:00,sp,2.0,44463.0,44463.0
251,SAO PAULO,CREDIT CARD,7.0,2017-05-31 12:00:00,SP,NO_INFO,33043.0,33043.0
252,sao paulo,other,4.0,2018-07-23,sp,2.0,32306.0,32306.0
253,n/a,n/a,13.0,nones,nan,n/a,45895.0,45895.0
254,nan,credit card,3.0,nones,rs,n/a,59434.0,59434.0
255,rio de janeiro,credit card,1.0,2018-04-20 12:00:00,rj,4.5,33809.0,33809.0
256,rio de janeiro,credit card,7.0,2017-09-29 12:00:00,RJ,1.0,46210.0,46210.0
257,unknown,credit card,13.0,2018-07-05,mg,2.0,61616.0,61616.0
258,UNKNOWN,CREDIT CARD,20.0,2018-04-05 12:00:00,MG,1.0,36137.0,36137.0
259,UNKNOWN,CREDIT CARD,16.0,2018-04-19 12:00:00,SP,3.5,49351.0,49351.0
260,rio de janeiro,credit card,12.0,2017-06-28 12:00:00,rj,5.0,27914.0,27914.0
261,NITEROI,OTHER,10.0,2018-09-11 12:00:00,RJ,5.0,15700.0,15700.0
262,curitiba,credit card,4.0,2017-08-31 12:00:00,pr,4.0,50646.0,50646.0
263,n/a,credit card,20.0,no_info,nones,2.0,41557.0,41557.0
264,unknown,credit card,9.0,2017-07-05 12:00:00,sp,4.5,3745.0,3745.0
265,unknown,other,6.0,valores em falta,sp,2.0,15690.0,15690.0
266,rio de janeiro,credit card,9.0,nan,rj,5.0,45831.0,45831.0
267,unknown,credit card,13.0,2018-03-29,rj,1.5,44474.0,44474.0
268,UNKNOWN,NONES,3.0,2018-03-14 12:00:00,SP,2.0,53746.0,53746.0
269,NO_INFO,NAN,0.0,N/A,MG,NO_INFO,2396.0,2396.0
270,UNKNOWN,NAN,2.0,2018-08-28 12:00:00,SP,1.0,31376.0,31376.0
271,UNKNOWN,CREDIT CARD,23.0,2017-12-06,SP,3.0,50144.0,50144.0
272,unknown,credit card,2.0,nones,sp,3.0,12542.0,12542.0
273,n/a,nones,12.0,nones,nones,no_info,57563.0,57563.0
274,unknown,credit card,17.0,2017-03-24 12:00:00,mg,1.0,48800.0,48800.0
275,NONES,CREDIT CARD,16.0,2018-01-26,RJ,4.5,27736.0,27736.0
276,SAO PAULO,CREDIT CARD,11.0,2017-09-27 12:00:00,SP,1.0,63145.0,63145.0
277,rio de janeiro,other,10.0,2017-09-26,rj,2.0,62618.0,62618.0
278,nova iguacu,other,1.0,2018-03-12 12:00:00,rj,4.5,37227.0,37227.0
279,belo horizonte,credit card,16.0,2017-06-08,mg,5.0,56668.0,56668.0
280,nan,n/a,11.0,nan,nan,2.0,51603.0,51603.0
281,valores em falta,valores em falta,3.0,nan,n/a,valores em falta,16446.0,16446.0
282,SAO BERNARDO DO CAMPO,CREDIT CARD,9.0,VALORES EM FALTA,SP,1.5,17939.0,17939.0
283,sao paulo,credit card,7.0,2018-06-18 12:00:00,sp,4.5,57475.0,57475.0
284,unknown,other,16.0,2017-12-11 12:00:00,PR,1.0,13457.0,13457.0
285,campinas,credit card,11.0,2017-07-26 12:00:00,SP,3.5,20536.0,20536.0
286,unknown,credit card,7.0,2017-08-01 12:00:00,sp,3.0,40965.0,40965.0
287,unknown,credit card,17.0,2018-02-01 12:00:00,MG,2.0,18357.0,18357.0
288,unknown,other,6.0,2017-06-28,sp,1.0,14967.0,14967.0
289,sao goncalo,credit card,14.0,2018-07-12 12:00:00,rj,1.0,53949.0,53949.0
290,unknown,credit card,8.0,2018-04-25 12:00:00,sp,1.0,39011.0,39011.0
291,unknown,credit card,10.0,2018-02-01,sp,1.0,24754.0,24754.0
292,UNKNOWN,CREDIT CARD,1.0,2017-12-18,MG,3.0,3442.0,3442.0
293,sao paulo,credit card,3.0,2018-04-27 12:00:00,sp,1.0,25041.0,25041.0
294,SAO PAULO,CREDIT CARD,7.0,2018-06-26,SP,1.0,17393.0,17393.0
295,JUIZ DE FORA,OTHER,8.0,2018-06-04 12:00:00,MG,3.5,37621.0,37621.0
296,unknown,credit card,5.0,2017-03-24 12:00:00,sp,4.5,48340.0,48340.0
297,sao paulo,credit card,13.0,no_info,sp,3.5,31437.0,31437.0
298,unknown,credit card,16.0,2018-05-25 12:00:00,sp,1.0,20406.0,20406.0
299,unknown,other,7.0,2018-03-29,sp,1.0,507.0,507.0
300,unknown,credit card,8.0,n/a,SP,2.0,27701.0,27701.0
301,rio de janeiro,credit card,1.0,2018-03-01 12:00:00,RJ,5.0,25290.0,25290.0
302,UNKNOWN,CREDIT CARD,9.0,2018-03-07 12:00:00,SP,2.0,29517.0,29517.0
303,UNKNOWN,CREDIT CARD,10.0,2018-08-31,PR,3.0,60731.0,60731.0
304,unknown,other,7.0,2017-04-20 12:00:00,sp,1.5,3874.0,3874.0
305,unknown,credit card,12.0,2018-02-16,RS,4.5,51901.0,51901.0
306,juiz de fora,credit card,9.0,2018-03-06 12:00:00,MG,no_info,34848.0,34848.0
307,unknown,credit card,16.0,2017-11-29 12:00:00,sp,3.5,17722.0,17722.0
308,unknown,credit card,16.0,2018-03-28,mg,4.5,46796.0,46796.0
309,RIO DE JANEIRO,CREDIT CARD,13.0,2018-08-17 12:00:00,RJ,5.0,56800.0,56800.0
310,nones,other,14.0,2017-04-06 12:00:00,sp,1.0,62768.0,62768.0
311,sao paulo,credit card,0.0,2018-06-01,SP,1.5,47825.0,47825.0
312,sao bernardo do campo,credit card,23.0,2018-04-04 12:00:00,sp,1.0,56322.0,56322.0
313,UNKNOWN,CREDIT CARD,10.0,2018-02-16,SP,2.5,56850.0,56850.0
314,unknown,credit card,17.0,valores em falta,rs,3.5,41138.0,41138.0
315,RIO DE JANEIRO,CREDIT CARD,14.0,2018-08-02 12:00:00,RJ,1.5,28554.0,28554.0
316,unknown,credit card,5.0,no_info,sp,2.5,48594.0,48594.0
317,unknown,credit card,7.0,2017-05-04,rs,4.5,50349.0,50349.0
318,UNKNOWN,CREDIT CARD,6.0,2017-08-07 12:00:00,RS,4.5,32044.0,32044.0
319,UNKNOWN,OTHER,7.0,2017-07-21 12:00:00,SP,1.5,36938.0,36938.0
320,sao paulo,credit card,22.0,valores em falta,sp,n/a,34629.0,34629.0
321,NONES,OTHER,7.0,2017-04-05 12:00:00,PR,1.0,61463.0,61463.0
322,unknown,credit card,12.0,2018-05-21 12:00:00,sp,1.0,33003.0,33003.0
323,SAO PAULO,CREDIT CARD,5.0,2017-09-15 12:00:00,SP,3.0,13845.0,13845.0
324,SAO BERNARDO DO CAMPO,OTHER,8.0,2017-08-17 12:00:00,SP,3.0,26732.0,26732.0
325,sao paulo,credit card,0.0,nan,sp,1.0,54406.0,54406.0
326,niteroi,other,7.0,2017-09-15 12:00:00,rj,4.0,24817.0,24817.0
327,belo horizonte,credit card,22.0,2018-01-29 12:00:00,mg,4.5,51966.0,51966.0
328,unknown,credit card,10.0,2017-06-30,RJ,4.0,55089.0,55089.0
329,rio de janeiro,credit card,19.0,2017-12-14,RJ,1.0,17028.0,17028.0
330,UNKNOWN,CREDIT CARD,11.0,2017-08-22,RJ,4.5,23670.0,23670.0
331,BELO HORIZONTE,CREDIT CARD,1.0,2018-03-08 12:00:00,MG,2.0,2840.0,2840.0
332,N/A,CREDIT CARD,17.0,2018-02-16,RS,4.5,15388.0,15388.0
333,sao paulo,credit card,19.0,2017-12-27,SP,1.0,22059.0,22059.0
334,unknown,other,13.0,2018-03-13 12:00:00,sp,1.0,31294.0,31294.0
335,sao paulo,credit card,9.0,nones,sp,2.0,10905.0,10905.0
336,unknown,other,13.0,no_info,mg,1.0,48011.0,48011.0
337,BELO HORIZONTE,CREDIT CARD,3.0,2018-03-07,MG,3.5,1129.0,1129.0
338,no_info,credit card,1.0,no_info,mg,nones,29639.0,29639.0
339,SAO PAULO,OTHER,10.0,2018-07-05 12:00:00,SP,2.0,15665.0,15665.0
340,unknown,credit card,8.0,2017-09-06,sp,2.5,4374.0,4374.0
341,unknown,other,11.0,2017-03-29 12:00:00,mg,3.0,53358.0,53358.0
342,unknown,credit card,20.0,2017-12-14 12:00:00,rj,3.5,43044.0,43044.0
343,NO_INFO,NO_INFO,23.0,2018-05-03 12:00:00,N/A,NAN,53723.0,53723.0
344,sao paulo,other,6.0,2018-03-29 12:00:00,sp,2.0,28144.0,28144.0
345,belo horizonte,credit card,15.0,2018-03-23 12:00:00,MG,1.0,32160.0,32160.0
346,NITEROI,CREDIT CARD,4.0,2017-07-26 12:00:00,RJ,1.0,18838.0,18838.0
347,cascavel,credit card,20.0,2018-05-28 12:00:00,pr,1.0,31462.0,31462.0
348,juiz de fora,credit card,16.0,2018-08-09 12:00:00,mg,4.0,25967.0,25967.0
349,UNKNOWN,CREDIT CARD,1.0,2017-10-10,SP,2.5,4819.0,4819.0
350,maringa,other,5.0,2018-07-26 12:00:00,PR,1.5,20580.0,20580.0
351,unknown,credit card,1.0,n/a,rj,4.5,37391.0,37391.0
352,sao paulo,credit card,14.0,2017-08-15,SP,3.0,37623.0,37623.0
353,sao paulo,credit card,1.0,2018-03-20 12:00:00,sp,2.0,932.0,932.0
354,sao paulo,credit card,0.0,2017-05-24 12:00:00,sp,4.5,41437.0,41437.0
355,sao paulo,credit card,5.0,2018-07-30 12:00:00,SP,2.5,2129.0,2129.0
356,sao paulo,credit card,8.0,2018-05-28 12:00:00,sp,2.5,61748.0,61748.0
357,curitiba,other,10.0,2017-02-13,pr,2.0,11006.0,11006.0
358,unknown,credit card,5.0,2017-03-24 12:00:00,SP,4.5,48340.0,48340.0
359,SAO PAULO,OTHER,11.0,2018-05-23,SP,2.5,46575.0,46575.0
360,niteroi,credit card,12.0,nan,rj,1.0,32222.0,32222.0
361,belo horizonte,credit card,3.0,2018-08-27,mg,n/a,3814.0,3814.0
362,SAO PAULO,CREDIT CARD,5.0,NONES,SP,5.0,32347.0,32347.0
363,unknown,credit card,5.0,no_info,sp,2.5,48594.0,48594.0
364,UNKNOWN,N/A,12.0,NO_INFO,RJ,N/A,31841.0,31841.0
365,unknown,credit card,10.0,2018-02-02 12:00:00,sp,1.0,61985.0,61985.0
366,unknown,credit card,7.0,2018-08-27,mg,1.0,57388.0,57388.0
367,unknown,credit card,1.0,2017-12-29 12:00:00,sp,1.0,32330.0,32330.0
368,unknown,credit card,3.0,valores em falta,sp,3.0,48365.0,48365.0
369,unknown,other,22.0,2017-06-16 12:00:00,RJ,1.0,36810.0,36810.0
370,unknown,credit card,21.0,2017-10-03,rs,4.5,55109.0,55109.0
371,guarulhos,credit card,10.0,2018-01-11 12:00:00,SP,2.0,46128.0,46128.0
372,unknown,other,10.0,2018-07-16 12:00:00,RJ,3.5,709.0,709.0
373,no_info,no_info,16.0,no_info,nones,nones,49351.0,49351.0
374,unknown,credit card,3.0,2017-12-05,pr,2.5,27054.0,27054.0
375,PORTO ALEGRE,CREDIT CARD,17.0,2018-02-16,RS,4.5,15388.0,15388.0
376,sao paulo,credit card,19.0,2017-12-27,sp,1.0,22059.0,22059.0
377,unknown,other,16.0,2018-07-20 12:00:00,mg,3.5,4451.0,4451.0
378,UNKNOWN,CREDIT CARD,1.0,2018-04-04,MG,3.0,26283.0,26283.0
379,RIO DE JANEIRO,CREDIT CARD,3.0,2017-07-03 12:00:00,RJ,5.0,45321.0,45321.0
380,unknown,credit card,9.0,2018-04-20 12:00:00,SP,2.0,10662.0,10662.0
381,sao paulo,other,17.0,2017-09-08,SP,1.5,9273.0,9273.0
382,unknown,credit card,9.0,2018-05-02,mg,2.0,190.0,190.0
383,UNKNOWN,CREDIT CARD,7.0,2017-05-11 12:00:00,MG,2.5,7382.0,7382.0
384,unknown,credit card,14.0,2018-08-10 12:00:00,no_info,1.0,50246.0,50246.0
385,CURITIBA,OTHER,10.0,2017-02-13,PR,2.0,11006.0,11006.0
386,unknown,credit card,21.0,2018-07-18 12:00:00,sp,2.5,31453.0,31453.0
387,rio de janeiro,credit card,7.0,2017-12-14 12:00:00,rj,5.0,1279.0,1279.0
388,sao bernardo do campo,n/a,3.0,2018-01-24 12:00:00,SP,2.5,24445.0,24445.0
389,porto alegre,credit card,19.0,nones,no_info,5.0,30757.0,30757.0
390,nones,valores em falta,12.0,nan,no_info,no_info,32222.0,32222.0
391,campinas,credit card,7.0,2017-04-19 12:00:00,sp,4.5,34473.0,34473.0
392,sao paulo,credit card,5.0,2017-05-29 12:00:00,sp,5.0,42339.0,42339.0
393,belo horizonte,credit card,3.0,2018-03-19 12:00:00,mg,1.5,46733.0,46733.0
394,unknown,other,5.0,2018-02-14 12:00:00,sp,1.0,9933.0,9933.0
395,valores em falta,n/a,5.0,valores em falta,no_info,n/a,6777.0,6777.0
396,unknown,credit card,17.0,valores em falta,SP,4.5,38083.0,38083.0
397,UNKNOWN,CREDIT CARD,3.0,2018-08-01,NAN,4.5,4620.0,4620.0
398,unknown,other,15.0,2018-03-01,SP,1.0,19801.0,19801.0
399,unknown,credit card,21.0,2018-02-06 12:00:00,mg,2.0,20707.0,20707.0
400,sao paulo,credit card,1.0,2017-09-14,sp,1.5,38983.0,38983.0
401,sao paulo,other,4.0,2018-06-20,SP,2.5,11451.0,11451.0
402,sao paulo,other,1.0,2017-04-10 12:00:00,sp,1.5,24516.0,24516.0
403,unknown,credit card,2.0,2017-08-17 12:00:00,nones,3.0,19010.0,19010.0
404,sao paulo,other,17.0,2018-02-06 12:00:00,sp,3.5,59247.0,59247.0
405,sao paulo,credit card,12.0,2017-12-04 12:00:00,SP,4.5,52041.0,52041.0
406,UNKNOWN,CREDIT CARD,12.0,2018-08-24 12:00:00,SP,1.0,31796.0,31796.0
407,unknown,credit card,4.0,2017-12-22,RJ,4.5,56445.0,56445.0
408,sao paulo,credit card,13.0,2017-12-01 12:00:00,SP,3.0,22540.0,22540.0
409,belo horizonte,credit card,4.0,2018-07-25,mg,2.5,15837.0,15837.0
410,unknown,credit card,12.0,2018-02-16,rs,4.5,51901.0,51901.0
411,unknown,other,1.0,2018-03-15,sp,1.0,61010.0,61010.0
412,SAO PAULO,CREDIT CARD,20.0,2018-06-08 12:00:00,SP,2.0,12328.0,12328.0
413,unknown,credit card,3.0,2018-01-09,rs,2.0,47651.0,47651.0
414,unknown,credit card,8.0,2017-12-06,mg,1.0,2534.0,2534.0
415,sao paulo,credit card,11.0,2017-02-20 12:00:00,sp,2.0,51603.0,51603.0
416,N/A,CREDIT CARD,22.0,NAN,SP,4.0,20502.0,20502.0
417,guarulhos,credit card,1.0,nan,sp,1.0,55257.0,55257.0
418,sao paulo,credit card,7.0,2018-03-29 12:00:00,sp,3.5,57734.0,57734.0
419,valores em falta,credit card,7.0,n/a,sp,4.0,46058.0,46058.0
420,unknown,other,22.0,2018-01-08 12:00:00,sp,3.0,6844.0,6844.0
421,unknown,credit card,1.0,2018-05-17,sp,2.0,49055.0,49055.0
422,RIO DE JANEIRO,CREDIT CARD,3.0,2018-08-01 12:00:00,RJ,5.0,11000.0,11000.0
423,no_info,credit card,20.0,2018-05-28 12:00:00,nones,n/a,31462.0,31462.0
424,unknown,credit card,8.0,2018-02-14 12:00:00,SP,3.0,20545.0,20545.0
425,rio de janeiro,credit card,14.0,2018-08-02 12:00:00,rj,1.5,28554.0,28554.0
426,UNKNOWN,CREDIT CARD,5.0,2018-09-10 12:00:00,SP,2.5,13475.0,13475.0
427,UNKNOWN,CREDIT CARD,16.0,2017-04-13 12:00:00,RS,3.0,28887.0,28887.0
428,sao bernardo do campo,credit card,23.0,2018-04-04 12:00:00,sp,1.0,56322.0,56322.0
429,unknown,other,22.0,2018-04-10 12:00:00,pr,1.0,37400.0,37400.0
430,UNKNOWN,CREDIT CARD,24.0,2017-12-22 12:00:00,RJ,4.5,46275.0,46275.0
431,porto alegre,other,13.0,2018-08-07 12:00:00,RS,5.0,23765.0,23765.0
432,UNKNOWN,CREDIT CARD,4.0,2018-04-02,MG,1.0,36507.0,36507.0
433,SAO PAULO,CREDIT CARD,1.0,2018-03-26,SP,2.0,38209.0,38209.0
434,UNKNOWN,CREDIT CARD,22.0,2017-04-03 12:00:00,SP,4.5,20815.0,20815.0
435,unknown,credit card,20.0,2017-12-04 12:00:00,mg,2.0,36249.0,36249.0
436,sao paulo,credit card,5.0,2017-12-18 12:00:00,sp,1.0,588.0,588.0
437,sao paulo,other,23.0,2018-05-03 12:00:00,SP,3.0,53723.0,53723.0
438,uberlandia,credit card,22.0,2017-10-02 12:00:00,MG,1.0,21522.0,21522.0
439,porto alegre,credit card,20.0,2018-06-19 12:00:00,rs,5.0,54614.0,54614.0
440,unknown,other,0.0,2017-04-26 12:00:00,sp,1.0,13096.0,13096.0
441,valores em falta,no_info,7.0,n/a,no_info,nan,42547.0,42547.0
442,belo horizonte,credit card,16.0,2017-06-08,mg,5.0,56668.0,56668.0
443,unknown,credit card,21.0,2017-12-15,sp,1.0,7009.0,7009.0
444,unknown,credit card,0.0,2017-06-07,PR,1.0,37087.0,37087.0
445,unknown,other,16.0,2017-12-11 12:00:00,pr,1.0,13457.0,13457.0
446,unknown,other,14.0,2017-04-06 12:00:00,sp,1.0,62768.0,62768.0
447,rio de janeiro,credit card,10.0,2017-06-19 12:00:00,rj,5.0,25099.0,25099.0
448,unknown,credit card,5.0,2017-03-14 12:00:00,pr,4.0,39309.0,39309.0
449,UNKNOWN,CREDIT CARD,5.0,2018-05-02 12:00:00,MG,1.0,28093.0,28093.0
450,nones,other,0.0,n/a,nan,no_info,44821.0,44821.0
451,unknown,credit card,20.0,n/a,rj,1.0,59065.0,59065.0
452,unknown,credit card,7.0,2017-03-21 12:00:00,sp,1.0,33613.0,33613.0
453,nones,valores em falta,17.0,nones,sp,no_info,11446.0,11446.0
454,NO_INFO,NONES,19.0,VALORES EM FALTA,NO_INFO,N/A,16783.0,16783.0
455,unknown,credit card,21.0,2018-05-24,sp,2.5,29673.0,29673.0
456,unknown,credit card,16.0,2018-06-20,SP,3.0,25658.0,25658.0
457,unknown,credit card,5.0,2017-10-27 12:00:00,rj,1.5,53013.0,53013.0
458,unknown,credit card,3.0,2018-02-14,mg,2.5,49130.0,49130.0
459,unknown,other,24.0,2018-04-10 12:00:00,mg,3.5,6102.0,6102.0
460,SAO PAULO,CREDIT CARD,21.0,2017-10-10,SP,4.5,22463.0,22463.0
461,unknown,credit card,4.0,2018-08-23 12:00:00,pr,2.0,24232.0,24232.0
462,UNKNOWN,CREDIT CARD,0.0,2017-03-06 12:00:00,SP,3.0,8653.0,8653.0
463,UNKNOWN,CREDIT CARD,13.0,2018-03-29,SP,1.0,43001.0,43001.0
464,unknown,credit card,12.0,2017-08-22 12:00:00,SP,2.0,60386.0,60386.0
465,guarulhos,other,22.0,2018-03-16 12:00:00,SP,4.0,43505.0,43505.0
466,unknown,credit card,18.0,2018-04-25 12:00:00,sp,2.0,58532.0,58532.0
467,UNKNOWN,CREDIT CARD,5.0,2017-08-17,MG,1.5,18476.0,18476.0
468,rio de janeiro,credit card,17.0,2017-08-11,RJ,5.0,38213.0,38213.0
469,unknown,credit card,10.0,2017-06-30 12:00:00,mg,1.0,20194.0,20194.0
470,unknown,nan,10.0,n/a,MG,2.0,2080.0,2080.0
471,valores em falta,other,6.0,2018-04-17 12:00:00,SP,1.0,17047.0,17047.0
472,UNKNOWN,CREDIT CARD,10.0,NO_INFO,MG,1.0,60812.0,60812.0
473,unknown,credit card,5.0,2017-12-27 12:00:00,MG,1.0,19272.0,19272.0
474,UNKNOWN,CREDIT CARD,5.0,N/A,SP,2.5,43882.0,43882.0
475,sao paulo,credit card,16.0,2018-08-24 12:00:00,sp,1.5,52459.0,52459.0
476,sao paulo,credit card,9.0,2018-07-17,SP,3.5,49877.0,49877.0
477,UNKNOWN,OTHER,3.0,2017-12-19 12:00:00,MG,1.5,47209.0,47209.0
478,unknown,credit card,22.0,2017-03-15 12:00:00,sp,3.5,19827.0,19827.0
479,UNKNOWN,CREDIT CARD,1.0,2018-01-05 12:00:00,SP,3.0,18940.0,18940.0
480,LONDRINA,CREDIT CARD,0.0,2016-11-28 12:00:00,PR,2.0,55749.0,55749.0
481,sao goncalo,credit card,14.0,2018-07-12 12:00:00,rj,1.0,53949.0,53949.0
482,unknown,credit card,3.0,2017-02-14,SP,3.0,44670.0,44670.0
483,UNKNOWN,OTHER,17.0,NONES,RJ,3.0,34618.0,34618.0
484,unknown,other,17.0,2018-08-03 12:00:00,rj,3.0,34618.0,34618.0
485,n/a,other,3.0,nan,sp,valores em falta,41025.0,41025.0
486,UNKNOWN,CREDIT CARD,7.0,VALORES EM FALTA,SP,3.5,60279.0,60279.0
487,unknown,credit card,9.0,2018-06-01,sp,1.0,51550.0,51550.0
488,rio de janeiro,other,3.0,2018-07-26 12:00:00,rj,1.0,30566.0,30566.0
489,sao paulo,credit card,3.0,2017-08-04 12:00:00,sp,4.0,42047.0,42047.0
490,curitiba,credit card,9.0,2017-09-21 12:00:00,pr,4.5,22960.0,22960.0
491,no_info,credit card,8.0,n/a,nones,3.0,51687.0,51687.0
492,unknown,credit card,5.0,nones,MG,1.0,14576.0,14576.0
493,n/a,nones,7.0,nones,sp,1.0,47584.0,47584.0
494,UNKNOWN,OTHER,23.0,2018-03-22 12:00:00,RJ,1.5,42525.0,42525.0
495,N/A,N/A,11.0,NAN,PR,NAN,12554.0,12554.0
496,sao paulo,credit card,3.0,2018-05-25 12:00:00,SP,5.0,3572.0,3572.0
497,sao paulo,credit card,7.0,n/a,sp,5.0,4691.0,4691.0
498,niteroi,credit card,13.0,2018-02-14 12:00:00,rj,4.5,58506.0,58506.0
499,unknown,credit card,10.0,nones,SP,3.0,14001.0,14001.0
500,unknown,credit card,3.0,2017-07-19 12:00:00,rs,4.5,54983.0,54983.0
501,nan,credit card,10.0,nan,n/a,nones,55708.0,55708.0
502,SAO PAULO,CREDIT CARD,1.0,2018-03-20 12:00:00,SP,2.0,932.0,932.0
503,uberlandia,credit card,23.0,nones,mg,1.0,35755.0,35755.0
504,unknown,credit card,15.0,2017-04-03 12:00:00,mg,1.0,54845.0,54845.0
505,unknown,credit card,8.0,2018-03-12 12:00:00,RJ,3.5,16693.0,16693.0
506,sao bernardo do campo,credit card,0.0,2017-06-05 12:00:00,sp,4.0,50628.0,50628.0
507,unknown,credit card,5.0,2017-05-15,SP,2.0,39654.0,39654.0
508,unknown,credit card,19.0,2017-06-01,sp,1.0,38399.0,38399.0
509,SAO PAULO,CREDIT CARD,12.0,2017-09-22 12:00:00,SP,4.5,1999.0,1999.0
510,UNKNOWN,CREDIT CARD,21.0,2017-12-27 12:00:00,SP,2.0,1594.0,1594.0
511,unknown,credit card,8.0,2017-04-04,RS,4.5,16432.0,16432.0
512,no_info,credit card,15.0,no_info,sp,1.5,31282.0,31282.0
513,UNKNOWN,CREDIT CARD,3.0,NONES,SP,1.0,11448.0,11448.0
514,belo horizonte,credit card,9.0,2018-08-20 12:00:00,MG,2.5,26275.0,26275.0
515,unknown,credit card,17.0,2017-10-30 12:00:00,sp,3.5,10385.0,10385.0
516,SAO PAULO,OTHER,21.0,2018-08-01 12:00:00,SP,2.0,22685.0,22685.0
517,n/a,valores em falta,15.0,no_info,valores em falta,1.0,32160.0,32160.0
518,belo horizonte,credit card,10.0,2018-07-04 12:00:00,mg,2.5,22812.0,22812.0
519,sao paulo,other,20.0,2017-03-17 12:00:00,SP,2.0,44463.0,44463.0
520,unknown,other,3.0,no_info,RS,1.0,53111.0,53111.0
521,unknown,credit card,1.0,2017-12-29 12:00:00,sp,1.0,32330.0,32330.0
522,unknown,credit card,3.0,2018-03-12 12:00:00,sp,1.0,16446.0,16446.0
523,UNKNOWN,CREDIT CARD,9.0,2017-07-28 12:00:00,SP,2.5,62543.0,62543.0
524,unknown,credit card,7.0,no_info,RS,1.0,16535.0,16535.0
525,sao paulo,other,3.0,nones,no_info,2.5,45165.0,45165.0
526,unknown,credit card,22.0,2017-11-09 12:00:00,rj,3.0,13435.0,13435.0
527,unknown,credit card,0.0,nan,SP,2.0,9465.0,9465.0
528,sao paulo,credit card,5.0,valores em falta,SP,3.5,53356.0,53356.0
529,UNKNOWN,CREDIT CARD,1.0,NO_INFO,PR,3.0,24998.0,24998.0
530,sao paulo,other,15.0,2017-12-21 12:00:00,sp,2.0,43416.0,43416.0
531,CONTAGEM,OTHER,5.0,2017-03-16,MG,4.5,53671.0,53671.0
532,sao paulo,credit card,7.0,2017-09-18,SP,4.0,59757.0,59757.0
533,SANTO ANDRE,CREDIT CARD,19.0,2017-05-31,SP,1.0,17071.0,17071.0
534,UNKNOWN,CREDIT CARD,0.0,2018-08-28 12:00:00,SP,1.0,61175.0,61175.0
535,unknown,credit card,23.0,2017-06-01,sp,3.0,3294.0,3294.0
536,unknown,credit card,3.0,2017-06-21 12:00:00,sp,3.0,47921.0,47921.0
537,rio de janeiro,credit card,21.0,2017-04-06 12:00:00,RJ,5.0,5973.0,5973.0
538,guarulhos,other,10.0,2018-08-24 12:00:00,sp,1.0,8351.0,8351.0
539,unknown,credit card,4.0,2018-04-02,MG,1.0,36507.0,36507.0
540,nones,credit card,20.0,2018-05-28 12:00:00,pr,1.0,31462.0,31462.0
541,sao paulo,other,3.0,nan,sp,2.5,45165.0,45165.0
542,unknown,credit card,3.0,2017-04-18 12:00:00,RJ,4.5,30703.0,30703.0
543,unknown,nones,3.0,valores em falta,sp,3.0,51968.0,51968.0
544,londrina,credit card,20.0,2018-02-01,pr,3.5,28444.0,28444.0
545,unknown,credit card,12.0,nan,SP,3.0,60786.0,60786.0
546,unknown,credit card,9.0,n/a,sp,3.0,44679.0,44679.0
547,belo horizonte,other,10.0,2018-06-04 12:00:00,mg,1.0,6073.0,6073.0
548,UNKNOWN,NONES,1.0,VALORES EM FALTA,N/A,NONES,40768.0,40768.0
549,rio de janeiro,credit card,1.0,2018-03-01 12:00:00,RJ,5.0,25290.0,25290.0
550,sao paulo,credit card,7.0,2017-08-02,SP,2.0,19387.0,19387.0
551,juiz de fora,credit card,9.0,2018-03-06 12:00:00,MG,1.0,34848.0,34848.0
552,UNKNOWN,CREDIT CARD,13.0,2018-03-29,SP,1.0,43001.0,43001.0
553,rio de janeiro,credit card,5.0,no_info,RJ,5.0,1925.0,1925.0
554,nones,credit card,24.0,2018-03-05 12:00:00,sp,3.0,63030.0,63030.0
555,niteroi,credit card,1.0,2018-07-16 12:00:00,RJ,5.0,41473.0,41473.0
556,sao paulo,credit card,8.0,2017-09-26 12:00:00,SP,4.5,45525.0,45525.0
557,UNKNOWN,CREDIT CARD,16.0,2018-05-25 12:00:00,SP,1.0,20406.0,20406.0
558,curitiba,credit card,2.0,nan,PR,3.5,39378.0,39378.0
559,SAO PAULO,CREDIT CARD,0.0,2017-05-24 12:00:00,SP,4.5,41437.0,41437.0
560,unknown,credit card,3.0,2018-02-14,mg,2.5,49130.0,49130.0
561,UNKNOWN,CREDIT CARD,1.0,2017-07-04 12:00:00,SP,1.0,54745.0,54745.0
562,SANTO ANDRE,CREDIT CARD,5.0,NO_INFO,SP,4.0,22359.0,22359.0
563,unknown,other,16.0,nones,mg,1.0,48194.0,48194.0
564,rio de janeiro,credit card,24.0,2017-11-21 12:00:00,rj,5.0,49683.0,49683.0
565,unknown,no_info,1.0,2018-05-16,mg,1.5,30364.0,30364.0
566,UNKNOWN,CREDIT CARD,20.0,2017-12-04 12:00:00,MG,2.0,36249.0,36249.0
567,UNKNOWN,OTHER,1.0,2018-02-06 12:00:00,SP,2.0,11476.0,11476.0
568,unknown,credit card,22.0,2018-07-27,RS,4.5,40226.0,40226.0
569,UNKNOWN,CREDIT CARD,0.0,2018-06-08 12:00:00,SP,2.0,19177.0,19177.0
570,nan,no_info,12.0,2018-06-21 12:00:00,mg,n/a,17915.0,17915.0
571,sao paulo,credit card,21.0,2017-10-10,sp,4.5,22463.0,22463.0
572,n/a,nan,15.0,valores em falta,no_info,1.5,54240.0,54240.0
573,unknown,credit card,8.0,2018-04-25 12:00:00,sp,1.0,39011.0,39011.0
574,sao paulo,credit card,7.0,2018-07-19 12:00:00,sp,1.0,12408.0,12408.0
575,curitiba,other,0.0,2017-09-11 12:00:00,PR,3.0,35479.0,35479.0
576,sao paulo,credit card,10.0,2017-10-11 12:00:00,sp,2.0,12846.0,12846.0
577,unknown,credit card,2.0,2018-06-01 12:00:00,MG,1.0,47435.0,47435.0
578,unknown,credit card,1.0,2017-12-13 12:00:00,sp,1.0,27241.0,27241.0
579,rio de janeiro,credit card,17.0,2018-10-04 12:00:00,rj,4.0,36200.0,36200.0
580,unknown,credit card,5.0,2017-05-15,SP,2.0,39654.0,39654.0
581,rio de janeiro,credit card,0.0,no_info,RJ,1.0,7682.0,7682.0
582,UNKNOWN,CREDIT CARD,17.0,2017-03-24 12:00:00,MG,1.0,48800.0,48800.0
583,n/a,valores em falta,8.0,n/a,no_info,1.5,30027.0,30027.0
584,unknown,other,19.0,2017-12-11 12:00:00,mg,2.5,4821.0,4821.0
585,SAO BERNARDO DO CAMPO,CREDIT CARD,20.0,VALORES EM FALTA,SP,1.5,3740.0,3740.0
586,UNKNOWN,CREDIT CARD,10.0,2018-04-13,PR,1.0,6623.0,6623.0
587,UNKNOWN,OTHER,1.0,2017-08-01 12:00:00,SP,1.0,40768.0,40768.0
588,unknown,other,12.0,2017-11-01 12:00:00,sp,1.0,19585.0,19585.0
589,SAO PAULO,CREDIT CARD,15.0,2018-08-24 12:00:00,SP,1.0,42127.0,42127.0
590,no_info,nan,20.0,nones,valores em falta,nan,43724.0,43724.0
591,unknown,credit card,14.0,2017-08-16 12:00:00,sp,3.0,40543.0,40543.0
592,unknown,credit card,22.0,2017-11-09 12:00:00,rj,3.0,13435.0,13435.0
593,sao paulo,credit card,1.0,2017-02-14,sp,3.0,17671.0,17671.0
594,unknown,credit card,15.0,2018-08-02 12:00:00,SP,2.5,14773.0,14773.0
595,unknown,other,1.0,n/a,sp,1.5,42496.0,42496.0
596,CURITIBA,CREDIT CARD,2.0,NAN,PR,3.5,39378.0,39378.0
597,sao paulo,credit card,1.0,2018-03-26,SP,2.0,38209.0,38209.0
598,unknown,credit card,7.0,2018-03-19 12:00:00,SP,3.5,23140.0,23140.0
599,cascavel,other,12.0,2018-08-31,pr,2.0,38044.0,38044.0
600,porto alegre,other,24.0,2017-09-18 12:00:00,rs,4.5,33505.0,33505.0
601,UNKNOWN,CREDIT CARD,3.0,2017-06-02,SP,2.5,33410.0,33410.0
602,unknown,credit card,19.0,2018-04-02,sp,2.0,9679.0,9679.0
603,unknown,credit card,9.0,2018-09-03 12:00:00,nan,2.0,14371.0,14371.0
604,rio de janeiro,credit card,0.0,2018-01-04,rj,5.0,15438.0,15438.0
605,BELO HORIZONTE,CREDIT CARD,17.0,2018-06-28,MG,1.0,47429.0,47429.0
606,unknown,other,12.0,2018-08-14,rs,1.0,46282.0,46282.0
607,niteroi,other,10.0,2018-03-13 12:00:00,rj,1.0,38494.0,38494.0
608,CURITIBA,VALORES EM FALTA,19.0,NAN,VALORES EM FALTA,NONES,31567.0,31567.0
609,unknown,credit card,6.0,2017-06-09 12:00:00,sp,2.5,1650.0,1650.0
610,sao paulo,credit card,6.0,2017-08-14,SP,4.0,8518.0,8518.0
611,juiz de fora,other,12.0,2017-08-21,mg,2.5,59819.0,59819.0
612,unknown,credit card,0.0,2017-09-11 12:00:00,sp,3.0,39311.0,39311.0
613,BELO HORIZONTE,CREDIT CARD,15.0,2018-03-23 12:00:00,MG,1.0,32160.0,32160.0
614,rio de janeiro,other,3.0,2017-12-04 12:00:00,rj,4.5,36396.0,36396.0
615,niteroi,other,7.0,2017-09-15 12:00:00,RJ,4.0,24817.0,24817.0
616,unknown,credit card,16.0,n/a,mg,3.0,57865.0,57865.0
617,guarulhos,credit card,19.0,2018-05-24 12:00:00,SP,3.0,19987.0,19987.0
618,rio de janeiro,credit card,8.0,nones,rj,5.0,35978.0,35978.0
619,unknown,credit card,22.0,nan,SP,3.5,55592.0,55592.0
620,unknown,credit card,1.0,nan,sp,1.0,23487.0,23487.0
621,sao paulo,credit card,17.0,2017-04-17,SP,4.5,53537.0,53537.0
622,rio de janeiro,credit card,5.0,2017-12-26 12:00:00,rj,5.0,5966.0,5966.0
623,UNKNOWN,CREDIT CARD,5.0,2018-02-01,PR,1.0,7776.0,7776.0
624,guarulhos,credit card,1.0,2017-09-06 12:00:00,sp,3.5,57891.0,57891.0
625,NAN,N/A,10.0,2018-08-06,NAN,NO_INFO,20846.0,20846.0
626,unknown,credit card,13.0,nan,rs,4.5,28701.0,28701.0
627,juiz de fora,other,12.0,2017-08-21,nan,valores em falta,59819.0,59819.0
628,unknown,credit card,21.0,2017-08-23,mg,1.0,52112.0,52112.0
629,unknown,credit card,5.0,2018-08-17,sp,1.0,40510.0,40510.0
630,rio de janeiro,credit card,1.0,nones,rj,5.0,57480.0,57480.0
631,UNKNOWN,CREDIT CARD,13.0,2018-03-19 12:00:00,SP,3.0,41753.0,41753.0
632,sao paulo,other,7.0,nan,n/a,3.0,2213.0,2213.0
633,unknown,nones,7.0,valores em falta,nan,nan,33613.0,33613.0
634,unknown,credit card,10.0,2018-05-30,rs,1.5,55250.0,55250.0
635,unknown,other,7.0,2017-04-17 12:00:00,sp,1.0,47584.0,47584.0
636,pelotas,other,1.0,nan,rs,4.0,45344.0,45344.0
637,sao paulo,credit card,1.0,nan,SP,1.0,43131.0,43131.0
638,unknown,other,0.0,2018-07-17,n/a,1.5,46106.0,46106.0
639,duque de caxias,other,3.0,2017-06-28,rj,1.0,43930.0,43930.0
640,sao paulo,other,17.0,2018-02-06 12:00:00,sp,3.5,59247.0,59247.0
641,unknown,credit card,22.0,2018-04-30,RJ,4.0,31589.0,31589.0
642,sao paulo,credit card,19.0,2017-12-18 12:00:00,sp,3.0,24194.0,24194.0
643,UNKNOWN,CREDIT CARD,17.0,2018-05-30 12:00:00,SP,3.5,11446.0,11446.0
644,sao paulo,other,17.0,2018-08-10 12:00:00,SP,1.0,54061.0,54061.0
645,unknown,credit card,7.0,n/a,mg,2.0,15705.0,15705.0
646,unknown,credit card,12.0,2017-08-10 12:00:00,rs,1.0,302.0,302.0
647,sao paulo,credit card,10.0,2017-08-18,sp,3.5,11664.0,11664.0
648,sao paulo,credit card,7.0,2017-08-02,sp,5.0,44518.0,44518.0
649,unknown,credit card,21.0,2017-06-26 12:00:00,sp,1.0,19351.0,19351.0
650,ponta grossa,credit card,17.0,nan,PR,3.0,11767.0,11767.0
651,VALORES EM FALTA,NAN,5.0,VALORES EM FALTA,RJ,NONES,46669.0,46669.0
652,sao paulo,credit card,1.0,2018-05-21,SP,2.0,37162.0,37162.0
653,sao paulo,credit card,3.0,2017-06-29,sp,1.0,41115.0,41115.0
654,UNKNOWN,CREDIT CARD,13.0,2017-08-02 12:00:00,SP,1.5,9422.0,9422.0
655,UNKNOWN,CREDIT CARD,9.0,2018-05-02,MG,2.0,190.0,190.0
656,unknown,credit card,9.0,2018-05-07 12:00:00,sp,4.5,54354.0,54354.0
657,SAO PAULO,CREDIT CARD,23.0,2018-07-25 12:00:00,SP,1.0,26175.0,26175.0
658,porto alegre,credit card,22.0,2017-07-05 12:00:00,rs,1.5,22545.0,22545.0
659,unknown,credit card,9.0,2018-05-10 12:00:00,sp,3.0,49319.0,49319.0
660,unknown,credit card,2.0,2018-02-09,mg,1.5,38719.0,38719.0
661,guarulhos,credit card,10.0,2018-01-11 12:00:00,sp,2.0,46128.0,46128.0
662,rio de janeiro,credit card,5.0,2018-08-20,RJ,1.0,14408.0,14408.0
663,sao paulo,credit card,22.0,2017-07-28 12:00:00,sp,2.5,48027.0,48027.0
664,UNKNOWN,CREDIT CARD,16.0,2017-09-08,SP,2.5,2737.0,2737.0
665,unknown,credit card,9.0,nones,mg,2.5,9923.0,9923.0
666,RIO DE JANEIRO,CREDIT CARD,10.0,2017-03-09 12:00:00,RJ,5.0,5108.0,5108.0
667,sao paulo,other,3.0,2018-08-27 12:00:00,SP,1.0,52003.0,52003.0
668,rio de janeiro,credit card,7.0,2017-12-14 12:00:00,rj,5.0,27603.0,27603.0
669,nones,credit card,5.0,2018-08-22,mg,4.5,37433.0,37433.0
670,sao paulo,other,11.0,2018-05-23,sp,2.5,46575.0,46575.0
671,sao paulo,other,7.0,nan,sp,valores em falta,16824.0,16824.0
672,belo horizonte,credit card,11.0,2018-07-04 12:00:00,MG,4.5,23861.0,23861.0
673,UNKNOWN,CREDIT CARD,7.0,2018-07-31,RJ,4.5,35500.0,35500.0
674,unknown,other,7.0,2018-03-19,mg,1.0,6093.0,6093.0
675,belo horizonte,credit card,5.0,2017-07-13 12:00:00,MG,valores em falta,46272.0,46272.0
676,unknown,other,13.0,2018-03-09,sp,1.0,55223.0,55223.0
677,unknown,credit card,15.0,nones,SP,1.0,28230.0,28230.0
678,unknown,credit card,20.0,nan,sp,3.0,23355.0,23355.0
679,n/a,n/a,4.0,valores em falta,valores em falta,nones,11451.0,11451.0
680,unknown,credit card,5.0,2017-10-10 12:00:00,SP,2.0,29335.0,29335.0
681,unknown,other,1.0,2018-03-16 12:00:00,SP,1.0,35249.0,35249.0
682,rio de janeiro,credit card,10.0,2017-11-23 12:00:00,rj,4.5,38061.0,38061.0
683,unknown,credit card,1.0,2018-03-15 12:00:00,RJ,4.5,54025.0,54025.0
684,sao paulo,other,2.0,2018-04-03 12:00:00,sp,2.0,28466.0,28466.0
685,SAO PAULO,CREDIT CARD,9.0,NONES,SP,2.0,10905.0,10905.0
686,unknown,credit card,15.0,2018-08-22 12:00:00,sp,2.5,58941.0,58941.0
687,nan,credit card,1.0,no_info,n/a,3.5,57675.0,57675.0
688,unknown,other,14.0,2017-07-24 12:00:00,sp,1.0,55377.0,55377.0
689,SAO PAULO,CREDIT CARD,3.0,2018-05-25 12:00:00,SP,1.0,45823.0,45823.0
690,unknown,other,9.0,2017-10-16 12:00:00,RJ,2.5,45423.0,45423.0
691,UNKNOWN,CREDIT CARD,5.0,2018-06-01 12:00:00,SP,1.0,55908.0,55908.0
692,UNKNOWN,CREDIT CARD,3.0,NAN,MG,2.0,59885.0,59885.0
693,rio de janeiro,credit card,16.0,n/a,rj,5.0,17585.0,17585.0
694,unknown,credit card,10.0,2018-03-01 12:00:00,sp,1.0,16674.0,16674.0
695,unknown,other,1.0,2018-05-29 12:00:00,SP,1.0,44198.0,44198.0
696,UNKNOWN,CREDIT CARD,3.0,2018-03-14 12:00:00,SP,2.0,53746.0,53746.0
697,NO_INFO,NONES,9.0,2018-06-01,NAN,NO_INFO,51550.0,51550.0
698,RIO DE JANEIRO,CREDIT CARD,5.0,NONES,NO_INFO,1.0,11085.0,11085.0
699,unknown,credit card,6.0,2017-06-09 12:00:00,sp,2.5,1650.0,1650.0
700,unknown,credit card,5.0,2017-11-03 12:00:00,MG,1.0,28637.0,28637.0
701,unknown,other,18.0,2018-05-11 12:00:00,SP,2.0,31253.0,31253.0
702,unknown,credit card,5.0,2017-08-17,MG,1.5,18476.0,18476.0
703,unknown,other,3.0,2017-03-23,sp,3.0,47156.0,47156.0
704,MARINGA,CREDIT CARD,3.0,VALORES EM FALTA,PR,3.5,15515.0,15515.0
705,UNKNOWN,CREDIT CARD,13.0,2018-07-26 12:00:00,MG,2.0,42939.0,42939.0
706,unknown,nones,6.0,2017-10-20 12:00:00,SP,1.0,8874.0,8874.0
707,unknown,credit card,7.0,no_info,sp,1.0,18858.0,18858.0
708,unknown,credit card,0.0,2017-06-07,PR,1.0,37087.0,37087.0
709,sao paulo,other,3.0,2018-08-14,sp,2.0,11771.0,11771.0
710,unknown,credit card,21.0,2018-08-27 12:00:00,sp,2.0,1212.0,1212.0
711,unknown,credit card,17.0,no_info,rs,3.5,41138.0,41138.0
712,unknown,credit card,15.0,no_info,sp,1.5,31282.0,31282.0
713,rio de janeiro,credit card,5.0,2018-05-24 12:00:00,RJ,5.0,52132.0,52132.0
714,unknown,credit card,8.0,2017-06-30 12:00:00,SP,1.0,40329.0,40329.0
715,SAO PAULO,CREDIT CARD,22.0,2017-04-10,SP,4.5,41219.0,41219.0
716,belo horizonte,credit card,3.0,2018-03-19 12:00:00,mg,1.5,46733.0,46733.0
717,NONES,VALORES EM FALTA,3.0,NO_INFO,NO_INFO,NO_INFO,48365.0,48365.0
718,sao paulo,credit card,16.0,2018-02-15 12:00:00,SP,3.5,54567.0,54567.0
719,guarulhos,credit card,3.0,2018-05-11,SP,1.0,57025.0,57025.0
720,valores em falta,credit card,17.0,2018-02-26,sp,1.0,45190.0,45190.0
721,unknown,credit card,15.0,nan,SP,2.0,6929.0,6929.0
722,sao paulo,credit card,21.0,2017-07-07 12:00:00,SP,3.0,10047.0,10047.0
723,unknown,valores em falta,7.0,nan,valores em falta,2.0,15705.0,15705.0
724,nan,credit card,10.0,valores em falta,nan,n/a,1225.0,1225.0
725,unknown,credit card,12.0,2018-06-21 12:00:00,MG,1.0,17915.0,17915.0
726,sao bernardo do campo,credit card,21.0,2018-04-18,sp,3.0,38300.0,38300.0
727,nones,credit card,3.0,2017-12-26,valores em falta,1.0,1351.0,1351.0
728,sao bernardo do campo,credit card,10.0,2018-08-20 12:00:00,SP,4.5,55708.0,55708.0
729,unknown,credit card,3.0,nan,rj,3.5,57421.0,57421.0
730,UNKNOWN,CREDIT CARD,20.0,2018-07-31 12:00:00,RS,4.5,7595.0,7595.0
731,VALORES EM FALTA,NAN,0.0,N/A,N/A,NONES,6553.0,6553.0
732,RIO DE JANEIRO,CREDIT CARD,24.0,2017-11-21 12:00:00,RJ,5.0,49683.0,49683.0
733,SAO PAULO,CREDIT CARD,6.0,2017-08-14,SP,4.0,8518.0,8518.0
734,sao paulo,credit card,8.0,2017-09-26 12:00:00,SP,4.5,45525.0,45525.0
735,sao paulo,credit card,20.0,2018-06-08 12:00:00,sp,2.0,12328.0,12328.0
736,belo horizonte,other,3.0,2017-11-03 12:00:00,mg,1.0,3909.0,3909.0
737,campinas,credit card,20.0,2018-08-15 12:00:00,sp,4.5,33955.0,33955.0
738,unknown,credit card,5.0,n/a,rs,2.5,62937.0,62937.0
739,rio de janeiro,credit card,0.0,2017-07-31 12:00:00,RJ,5.0,63525.0,63525.0
740,unknown,credit card,8.0,2017-12-20 12:00:00,sp,4.5,24786.0,24786.0
741,unknown,other,3.0,2018-07-30,mg,1.0,20980.0,20980.0
742,unknown,credit card,3.0,2017-12-08 12:00:00,RJ,4.0,20008.0,20008.0
743,guarulhos,other,10.0,2018-08-24 12:00:00,nan,1.0,8351.0,8351.0
744,UNKNOWN,OTHER,15.0,VALORES EM FALTA,SP,1.5,54240.0,54240.0
745,SAO BERNARDO DO CAMPO,CREDIT CARD,22.0,NO_INFO,SP,4.5,58482.0,58482.0
746,NO_INFO,NO_INFO,10.0,VALORES EM FALTA,NAN,2.0,60620.0,60620.0
747,BELO HORIZONTE,OTHER,14.0,2018-08-27,MG,2.0,63408.0,63408.0
748,unknown,credit card,19.0,2018-03-13 12:00:00,SP,3.0,18901.0,18901.0
749,unknown,credit card,5.0,2017-10-17 12:00:00,sp,2.5,31226.0,31226.0
750,unknown,credit card,8.0,2017-04-04,rs,4.5,16432.0,16432.0
751,unknown,other,15.0,2018-03-01,SP,1.0,19801.0,19801.0
752,UNKNOWN,CREDIT CARD,22.0,2017-06-07 12:00:00,MG,3.0,40065.0,40065.0
753,rio de janeiro,credit card,3.0,2018-04-10,rj,4.5,16146.0,16146.0
754,unknown,other,5.0,2018-07-12,RS,2.5,2685.0,2685.0
755,unknown,other,3.0,2018-08-17 12:00:00,sp,2.0,41025.0,41025.0
756,UNKNOWN,CREDIT CARD,4.0,VALORES EM FALTA,SP,3.0,48771.0,48771.0
757,niteroi,credit card,6.0,2018-04-26 12:00:00,RJ,5.0,7975.0,7975.0
758,unknown,other,3.0,no_info,RS,1.0,53111.0,53111.0
759,unknown,credit card,22.0,2017-05-09 12:00:00,valores em falta,4.0,53826.0,53826.0
760,unknown,other,8.0,2017-10-18 12:00:00,sp,2.5,5507.0,5507.0
761,unknown,other,9.0,2017-10-16 12:00:00,rj,2.5,45423.0,45423.0
762,unknown,credit card,14.0,2018-08-10 12:00:00,pr,1.0,50246.0,50246.0
763,unknown,other,22.0,2017-06-16 12:00:00,RJ,1.0,36810.0,36810.0
764,unknown,credit card,12.0,2018-07-16 12:00:00,pr,3.5,26541.0,26541.0
765,unknown,credit card,22.0,2018-02-07,pr,3.5,57755.0,57755.0
766,UNKNOWN,CREDIT CARD,5.0,2018-01-26,RS,2.5,62937.0,62937.0
767,sao goncalo,credit card,7.0,2018-07-16 12:00:00,rj,5.0,39984.0,39984.0
768,sao paulo,other,1.0,2017-04-10 12:00:00,sp,1.5,24516.0,24516.0
769,unknown,credit card,7.0,2018-02-16 12:00:00,sp,3.0,42547.0,42547.0
770,nova iguacu,nan,1.0,2017-08-24,rj,5.0,18256.0,18256.0
771,unknown,other,23.0,2017-10-19,rj,2.5,7458.0,7458.0
772,rio de janeiro,credit card,10.0,2017-03-14,rj,valores em falta,7164.0,7164.0
773,UNKNOWN,OTHER,19.0,2017-12-28 12:00:00,MG,1.0,29501.0,29501.0
774,UNKNOWN,CREDIT CARD,5.0,2017-09-15 12:00:00,SP,2.0,19720.0,19720.0
775,unknown,nones,23.0,2017-10-19,rj,2.5,7458.0,7458.0
776,n/a,credit card,17.0,nan,valores em falta,3.0,11767.0,11767.0
777,unknown,credit card,10.0,nan,rs,4.5,58209.0,58209.0
778,unknown,other,1.0,2018-05-29 12:00:00,sp,1.0,44198.0,44198.0
779,no_info,credit card,0.0,valores em falta,sp,4.0,50628.0,50628.0
780,rio de janeiro,credit card,21.0,2018-02-14 12:00:00,rj,5.0,44042.0,44042.0
781,UNKNOWN,CREDIT CARD,12.0,2018-03-21 12:00:00,SP,3.5,45431.0,45431.0
782,BELO HORIZONTE,CREDIT CARD,11.0,2017-05-23,MG,4.5,45126.0,45126.0
783,SAO PAULO,CREDIT CARD,10.0,VALORES EM FALTA,SP,2.5,157.0,157.0
784,nova iguacu,credit card,23.0,2017-08-23,rj,5.0,1787.0,1787.0
785,unknown,credit card,12.0,2017-11-14 12:00:00,rs,4.5,5303.0,5303.0
786,sao paulo,other,10.0,2018-01-15 12:00:00,sp,2.0,6805.0,6805.0
787,porto alegre,credit card,13.0,2018-05-07 12:00:00,RS,5.0,15638.0,15638.0
788,UNKNOWN,CREDIT CARD,8.0,2017-12-06,MG,1.0,2534.0,2534.0
789,unknown,other,1.0,2018-02-06 12:00:00,SP,2.0,11476.0,11476.0
790,BELO HORIZONTE,CREDIT CARD,13.0,2017-06-12 12:00:00,MG,4.0,45895.0,45895.0
791,CAMPINAS,CREDIT CARD,19.0,2018-08-06 12:00:00,SP,3.0,16783.0,16783.0
792,UNKNOWN,N/A,24.0,2017-07-11 12:00:00,SP,1.0,20268.0,20268.0
793,rio de janeiro,credit card,1.0,2017-10-27 12:00:00,RJ,5.0,17312.0,17312.0
794,UNKNOWN,CREDIT CARD,17.0,2018-03-01,SP,1.5,23323.0,23323.0
795,belo horizonte,credit card,4.0,2018-02-14 12:00:00,mg,2.0,44567.0,44567.0
796,MARINGA,CREDIT CARD,3.0,2018-06-07,PR,1.5,55435.0,55435.0
797,sao paulo,other,12.0,2018-01-15 12:00:00,sp,3.0,11511.0,11511.0
798,unknown,other,3.0,2018-04-02,PR,3.0,31945.0,31945.0
799,unknown,other,24.0,valores em falta,rs,3.5,18461.0,18461.0
800,sao paulo,credit card,8.0,2018-07-05 12:00:00,sp,1.0,20727.0,20727.0
801,SAO PAULO,CREDIT CARD,5.0,2018-03-26,SP,2.5,14390.0,14390.0
802,sao paulo,credit card,9.0,2017-11-17 12:00:00,sp,1.0,28177.0,28177.0
803,UBERLANDIA,OTHER,0.0,2018-06-05,MG,2.5,44821.0,44821.0
804,sao paulo,credit card,15.0,2018-03-23,sp,4.5,56237.0,56237.0
805,unknown,credit card,1.0,no_info,nan,valores em falta,4819.0,4819.0
806,unknown,other,5.0,2017-12-15,mg,1.0,1190.0,1190.0
807,SAO PAULO,CREDIT CARD,13.0,2018-06-19,SP,3.5,27288.0,27288.0
808,unknown,other,10.0,2018-07-16 12:00:00,rj,3.5,709.0,709.0
809,UNKNOWN,CREDIT CARD,10.0,2018-04-13,PR,1.0,6623.0,6623.0
810,rio de janeiro,credit card,5.0,2017-09-18 12:00:00,RJ,4.5,38479.0,38479.0
811,sao paulo,credit card,6.0,2018-02-14,SP,1.0,20327.0,20327.0
812,SAO PAULO,CREDIT CARD,11.0,2017-09-27 12:00:00,SP,1.0,63145.0,63145.0
813,unknown,credit card,10.0,2017-08-09 12:00:00,MG,2.0,2080.0,2080.0
814,porto alegre,n/a,4.0,2018-09-19 12:00:00,rs,4.5,56386.0,56386.0
815,sao paulo,credit card,13.0,2018-06-19,sp,3.5,27288.0,27288.0
816,unknown,credit card,4.0,2017-04-25 12:00:00,SP,3.0,6653.0,6653.0
817,unknown,credit card,20.0,2018-07-31 12:00:00,rs,4.5,7595.0,7595.0
818,unknown,other,9.0,2017-12-06 12:00:00,mg,1.0,34624.0,34624.0
819,unknown,credit card,16.0,2018-08-13 12:00:00,SP,3.0,6237.0,6237.0
820,nova iguacu,credit card,5.0,2018-08-23 12:00:00,rj,5.0,56073.0,56073.0
821,UNKNOWN,OTHER,7.0,2017-12-27 12:00:00,MG,2.5,21119.0,21119.0
822,unknown,credit card,3.0,2018-02-20 12:00:00,SP,3.0,452.0,452.0
823,n/a,valores em falta,11.0,nones,sp,no_info,27855.0,27855.0
824,sao paulo,other,20.0,2018-02-22 12:00:00,sp,1.0,26247.0,26247.0
825,unknown,credit card,3.0,2018-03-09,sp,1.0,24691.0,24691.0
826,UNKNOWN,CREDIT CARD,22.0,2018-06-11 12:00:00,RS,1.0,26642.0,26642.0
827,unknown,credit card,0.0,2018-05-23,sp,1.0,31720.0,31720.0
828,unknown,other,7.0,2017-04-25 12:00:00,sp,valores em falta,49109.0,49109.0
829,nones,nones,22.0,nan,no_info,n/a,27355.0,27355.0
830,JUIZ DE FORA,CREDIT CARD,17.0,2018-05-28,MG,1.0,29479.0,29479.0
831,RIO DE JANEIRO,NAN,10.0,2018-04-10,RJ,3.5,5726.0,5726.0
832,unknown,credit card,1.0,2017-12-21,pr,2.0,25952.0,25952.0
833,unknown,credit card,1.0,2017-07-19 12:00:00,sp,3.0,12864.0,12864.0
834,niteroi,credit card,8.0,2017-08-11 12:00:00,rj,5.0,11216.0,11216.0
835,sao paulo,credit card,23.0,2018-07-25 12:00:00,SP,1.0,26175.0,26175.0
836,juiz de fora,credit card,7.0,2017-08-29,mg,3.0,49863.0,49863.0
837,maringa,credit card,3.0,valores em falta,pr,3.5,15515.0,15515.0
838,PORTO ALEGRE,CREDIT CARD,17.0,VALORES EM FALTA,RS,1.0,51239.0,51239.0
839,sao paulo,credit card,4.0,2018-09-05 12:00:00,SP,1.0,56295.0,56295.0
840,unknown,credit card,5.0,n/a,sp,2.5,43882.0,43882.0
841,unknown,credit card,10.0,2018-08-31,PR,3.0,60731.0,60731.0
842,UNKNOWN,OTHER,8.0,2017-06-07 12:00:00,PR,1.0,35024.0,35024.0
843,SAO PAULO,CREDIT CARD,7.0,2018-08-13,SP,2.0,4500.0,4500.0
844,unknown,credit card,12.0,n/a,pr,1.0,26049.0,26049.0
845,porto alegre,credit card,13.0,n/a,RS,1.0,7321.0,7321.0
846,unknown,credit card,10.0,2018-07-27 12:00:00,SP,3.0,17085.0,17085.0
847,unknown,credit card,10.0,2018-02-15 12:00:00,sp,2.0,11275.0,11275.0
848,UNKNOWN,CREDIT CARD,1.0,2017-05-25,SP,2.5,9747.0,9747.0
849,belo horizonte,credit card,11.0,2018-07-04 12:00:00,MG,4.5,23861.0,23861.0
850,unknown,other,10.0,2018-08-06,RS,2.0,46666.0,46666.0
851,unknown,credit card,11.0,2017-10-05 12:00:00,SP,2.0,32695.0,32695.0
852,sao paulo,n/a,1.0,nan,sp,1.0,43131.0,43131.0
853,unknown,credit card,12.0,valores em falta,sp,1.0,28233.0,28233.0
854,CONTAGEM,OTHER,0.0,2018-08-06 12:00:00,MG,1.0,13426.0,13426.0
855,rio de janeiro,credit card,14.0,2018-01-16 12:00:00,rj,1.5,3232.0,3232.0
856,unknown,credit card,10.0,2018-05-11,RS,4.0,1506.0,1506.0
857,unknown,credit card,6.0,2018-08-17 12:00:00,sp,1.0,35271.0,35271.0
858,unknown,other,5.0,2018-04-05,sp,3.0,34617.0,34617.0
859,unknown,other,5.0,2018-05-02 12:00:00,SP,2.0,32401.0,32401.0
860,NAN,NAN,13.0,2018-03-09,VALORES EM FALTA,NAN,55223.0,55223.0
861,sao paulo,credit card,24.0,2017-03-21 12:00:00,SP,5.0,19273.0,19273.0
862,NO_INFO,NONES,10.0,NO_INFO,MG,NAN,60812.0,60812.0
863,unknown,other,9.0,2018-05-17,PR,1.0,31899.0,31899.0
864,SAO PAULO,OTHER,3.0,2018-08-20 12:00:00,SP,2.0,39781.0,39781.0
865,UNKNOWN,CREDIT CARD,9.0,NONES,SP,2.0,37622.0,37622.0
866,UNKNOWN,CREDIT CARD,15.0,2018-07-03 12:00:00,SP,1.0,292.0,292.0
867,unknown,credit card,5.0,2018-04-19 12:00:00,sp,1.5,24291.0,24291.0
868,porto alegre,credit card,13.0,2018-01-11 12:00:00,rs,1.0,11277.0,11277.0
869,curitiba,credit card,19.0,2017-12-18,PR,3.0,31567.0,31567.0
870,unknown,credit card,22.0,2018-04-11,sp,1.0,36089.0,36089.0
871,sao paulo,credit card,5.0,2018-08-23 12:00:00,sp,3.5,9816.0,9816.0
872,curitiba,credit card,10.0,2018-03-27 12:00:00,PR,1.0,39364.0,39364.0
873,rio de janeiro,credit card,13.0,2018-08-07,RJ,1.0,51817.0,51817.0
874,SAO PAULO,CREDIT CARD,16.0,2017-09-21 12:00:00,SP,NO_INFO,12968.0,12968.0
875,unknown,credit card,16.0,2017-12-05,RS,4.0,20544.0,20544.0
876,curitiba,other,21.0,2018-03-12,PR,1.0,58702.0,58702.0
877,nones,no_info,22.0,nones,n/a,1.0,36810.0,36810.0
878,nan,n/a,1.0,2018-06-20 12:00:00,valores em falta,2.5,50341.0,50341.0
879,curitiba,credit card,4.0,nones,pr,4.5,50128.0,50128.0
880,unknown,credit card,12.0,nan,rj,4.5,14380.0,14380.0
881,unknown,credit card,1.0,2017-08-18 12:00:00,sp,2.5,4280.0,4280.0
882,UNKNOWN,CREDIT CARD,3.0,2018-03-09,SP,2.0,11874.0,11874.0
883,rio de janeiro,credit card,0.0,2018-06-11 12:00:00,rj,5.0,11087.0,11087.0
884,porto alegre,credit card,1.0,n/a,rs,5.0,45058.0,45058.0
885,UNKNOWN,CREDIT CARD,22.0,2017-05-26,RJ,4.5,57166.0,57166.0
886,rio de janeiro,credit card,3.0,nan,RJ,5.0,18684.0,18684.0
887,rio de janeiro,credit card,3.0,2018-08-23,RJ,1.0,61453.0,61453.0
888,unknown,credit card,16.0,2018-07-03,rs,4.0,26757.0,26757.0
889,nan,n/a,16.0,nones,no_info,n/a,49351.0,49351.0
890,santo andre,credit card,19.0,2017-05-31,sp,1.0,17071.0,17071.0
891,unknown,credit card,2.0,2018-08-28 12:00:00,SP,1.0,31376.0,31376.0
892,unknown,credit card,17.0,2018-02-02 12:00:00,MG,2.5,14252.0,14252.0
893,curitiba,credit card,3.0,2017-12-29 12:00:00,pr,4.5,49681.0,49681.0
894,unknown,credit card,12.0,2018-08-02,MG,2.0,50565.0,50565.0
895,unknown,credit card,19.0,2018-04-26,sp,3.0,33984.0,33984.0
896,n/a,credit card,6.0,2018-08-08 12:00:00,RJ,4.5,8793.0,8793.0
897,CONTAGEM,OTHER,0.0,2018-08-06 12:00:00,MG,1.0,13426.0,13426.0
898,sao paulo,credit card,5.0,2017-05-29 12:00:00,sp,5.0,42339.0,42339.0
899,sao paulo,credit card,10.0,2018-02-19,sp,2.5,13294.0,13294.0
900,sao paulo,credit card,5.0,nones,sp,5.0,32347.0,32347.0
901,sao paulo,credit card,5.0,2018-07-25 12:00:00,sp,1.0,55669.0,55669.0
902,no_info,n/a,17.0,nan,no_info,no_info,10385.0,10385.0
903,UNKNOWN,OTHER,10.0,2018-03-09 12:00:00,MG,3.0,17396.0,17396.0
904,NONES,CREDIT CARD,10.0,2017-06-30 12:00:00,MG,1.0,20194.0,20194.0
905,curitiba,other,8.0,2017-08-29 12:00:00,pr,1.5,13542.0,13542.0
906,UNKNOWN,CREDIT CARD,15.0,2018-08-02 12:00:00,SP,2.5,14773.0,14773.0
907,sao paulo,credit card,13.0,nan,sp,1.0,9100.0,9100.0
908,unknown,credit card,1.0,2017-05-11,SP,2.0,29009.0,29009.0
909,unknown,other,3.0,no_info,sp,1.0,19144.0,19144.0
910,sao paulo,other,21.0,2018-08-01 12:00:00,sp,2.0,22685.0,22685.0
911,RIO DE JANEIRO,CREDIT CARD,3.0,2018-07-26 12:00:00,RJ,5.0,13462.0,13462.0
912,rio de janeiro,credit card,6.0,valores em falta,RJ,4.5,48347.0,48347.0
913,SAO PAULO,CREDIT CARD,5.0,2018-08-13 12:00:00,SP,2.5,11785.0,11785.0
914,unknown,credit card,1.0,2018-01-23 12:00:00,sp,1.0,7401.0,7401.0
915,sao paulo,credit card,1.0,2017-08-30 12:00:00,SP,1.0,50979.0,50979.0
916,valores em falta,credit card,20.0,nones,nones,valores em falta,36137.0,36137.0
917,PORTO ALEGRE,OTHER,13.0,2018-08-07 12:00:00,RS,5.0,23765.0,23765.0
918,cascavel,other,12.0,2018-08-31,pr,2.0,38044.0,38044.0
919,UNKNOWN,CREDIT CARD,5.0,2018-03-02 12:00:00,MG,1.0,32063.0,32063.0
920,unknown,credit card,3.0,2018-03-02,sp,1.0,9602.0,9602.0
921,UNKNOWN,CREDIT CARD,12.0,2017-11-14 12:00:00,RS,4.5,5303.0,5303.0
922,rio de janeiro,credit card,10.0,2017-11-23 12:00:00,rj,4.5,38061.0,38061.0
923,belo horizonte,credit card,0.0,n/a,mg,1.5,24907.0,24907.0
924,unknown,credit card,8.0,2017-09-26 12:00:00,mg,1.0,23966.0,23966.0
925,UNKNOWN,OTHER,5.0,2017-12-15,MG,1.0,1190.0,1190.0
926,sao bernardo do campo,credit card,4.0,2018-05-02 12:00:00,SP,4.5,19639.0,19639.0
927,unknown,credit card,21.0,2017-06-21,sp,1.0,50536.0,50536.0
928,unknown,credit card,21.0,2018-08-30 12:00:00,mg,3.5,33623.0,33623.0
929,unknown,credit card,7.0,no_info,RJ,4.5,2984.0,2984.0
930,unknown,credit card,8.0,2018-02-14 12:00:00,sp,3.0,20545.0,20545.0
931,sao paulo,credit card,5.0,2018-07-30 12:00:00,sp,2.5,2129.0,2129.0
932,unknown,credit card,12.0,2018-02-07 12:00:00,MG,1.0,30241.0,30241.0
933,sao paulo,credit card,2.0,2018-05-18 12:00:00,SP,1.0,37506.0,37506.0
934,sao paulo,other,0.0,2018-08-01,sp,3.0,35099.0,35099.0
935,RIO DE JANEIRO,CREDIT CARD,21.0,2017-07-18 12:00:00,RJ,5.0,13818.0,13818.0
936,sao paulo,credit card,20.0,2018-04-16 12:00:00,SP,3.0,60292.0,60292.0
937,unknown,credit card,17.0,2018-01-18 12:00:00,sp,3.5,7106.0,7106.0
938,nan,nones,3.0,2017-09-28 12:00:00,nones,nan,61250.0,61250.0
939,unknown,credit card,5.0,valores em falta,sp,2.0,62112.0,62112.0
940,UNKNOWN,CREDIT CARD,1.0,2017-05-31,RJ,4.0,25770.0,25770.0
941,SANTO ANDRE,CREDIT CARD,9.0,2017-12-27 12:00:00,SP,3.0,61672.0,61672.0
942,BELO HORIZONTE,CREDIT CARD,9.0,2018-06-29 12:00:00,MG,3.5,28857.0,28857.0
943,unknown,other,5.0,nan,sp,3.0,34617.0,34617.0
944,RIO DE JANEIRO,CREDIT CARD,7.0,2017-12-14 12:00:00,RJ,5.0,27603.0,27603.0
945,campinas,n/a,21.0,nan,SP,4.5,62254.0,62254.0
946,RIO DE JANEIRO,OTHER,10.0,NO_INFO,RJ,2.0,62618.0,62618.0
947,sao paulo,credit card,3.0,nones,sp,1.0,45823.0,45823.0
948,unknown,credit card,8.0,2017-09-19,mg,1.0,59887.0,59887.0
949,unknown,credit card,3.0,2018-02-22,sp,1.0,46040.0,46040.0
950,unknown,other,0.0,2017-07-18 12:00:00,MG,1.0,11665.0,11665.0
951,RIO DE JANEIRO,CREDIT CARD,3.0,2017-11-03,RJ,5.0,4762.0,4762.0
952,juiz de fora,credit card,17.0,2018-05-28,mg,1.0,29479.0,29479.0
953,sao paulo,credit card,8.0,2018-07-04,sp,4.5,54300.0,54300.0
954,unknown,credit card,17.0,2018-03-06 12:00:00,sp,2.0,30823.0,30823.0
955,UNKNOWN,CREDIT CARD,17.0,2017-10-30 12:00:00,SP,3.5,10385.0,10385.0
956,sao paulo,credit card,7.0,2017-08-02,sp,5.0,44518.0,44518.0
957,unknown,other,20.0,2017-08-30,pr,1.0,8598.0,8598.0
958,unknown,credit card,1.0,valores em falta,mg,3.0,3442.0,3442.0
959,unknown,credit card,9.0,no_info,mg,2.5,9923.0,9923.0
960,unknown,credit card,3.0,no_info,pr,3.0,57122.0,57122.0
961,unknown,credit card,1.0,2017-09-11 12:00:00,SP,3.5,45483.0,45483.0
962,santo andre,credit card,8.0,no_info,sp,4.0,49664.0,49664.0
963,UNKNOWN,CREDIT CARD,24.0,2017-03-27,MG,3.0,40518.0,40518.0
964,unknown,credit card,1.0,2018-02-02 12:00:00,sp,1.0,35418.0,35418.0
965,curitiba,credit card,10.0,2018-07-16 12:00:00,pr,3.0,49143.0,49143.0
966,unknown,credit card,7.0,2017-09-01,MG,2.5,32110.0,32110.0
967,sao paulo,credit card,5.0,2018-06-21 12:00:00,SP,1.0,37267.0,37267.0
968,unknown,credit card,21.0,2017-06-26 12:00:00,sp,1.0,19351.0,19351.0
969,unknown,credit card,20.0,2018-07-11,SP,3.0,29463.0,29463.0
970,unknown,credit card,10.0,2017-09-22 12:00:00,rs,4.0,7020.0,7020.0
971,SAO PAULO,CREDIT CARD,24.0,2018-08-17,SP,3.5,61663.0,61663.0
972,niteroi,other,10.0,2018-09-11 12:00:00,rj,5.0,15700.0,15700.0
973,UBERLANDIA,CREDIT CARD,23.0,NONES,MG,1.0,35755.0,35755.0
974,unknown,credit card,12.0,2018-05-21 12:00:00,sp,1.0,33003.0,33003.0
975,unknown,valores em falta,3.0,no_info,no_info,nan,51968.0,51968.0
976,unknown,credit card,3.0,2018-08-20 12:00:00,sp,3.0,51968.0,51968.0
977,UNKNOWN,OTHER,22.0,2018-07-13 12:00:00,RJ,4.5,39714.0,39714.0
978,unknown,credit card,11.0,2018-06-08,sp,2.5,62504.0,62504.0
979,unknown,credit card,11.0,2018-05-21 12:00:00,pr,2.0,12554.0,12554.0
980,unknown,credit card,5.0,2018-04-27 12:00:00,RS,n/a,44731.0,44731.0
981,unknown,other,7.0,2017-04-05 12:00:00,pr,1.0,61463.0,61463.0
982,canoas,credit card,22.0,2018-07-23 12:00:00,rs,5.0,55432.0,55432.0
983,rio de janeiro,credit card,13.0,2018-02-19 12:00:00,rj,3.0,17807.0,17807.0
984,NONES,VALORES EM FALTA,23.0,NO_INFO,MG,NAN,52312.0,52312.0
985,unknown,n/a,5.0,2017-10-27 12:00:00,RJ,1.5,53013.0,53013.0
986,unknown,credit card,9.0,2018-05-03 12:00:00,sp,4.5,19001.0,19001.0
987,nan,credit card,8.0,no_info,n/a,n/a,684.0,684.0
988,unknown,credit card,3.0,2017-08-22 12:00:00,rj,4.0,52425.0,52425.0
989,sao paulo,credit card,13.0,2017-12-01 12:00:00,SP,3.0,22540.0,22540.0
990,unknown,credit card,23.0,2017-06-01,SP,3.0,3294.0,3294.0
991,BELO HORIZONTE,CREDIT CARD,13.0,2017-06-12 12:00:00,MG,4.0,45895.0,45895.0
992,UNKNOWN,CREDIT CARD,3.0,2017-02-14,SP,3.0,44670.0,44670.0
993,sao paulo,credit card,5.0,2018-08-13 12:00:00,sp,2.5,11785.0,11785.0
994,unknown,other,0.0,2018-07-17,SP,1.5,46106.0,46106.0
995,rio de janeiro,credit card,0.0,2017-07-31 12:00:00,rj,5.0,63525.0,63525.0
996,unknown,credit card,2.0,2018-03-09 12:00:00,SP,3.5,20319.0,20319.0
997,unknown,nones,10.0,nan,valores em falta,nan,37084.0,37084.0
998,sao paulo,credit card,2.0,2017-12-15,SP,4.5,54387.0,54387.0
999,UNKNOWN,OTHER,0.0,2017-07-18 12:00:00,MG,1.0,11665.0,11665.0
1000,UNKNOWN,CREDIT CARD,18.0,2018-04-25 12:00:00,SP,2.0,58532.0,58532.0
1001,sao paulo,credit card,5.0,2018-08-23 12:00:00,sp,3.5,9816.0,9816.0
1002,valores em falta,nan,9.0,n/a,sp,2.0,52769.0,52769.0
1003,RIO DE JANEIRO,OTHER,19.0,2017-09-27 12:00:00,RJ,5.0,20884.0,20884.0
1004,unknown,valores em falta,3.0,valores em falta,RJ,4.5,14886.0,14886.0
1005,unknown,credit card,24.0,n/a,mg,3.0,53599.0,53599.0
1006,sao paulo,other,17.0,2018-08-15 12:00:00,sp,1.0,60060.0,60060.0
1007,rio de janeiro,nones,21.0,2017-08-29,RJ,1.5,53941.0,53941.0
1008,unknown,other,6.0,2018-05-24,SP,1.0,31798.0,31798.0
1009,juiz de fora,credit card,1.0,2018-07-19 12:00:00,MG,4.5,47272.0,47272.0
1010,unknown,credit card,21.0,2017-09-13 12:00:00,mg,2.0,36883.0,36883.0
1011,UNKNOWN,CREDIT CARD,23.0,2017-12-19 12:00:00,RJ,2.5,28941.0,28941.0
1012,UNKNOWN,CREDIT CARD,7.0,2018-05-25,SP,4.5,27195.0,27195.0
1013,SAO PAULO,CREDIT CARD,17.0,2017-04-17,SP,4.5,53537.0,53537.0
1014,unknown,other,16.0,2017-06-13 12:00:00,MG,1.0,48194.0,48194.0
1015,sao bernardo do campo,credit card,5.0,2018-03-08 12:00:00,SP,1.0,39446.0,39446.0
1016,unknown,credit card,21.0,2017-10-23 12:00:00,SP,2.0,52146.0,52146.0
1017,nones,no_info,11.0,no_info,nones,1.0,63145.0,63145.0
1018,unknown,credit card,7.0,valores em falta,sp,2.0,22071.0,22071.0
1019,belo horizonte,credit card,5.0,2017-07-13 12:00:00,MG,3.5,46272.0,46272.0
1020,porto alegre,credit card,3.0,2018-09-19 12:00:00,rs,4.5,59434.0,59434.0
1021,unknown,other,1.0,2018-05-08 12:00:00,sp,1.5,34637.0,34637.0
1022,sao paulo,credit card,7.0,2018-04-16 12:00:00,SP,1.5,27762.0,27762.0
1023,unknown,credit card,14.0,n/a,sp,3.5,17812.0,17812.0
1024,unknown,credit card,20.0,n/a,RJ,1.0,59065.0,59065.0
1025,unknown,other,10.0,2017-03-15 12:00:00,SP,1.0,37084.0,37084.0
1026,unknown,credit card,5.0,2018-03-28,rs,1.0,32516.0,32516.0
1027,CAMPINAS,CREDIT CARD,8.0,2017-08-08 12:00:00,SP,3.0,51687.0,51687.0
1028,nones,nones,18.0,nones,no_info,valores em falta,12734.0,12734.0
1029,unknown,credit card,0.0,valores em falta,sp,1.0,51058.0,51058.0
1030,unknown,credit card,0.0,nones,mg,1.5,32100.0,32100.0
1031,unknown,credit card,8.0,2018-07-24,SP,1.0,47698.0,47698.0
1032,sao paulo,credit card,7.0,n/a,nan,5.0,4691.0,4691.0
1033,sao paulo,other,16.0,2018-02-21,sp,3.5,4898.0,4898.0
1034,sao paulo,other,13.0,2017-06-12 12:00:00,sp,1.0,42465.0,42465.0
1035,RIO DE JANEIRO,CREDIT CARD,21.0,2018-02-14 12:00:00,RJ,5.0,44042.0,44042.0
1036,UNKNOWN,CREDIT CARD,3.0,2017-08-22 12:00:00,NAN,4.0,52425.0,52425.0
1037,unknown,credit card,16.0,nones,sp,2.5,13644.0,13644.0
1038,unknown,credit card,4.0,2018-05-29 12:00:00,sp,1.0,56536.0,56536.0
1039,unknown,other,22.0,2018-04-10 12:00:00,mg,1.0,19738.0,19738.0
1040,unknown,credit card,7.0,valores em falta,MG,2.0,57216.0,57216.0
1041,unknown,credit card,16.0,2018-05-14 12:00:00,sp,2.5,60350.0,60350.0
1042,CAMPINAS,CREDIT CARD,3.0,2017-05-22,SP,2.0,8839.0,8839.0
1043,unknown,credit card,13.0,2018-05-28 12:00:00,sp,1.0,24491.0,24491.0
1044,unknown,other,17.0,2018-05-18 12:00:00,sp,1.0,58241.0,58241.0
1045,sao paulo,credit card,1.0,2017-07-04 12:00:00,sp,5.0,54907.0,54907.0
1046,nova iguacu,credit card,1.0,2017-08-24,RJ,5.0,18256.0,18256.0
1047,uberaba,credit card,23.0,2017-12-19 12:00:00,MG,2.5,27907.0,27907.0
1048,unknown,credit card,22.0,2018-03-26,SP,2.5,29158.0,29158.0
1049,sao paulo,credit card,1.0,nan,sp,3.0,31999.0,31999.0
1050,BELO HORIZONTE,OTHER,7.0,2018-08-20,MG,3.5,20605.0,20605.0
1051,unknown,credit card,24.0,2017-05-02 12:00:00,sp,3.0,4718.0,4718.0
1052,unknown,credit card,1.0,2017-10-10,sp,2.5,4819.0,4819.0
1053,niteroi,credit card,4.0,2017-07-26 12:00:00,rj,1.0,18838.0,18838.0
1054,unknown,credit card,24.0,2017-12-11 12:00:00,mg,3.0,45911.0,45911.0
1055,unknown,credit card,20.0,2018-04-06,mg,2.0,41557.0,41557.0
1056,santa maria,credit card,14.0,2017-07-11 12:00:00,rs,1.0,5113.0,5113.0
1057,unknown,nan,10.0,2018-07-27,sp,2.5,29571.0,29571.0
1058,sao paulo,credit card,9.0,2017-12-26 12:00:00,sp,4.5,54133.0,54133.0
1059,nan,credit card,6.0,2018-03-07,MG,4.5,53550.0,53550.0
1060,SAO PAULO,CREDIT CARD,2.0,2017-07-07 12:00:00,SP,4.0,41708.0,41708.0
1061,unknown,credit card,1.0,2018-02-02 12:00:00,SP,1.0,35418.0,35418.0
1062,CASCAVEL,CREDIT CARD,7.0,2018-04-12 12:00:00,PR,1.0,35315.0,35315.0
1063,curitiba,credit card,23.0,2018-04-26 12:00:00,pr,4.5,62414.0,62414.0
1064,unknown,other,11.0,2017-07-19 12:00:00,sp,1.0,40059.0,40059.0
1065,sao paulo,other,12.0,valores em falta,SP,1.0,48913.0,48913.0
1066,sao paulo,credit card,12.0,2017-12-28 12:00:00,sp,2.5,43312.0,43312.0
1067,unknown,credit card,1.0,2018-06-20 12:00:00,sp,2.5,50341.0,50341.0
1068,UNKNOWN,CREDIT CARD,13.0,2018-03-16,SP,1.5,25443.0,25443.0
1069,SAO PAULO,CREDIT CARD,3.0,2017-10-09 12:00:00,SP,3.0,46353.0,46353.0
1070,unknown,other,3.0,2018-03-23,sp,1.0,3975.0,3975.0
1071,SAO PAULO,CREDIT CARD,7.0,2018-06-26,SP,1.0,17393.0,17393.0
1072,unknown,credit card,12.0,2018-06-21 12:00:00,mg,1.0,17915.0,17915.0
1073,unknown,credit card,9.0,no_info,sp,3.0,22286.0,22286.0
1074,unknown,credit card,14.0,2017-08-10 12:00:00,mg,3.5,14874.0,14874.0
1075,sao paulo,credit card,2.0,2017-12-15,SP,4.5,54387.0,54387.0
1076,unknown,credit card,1.0,2017-12-13 12:00:00,SP,1.0,27241.0,27241.0
1077,unknown,other,22.0,2017-12-18 12:00:00,MG,no_info,28726.0,28726.0
1078,unknown,credit card,20.0,2017-10-24,sp,1.0,53434.0,53434.0
1079,unknown,n/a,16.0,2018-04-19 12:00:00,valores em falta,3.5,49351.0,49351.0
1080,unknown,other,3.0,2018-01-05 12:00:00,sp,3.0,15340.0,15340.0
1081,campinas,credit card,24.0,2018-05-25 12:00:00,sp,1.0,29269.0,29269.0
1082,unknown,credit card,10.0,2018-04-12 12:00:00,sp,2.5,47386.0,47386.0
1083,sao paulo,credit card,7.0,2017-11-10 12:00:00,sp,3.5,14185.0,14185.0
1084,sao paulo,credit card,5.0,2018-06-21 12:00:00,sp,n/a,37267.0,37267.0
1085,SAO PAULO,CREDIT CARD,11.0,2018-07-17,SP,4.0,19246.0,19246.0
1086,belo horizonte,credit card,21.0,2018-07-20,MG,3.5,39661.0,39661.0
1087,niteroi,other,17.0,2018-07-13 12:00:00,RJ,2.0,48466.0,48466.0
1088,UNKNOWN,CREDIT CARD,22.0,2017-06-07 12:00:00,MG,3.0,40065.0,40065.0
1089,unknown,credit card,0.0,2017-03-06 12:00:00,sp,3.0,8653.0,8653.0
1090,unknown,credit card,13.0,2017-11-22,SP,3.0,59965.0,59965.0
1091,PONTA GROSSA,CREDIT CARD,5.0,2018-05-23,PR,2.0,17446.0,17446.0
1092,SAO PAULO,CREDIT CARD,13.0,NAN,SP,1.0,9100.0,9100.0
1093,unknown,credit card,1.0,2018-05-16,mg,1.5,30364.0,30364.0
1094,unknown,other,5.0,2018-07-30 12:00:00,SP,1.0,54255.0,54255.0
1095,NITEROI,CREDIT CARD,13.0,2018-02-14 12:00:00,RJ,4.5,58506.0,58506.0
1096,sao paulo,other,3.0,nan,sp,1.0,31521.0,31521.0
1097,rio de janeiro,credit card,7.0,2017-12-28 12:00:00,rj,4.5,14990.0,14990.0
1098,sao paulo,other,7.0,no_info,SP,2.0,26731.0,26731.0
1099,unknown,other,13.0,nones,mg,1.0,48011.0,48011.0
1100,nan,nan,3.0,valores em falta,no_info,n/a,49681.0,49681.0
1101,unknown,credit card,0.0,nan,sp,2.0,9465.0,9465.0
1102,UNKNOWN,CREDIT CARD,7.0,2018-03-29 12:00:00,MG,1.0,39272.0,39272.0
1103,sao paulo,other,6.0,2018-03-01,SP,2.5,32902.0,32902.0
1104,unknown,credit card,5.0,2018-03-02 12:00:00,MG,1.0,32063.0,32063.0
1105,sao paulo,credit card,23.0,2017-02-27 12:00:00,SP,5.0,6033.0,6033.0
1106,UNKNOWN,CREDIT CARD,20.0,2017-07-25 12:00:00,RJ,4.5,2641.0,2641.0
1107,nova iguacu,credit card,12.0,2018-03-22,rj,5.0,57563.0,57563.0
1108,guarulhos,credit card,19.0,2018-05-24 12:00:00,SP,3.0,19987.0,19987.0
1109,unknown,other,17.0,2017-08-01 12:00:00,PR,1.0,46687.0,46687.0
1110,UNKNOWN,CREDIT CARD,3.0,2017-07-19 12:00:00,RS,4.5,54983.0,54983.0
1111,rio de janeiro,credit card,19.0,2017-03-14 12:00:00,rj,1.0,48530.0,48530.0
1112,SAO PAULO,CREDIT CARD,9.0,VALORES EM FALTA,SP,3.0,10382.0,10382.0
1113,unknown,credit card,8.0,2017-06-02 12:00:00,SP,3.0,17850.0,17850.0
1114,SAO PAULO,CREDIT CARD,16.0,2017-09-15,SP,4.0,50826.0,50826.0
1115,sao paulo,credit card,9.0,2017-11-28 12:00:00,sp,4.0,14099.0,14099.0
1116,rio de janeiro,nones,10.0,no_info,no_info,nones,5108.0,5108.0
1117,sao paulo,other,20.0,2018-01-08 12:00:00,sp,1.0,56548.0,56548.0
1118,belo horizonte,credit card,10.0,2018-07-04 12:00:00,MG,2.5,22812.0,22812.0
1119,unknown,other,7.0,2018-07-25 12:00:00,mg,2.0,42154.0,42154.0
1120,contagem,credit card,3.0,2017-11-22,mg,3.0,57066.0,57066.0
1121,unknown,credit card,16.0,2017-08-31 12:00:00,MG,2.5,52042.0,52042.0
1122,santo andre,credit card,16.0,2017-10-19,sp,3.0,23194.0,23194.0
1123,guarulhos,credit card,1.0,2017-09-06 12:00:00,sp,3.5,57891.0,57891.0
1124,unknown,credit card,16.0,2017-08-31 12:00:00,mg,2.5,52042.0,52042.0
1125,unknown,credit card,16.0,2018-08-13 12:00:00,SP,3.0,6237.0,6237.0
1126,juiz de fora,credit card,8.0,2018-09-10,MG,1.0,61033.0,61033.0
1127,unknown,credit card,11.0,2018-05-17 12:00:00,SP,1.0,9584.0,9584.0
1128,sao bernardo do campo,credit card,20.0,valores em falta,SP,1.5,3740.0,3740.0
1129,rio de janeiro,credit card,7.0,2017-09-29 12:00:00,rj,1.0,46210.0,46210.0
1130,unknown,credit card,5.0,2018-01-16 12:00:00,mg,2.5,34814.0,34814.0
1131,SAO PAULO,CREDIT CARD,17.0,2017-12-05,SP,4.5,32182.0,32182.0
1132,rio de janeiro,n/a,7.0,valores em falta,RJ,nan,14990.0,14990.0
1133,sao paulo,credit card,20.0,2018-04-16 12:00:00,sp,3.0,60292.0,60292.0
1134,rio de janeiro,credit card,0.0,2018-01-04,rj,5.0,15438.0,15438.0
1135,UNKNOWN,CREDIT CARD,17.0,NO_INFO,MG,2.0,37660.0,37660.0
1136,niteroi,credit card,12.0,2018-07-12,rj,5.0,26056.0,26056.0
1137,UNKNOWN,CREDIT CARD,11.0,2017-10-25 12:00:00,SP,3.0,36812.0,36812.0
1138,unknown,credit card,6.0,2018-05-09,sp,2.5,44016.0,44016.0
1139,unknown,credit card,12.0,2017-08-10 12:00:00,rs,1.0,302.0,302.0
1140,unknown,credit card,0.0,2018-04-05 12:00:00,sp,2.0,25628.0,25628.0
1141,SAO PAULO,CREDIT CARD,3.0,2017-10-09 12:00:00,SP,3.0,46353.0,46353.0
1142,unknown,credit card,4.0,2017-04-25 12:00:00,valores em falta,3.0,6653.0,6653.0
1143,unknown,credit card,1.0,2017-09-11 12:00:00,SP,3.5,45483.0,45483.0
1144,sao paulo,credit card,10.0,2017-10-11 12:00:00,sp,2.0,12846.0,12846.0
1145,unknown,credit card,1.0,2018-01-05 12:00:00,sp,3.0,18940.0,18940.0
1146,unknown,credit card,21.0,2018-08-31 12:00:00,sp,2.5,55086.0,55086.0
1147,unknown,credit card,3.0,nones,sp,1.0,11448.0,11448.0
1148,unknown,credit card,21.0,2018-02-06 12:00:00,mg,2.0,20707.0,20707.0
1149,unknown,credit card,0.0,2017-05-29 12:00:00,rs,4.5,50660.0,50660.0
1150,SAO PAULO,CREDIT CARD,6.0,2017-12-21 12:00:00,SP,4.5,50923.0,50923.0
1151,sao paulo,credit card,17.0,2018-01-10 12:00:00,sp,4.0,29290.0,29290.0
1152,unknown,credit card,17.0,2018-04-23 12:00:00,rj,1.0,36397.0,36397.0
1153,SAO PAULO,OTHER,12.0,2018-01-15 12:00:00,SP,3.0,11511.0,11511.0
1154,no_info,n/a,0.0,no_info,nan,nones,20813.0,20813.0
1155,sao paulo,other,17.0,2017-09-08,SP,1.5,9273.0,9273.0
1156,SAO PAULO,CREDIT CARD,24.0,2018-07-17 12:00:00,SP,2.0,52637.0,52637.0
1157,UNKNOWN,CREDIT CARD,6.0,2017-10-20 12:00:00,SP,1.0,8874.0,8874.0
1158,unknown,credit card,0.0,2017-08-21,rj,3.0,56552.0,56552.0
1159,rio de janeiro,credit card,19.0,2017-05-04,rj,5.0,35923.0,35923.0
1160,unknown,other,13.0,2018-04-09 12:00:00,rj,2.0,58399.0,58399.0
1161,nan,n/a,11.0,n/a,nones,nan,63145.0,63145.0
1162,sao paulo,credit card,20.0,2017-11-01 12:00:00,sp,3.5,34990.0,34990.0
1163,unknown,credit card,7.0,2018-03-07 12:00:00,sp,2.0,43940.0,43940.0
1164,unknown,credit card,9.0,2018-06-01,SP,1.0,51550.0,51550.0
1165,unknown,credit card,5.0,2018-01-31,RJ,1.0,51883.0,51883.0
1166,sao paulo,credit card,1.0,nan,SP,3.0,31999.0,31999.0
1167,curitiba,credit card,19.0,2017-12-18,pr,3.0,31567.0,31567.0
1168,rio de janeiro,credit card,21.0,2018-07-26,rj,1.0,56210.0,56210.0
1169,RIO DE JANEIRO,CREDIT CARD,7.0,2017-12-14 12:00:00,RJ,5.0,1279.0,1279.0
1170,unknown,credit card,22.0,2018-04-12,sp,1.0,41896.0,41896.0
1171,unknown,credit card,1.0,2017-09-13 12:00:00,SP,1.0,24863.0,24863.0
1172,unknown,credit card,4.0,2017-09-21,sp,3.0,59897.0,59897.0
1173,SAO PAULO,OTHER,12.0,2017-09-21,SP,3.5,29279.0,29279.0
1174,unknown,credit card,24.0,n/a,mg,3.0,53599.0,53599.0
1175,unknown,other,6.0,2017-08-16,rs,3.0,52095.0,52095.0
1176,unknown,credit card,3.0,2018-02-21,sp,2.5,32082.0,32082.0
1177,rio de janeiro,other,14.0,2018-08-15 12:00:00,RJ,3.5,28929.0,28929.0
1178,sao paulo,credit card,9.0,2017-12-26 12:00:00,sp,4.5,54133.0,54133.0
1179,unknown,credit card,1.0,2018-05-17,SP,2.0,49055.0,49055.0
1180,nones,nan,1.0,n/a,nan,4.5,59081.0,59081.0
1181,sao bernardo do campo,credit card,4.0,2018-05-02 12:00:00,SP,4.5,19639.0,19639.0
1182,unknown,credit card,6.0,2018-08-17 12:00:00,SP,1.0,35271.0,35271.0
1183,unknown,other,22.0,2017-12-11,SP,1.0,62032.0,62032.0
1184,UNKNOWN,CREDIT CARD,3.0,2018-03-09,SP,2.0,11874.0,11874.0
1185,guarulhos,credit card,3.0,nan,SP,4.5,3672.0,3672.0
1186,unknown,credit card,0.0,2018-09-06 12:00:00,rj,4.5,6553.0,6553.0
1187,sao paulo,credit card,3.0,2017-10-03 12:00:00,sp,4.0,2530.0,2530.0
1188,belo horizonte,credit card,8.0,2017-07-10,MG,4.5,8366.0,8366.0
1189,unknown,credit card,10.0,2018-03-01 12:00:00,sp,1.0,16674.0,16674.0
1190,sao paulo,credit card,20.0,2018-06-29 12:00:00,sp,1.0,43724.0,43724.0
1191,campinas,credit card,7.0,2018-03-26 12:00:00,sp,1.5,14850.0,14850.0
1192,sao paulo,credit card,10.0,2017-04-13 12:00:00,sp,1.0,31193.0,31193.0
1193,unknown,other,1.0,2018-03-15,sp,1.0,61010.0,61010.0
1194,RIO DE JANEIRO,OTHER,7.0,2018-05-11 12:00:00,RJ,3.0,13105.0,13105.0
1195,belo horizonte,credit card,9.0,2018-06-29 12:00:00,mg,3.5,28857.0,28857.0
1196,unknown,other,1.0,n/a,no_info,1.5,42496.0,42496.0
1197,campinas,other,17.0,2018-08-20 12:00:00,sp,2.0,39409.0,39409.0
1198,UNKNOWN,CREDIT CARD,7.0,N/A,MG,2.0,15705.0,15705.0
1199,SAO PAULO,OTHER,22.0,2017-10-18 12:00:00,SP,1.5,38431.0,38431.0
1200,londrina,credit card,10.0,2018-08-06,pr,1.0,20846.0,20846.0
1201,sao paulo,credit card,5.0,2018-07-04 12:00:00,sp,3.5,28291.0,28291.0
1202,unknown,credit card,20.0,2017-10-24,sp,1.0,53434.0,53434.0
1203,maringa,other,5.0,2018-07-26 12:00:00,pr,1.5,20580.0,20580.0
1204,belo horizonte,credit card,3.0,2018-03-07,mg,3.5,1129.0,1129.0
1205,unknown,credit card,17.0,2017-04-19 12:00:00,MG,3.0,16271.0,16271.0
1206,londrina,credit card,20.0,2018-02-01,pr,3.5,28444.0,28444.0
1207,unknown,credit card,7.0,2018-08-27,mg,1.0,57388.0,57388.0
1208,maringa,credit card,10.0,2017-06-21 12:00:00,pr,5.0,27085.0,27085.0
1209,UNKNOWN,CREDIT CARD,3.0,2017-09-28 12:00:00,SP,1.0,61250.0,61250.0
1210,rio de janeiro,n/a,10.0,n/a,RJ,no_info,25099.0,25099.0
1211,valores em falta,n/a,7.0,2018-04-12 12:00:00,no_info,nan,35315.0,35315.0
1212,unknown,credit card,20.0,2018-04-05 12:00:00,MG,1.0,36137.0,36137.0
1213,unknown,credit card,7.0,2018-05-15 12:00:00,sp,3.0,34682.0,34682.0
1214,maringa,credit card,10.0,no_info,n/a,5.0,27085.0,27085.0
1215,unknown,credit card,1.0,2017-08-15 12:00:00,SP,3.5,57675.0,57675.0
1216,unknown,other,3.0,no_info,SP,1.0,19144.0,19144.0
1217,UNKNOWN,CREDIT CARD,12.0,NAN,RJ,4.5,14380.0,14380.0
1218,UNKNOWN,CREDIT CARD,3.0,2018-08-01,RS,4.5,4620.0,4620.0
1219,unknown,credit card,7.0,2017-08-01 12:00:00,sp,3.0,40965.0,40965.0
1220,unknown,credit card,5.0,2018-04-26,sp,2.5,22129.0,22129.0
1221,unknown,nones,10.0,nones,n/a,valores em falta,14001.0,14001.0
1222,sao paulo,credit card,7.0,2017-11-23 12:00:00,SP,1.0,14936.0,14936.0
1223,unknown,credit card,14.0,2018-05-30 12:00:00,sp,2.5,56617.0,56617.0
1224,niteroi,credit card,10.0,2017-09-25 12:00:00,rj,5.0,62892.0,62892.0
1225,unknown,credit card,10.0,2018-03-07 12:00:00,mg,2.5,21207.0,21207.0
1226,unknown,credit card,19.0,2018-04-02,sp,2.0,9679.0,9679.0
1227,unknown,credit card,0.0,2018-04-05 12:00:00,sp,2.0,25628.0,25628.0
1228,unknown,other,16.0,2018-05-03,sp,1.0,59169.0,59169.0
1229,sao paulo,credit card,7.0,2017-11-10 12:00:00,SP,3.5,14185.0,14185.0
1230,sao paulo,credit card,5.0,2018-05-25,sp,4.0,36175.0,36175.0
1231,unknown,other,1.0,2017-12-29 12:00:00,mg,1.0,24626.0,24626.0
1232,sao paulo,credit card,7.0,2018-01-04 12:00:00,SP,4.5,32465.0,32465.0
1233,unknown,credit card,22.0,n/a,SP,2.5,40455.0,40455.0
1234,RIO DE JANEIRO,CREDIT CARD,13.0,2018-02-19 12:00:00,RJ,3.0,17807.0,17807.0
1235,unknown,credit card,5.0,2018-07-19,rj,4.0,42073.0,42073.0
1236,unknown,credit card,21.0,2018-04-06 12:00:00,sp,2.5,5266.0,5266.0
1237,nones,no_info,3.0,nones,valores em falta,n/a,45823.0,45823.0
1238,sao paulo,credit card,3.0,nones,SP,no_info,41115.0,41115.0
1239,sao paulo,credit card,0.0,2018-06-01,sp,1.5,47825.0,47825.0
1240,UNKNOWN,CREDIT CARD,5.0,2017-10-10 12:00:00,SP,2.0,29335.0,29335.0
1241,sao paulo,credit card,17.0,2018-04-23 12:00:00,SP,2.0,42750.0,42750.0
1242,belo horizonte,credit card,8.0,2017-10-03 12:00:00,mg,3.0,684.0,684.0
1243,rio de janeiro,credit card,5.0,n/a,rj,5.0,5597.0,5597.0
1244,CAMPINAS,CREDIT CARD,3.0,2017-05-22,SP,2.0,8839.0,8839.0
1245,SAO PAULO,OTHER,5.0,NO_INFO,SP,1.0,52205.0,52205.0
1246,pelotas,credit card,22.0,2018-04-09 12:00:00,rs,1.0,20864.0,20864.0
1247,UNKNOWN,CREDIT CARD,12.0,2018-02-16 12:00:00,RS,4.5,5340.0,5340.0
1248,sao paulo,nones,12.0,valores em falta,SP,1.0,48913.0,48913.0
1249,sao paulo,other,21.0,2017-07-03,SP,2.5,22078.0,22078.0
1250,nones,valores em falta,23.0,nan,sp,no_info,46986.0,46986.0
1251,unknown,credit card,16.0,2017-04-13 12:00:00,rs,3.0,28887.0,28887.0
1252,UNKNOWN,N/A,7.0,NONES,RS,1.5,58804.0,58804.0
1253,BELO HORIZONTE,CREDIT CARD,1.0,2017-10-05 12:00:00,MG,4.5,4662.0,4662.0
1254,cascavel,credit card,7.0,no_info,pr,1.0,35315.0,35315.0
1255,contagem,credit card,12.0,valores em falta,mg,4.0,4131.0,4131.0
1256,nova iguacu,credit card,12.0,2018-03-22,RJ,5.0,57563.0,57563.0
1257,unknown,credit card,22.0,2018-05-10,rj,4.5,8056.0,8056.0
1258,unknown,credit card,10.0,2018-07-27 12:00:00,sp,3.0,17085.0,17085.0
1259,UNKNOWN,CREDIT CARD,10.0,2017-06-19 12:00:00,SP,3.0,4198.0,4198.0
1260,nones,nan,1.0,nan,nones,n/a,4955.0,4955.0
1261,unknown,credit card,21.0,2017-10-23 12:00:00,sp,2.0,52146.0,52146.0
1262,UNKNOWN,CREDIT CARD,6.0,2018-08-16 12:00:00,SP,2.0,61320.0,61320.0
1263,unknown,no_info,1.0,2018-02-06 12:00:00,nones,nones,11476.0,11476.0
1264,sao paulo,credit card,18.0,2018-08-02 12:00:00,sp,2.0,12734.0,12734.0
1265,belo horizonte,credit card,8.0,2017-10-03 12:00:00,mg,3.0,684.0,684.0
1266,unknown,credit card,7.0,2018-05-15 12:00:00,sp,3.0,34682.0,34682.0
1267,unknown,credit card,5.0,nan,SP,1.0,51214.0,51214.0
1268,guarulhos,credit card,22.0,nones,SP,1.0,61055.0,61055.0
1269,pelotas,other,6.0,2018-03-29,RS,4.5,9155.0,9155.0
1270,no_info,valores em falta,19.0,valores em falta,sp,no_info,16783.0,16783.0
1271,sao paulo,credit card,16.0,2018-08-24 12:00:00,sp,1.5,52459.0,52459.0
1272,nan,n/a,8.0,2017-09-06,n/a,no_info,4374.0,4374.0
1273,CAMPINAS,CREDIT CARD,11.0,2017-07-26 12:00:00,SP,3.5,20536.0,20536.0
1274,unknown,credit card,7.0,2017-05-25 12:00:00,mg,3.5,13676.0,13676.0
1275,unknown,credit card,9.0,2018-09-03 12:00:00,sp,2.0,14371.0,14371.0
1276,SAO BERNARDO DO CAMPO,CREDIT CARD,9.0,VALORES EM FALTA,SP,1.5,17939.0,17939.0
1277,sao paulo,other,17.0,2018-08-15 12:00:00,sp,1.0,60060.0,60060.0
1278,unknown,other,5.0,2018-02-14 12:00:00,sp,1.0,9933.0,9933.0
1279,belo horizonte,credit card,0.0,2017-10-11 12:00:00,mg,1.5,24907.0,24907.0
1280,campinas,credit card,7.0,2018-03-26 12:00:00,sp,nan,14850.0,14850.0
1281,unknown,no_info,1.0,nan,rj,3.5,52377.0,52377.0
1282,unknown,other,5.0,nones,SP,1.0,44462.0,44462.0
1283,unknown,other,3.0,2018-08-17 12:00:00,valores em falta,2.0,41025.0,41025.0
1284,RIO DE JANEIRO,CREDIT CARD,5.0,2017-12-26 12:00:00,RJ,5.0,5966.0,5966.0
1285,sao paulo,other,3.0,2018-05-30,sp,1.5,61039.0,61039.0
1286,pelotas,credit card,17.0,2018-06-05 12:00:00,RS,1.0,14944.0,14944.0
1287,UNKNOWN,CREDIT CARD,20.0,NAN,MG,1.0,25575.0,25575.0
1288,unknown,credit card,0.0,valores em falta,sp,1.0,51058.0,51058.0
1289,rio de janeiro,credit card,23.0,2018-01-08 12:00:00,rj,1.0,20610.0,20610.0
1290,RIO DE JANEIRO,CREDIT CARD,17.0,2017-08-11,RJ,5.0,38213.0,38213.0
1291,contagem,credit card,5.0,nan,mg,1.5,61263.0,61263.0
1292,UNKNOWN,CREDIT CARD,8.0,2017-09-26 12:00:00,MG,1.0,23966.0,23966.0
1293,unknown,credit card,12.0,2018-08-02,mg,2.0,50565.0,50565.0
1294,unknown,credit card,17.0,2018-02-01 12:00:00,mg,2.0,18357.0,18357.0
1295,belo horizonte,other,1.0,nan,mg,4.0,18.0,18.0
1296,sao paulo,nan,2.0,no_info,no_info,n/a,28466.0,28466.0
1297,unknown,credit card,3.0,2017-12-05,PR,2.5,27054.0,27054.0
1298,N/A,VALORES EM FALTA,3.0,NAN,NO_INFO,VALORES EM FALTA,28871.0,28871.0
1299,sao paulo,credit card,22.0,2018-07-18,sp,2.5,34629.0,34629.0
1300,unknown,other,11.0,2018-07-30 12:00:00,RJ,3.0,30402.0,30402.0
1301,UNKNOWN,CREDIT CARD,9.0,2017-07-28 12:00:00,SP,2.5,62543.0,62543.0
1302,unknown,credit card,22.0,2017-09-25 12:00:00,sp,2.5,40455.0,40455.0
1303,sao paulo,other,23.0,2018-05-03 12:00:00,sp,3.0,53723.0,53723.0
1304,sao paulo,credit card,19.0,2018-04-12 12:00:00,SP,1.0,18682.0,18682.0
1305,RIO DE JANEIRO,CREDIT CARD,14.0,2018-01-16 12:00:00,RJ,1.5,3232.0,3232.0
1306,unknown,credit card,10.0,nones,sp,3.0,14001.0,14001.0
1307,N/A,CREDIT CARD,3.0,2018-07-11,SP,3.0,45340.0,45340.0
1308,unknown,nan,15.0,n/a,no_info,valores em falta,19801.0,19801.0
1309,no_info,credit card,14.0,2017-08-15,sp,3.0,37623.0,37623.0
1310,unknown,other,1.0,2018-02-26 12:00:00,PR,2.0,26031.0,26031.0
1311,CONTAGEM,CREDIT CARD,5.0,NAN,MG,1.5,61263.0,61263.0
1312,sao paulo,credit card,5.0,2018-07-25 12:00:00,sp,1.0,55669.0,55669.0
1313,unknown,credit card,7.0,2017-09-12,rs,4.5,45984.0,45984.0
1314,sao paulo,credit card,3.0,2017-09-15 12:00:00,SP,4.0,44361.0,44361.0
1315,UNKNOWN,CREDIT CARD,17.0,2017-12-29 12:00:00,MG,2.5,15240.0,15240.0
1316,sao paulo,credit card,7.0,2018-04-25,sp,3.5,53993.0,53993.0
1317,UNKNOWN,OTHER,9.0,2018-07-25 12:00:00,SP,2.0,19422.0,19422.0
1318,unknown,credit card,11.0,2017-03-20 12:00:00,SP,3.5,39702.0,39702.0
1319,rio de janeiro,credit card,8.0,n/a,rj,5.0,59724.0,59724.0
1320,unknown,credit card,5.0,2017-11-13 12:00:00,pr,1.0,11068.0,11068.0
1321,nan,other,17.0,2018-08-14 12:00:00,rs,3.0,7778.0,7778.0
1322,porto alegre,credit card,13.0,2018-01-11 12:00:00,rs,1.0,11277.0,11277.0
1323,unknown,credit card,5.0,2017-11-27,sp,2.0,33165.0,33165.0
1324,unknown,other,6.0,2018-05-24,SP,1.0,31798.0,31798.0
1325,unknown,credit card,19.0,2017-06-12 12:00:00,sp,4.0,21547.0,21547.0
1326,UNKNOWN,NONES,11.0,2017-05-10,SP,4.5,54997.0,54997.0
1327,sao paulo,other,13.0,2018-07-25 12:00:00,sp,1.0,19824.0,19824.0
1328,unknown,credit card,19.0,2017-06-01,SP,1.0,38399.0,38399.0
1329,UNKNOWN,CREDIT CARD,21.0,2018-08-31 12:00:00,SP,2.5,55086.0,55086.0
1330,rio de janeiro,credit card,16.0,n/a,rj,no_info,17585.0,17585.0
1331,unknown,other,0.0,2018-06-20 12:00:00,rs,3.0,20813.0,20813.0
1332,unknown,credit card,17.0,2018-03-06 12:00:00,sp,2.0,30823.0,30823.0
1333,UNKNOWN,OTHER,10.0,2017-10-26,SP,1.0,62881.0,62881.0
1334,unknown,credit card,3.0,2017-09-28 12:00:00,sp,1.0,61250.0,61250.0
1335,sao goncalo,credit card,7.0,nan,rj,5.0,39984.0,39984.0
1336,unknown,no_info,20.0,2017-12-14 12:00:00,sp,3.0,17659.0,17659.0
1337,unknown,credit card,17.0,2018-03-07,SP,3.5,54830.0,54830.0
1338,UNKNOWN,OTHER,24.0,2017-07-11 12:00:00,SP,1.0,20268.0,20268.0
1339,unknown,other,22.0,2018-01-08 12:00:00,SP,3.0,6844.0,6844.0
1340,UNKNOWN,CREDIT CARD,10.0,NONES,MG,2.0,37192.0,37192.0
1341,rio de janeiro,credit card,1.0,2017-11-08 12:00:00,rj,1.0,4955.0,4955.0
1342,rio de janeiro,credit card,12.0,2017-06-01 12:00:00,rj,5.0,42630.0,42630.0
1343,unknown,nones,3.0,2018-01-24 12:00:00,nones,1.5,17862.0,17862.0
1344,sao paulo,credit card,9.0,2018-07-17,sp,3.5,49877.0,49877.0
1345,SAO PAULO,CREDIT CARD,3.0,VALORES EM FALTA,SP,2.0,23268.0,23268.0
1346,SAO PAULO,CREDIT CARD,17.0,2017-11-27,SP,4.0,39908.0,39908.0
1347,unknown,credit card,8.0,2017-06-09,mg,2.0,10489.0,10489.0
1348,RIO DE JANEIRO,CREDIT CARD,11.0,2017-08-08,RJ,1.0,38851.0,38851.0
1349,sao paulo,credit card,6.0,2018-08-27 12:00:00,SP,1.0,35166.0,35166.0
1350,UNKNOWN,CREDIT CARD,24.0,2018-03-05 12:00:00,SP,3.0,63030.0,63030.0
1351,VALORES EM FALTA,CREDIT CARD,4.0,2017-12-22,RJ,4.5,56445.0,56445.0
1352,unknown,credit card,5.0,no_info,sp,1.0,40510.0,40510.0
1353,santo andre,credit card,19.0,nan,nones,nones,17071.0,17071.0
1354,sao paulo,other,10.0,n/a,sp,2.5,51495.0,51495.0
1355,UNKNOWN,CREDIT CARD,17.0,2018-01-18 12:00:00,SP,3.5,7106.0,7106.0
1356,unknown,credit card,10.0,2018-07-27,SP,2.5,29571.0,29571.0
1357,sao paulo,credit card,8.0,2018-07-05 12:00:00,n/a,1.0,20727.0,20727.0
1358,UNKNOWN,CREDIT CARD,10.0,2017-10-27,MG,2.0,60620.0,60620.0
1359,unknown,credit card,10.0,2017-03-03,mg,2.0,2221.0,2221.0
1360,PORTO ALEGRE,CREDIT CARD,20.0,2018-06-19 12:00:00,RS,5.0,54614.0,54614.0
1361,rio de janeiro,credit card,5.0,2017-10-27 12:00:00,rj,5.0,40730.0,40730.0
1362,unknown,credit card,1.0,2017-08-02 12:00:00,sp,2.5,29176.0,29176.0
1363,CAMPINAS,CREDIT CARD,1.0,2018-03-20 12:00:00,SP,1.0,1659.0,1659.0
1364,unknown,credit card,23.0,2017-12-06,SP,3.0,50144.0,50144.0
1365,sao paulo,credit card,1.0,2017-09-14,sp,1.5,38983.0,38983.0
1366,SAO PAULO,OTHER,1.0,2018-07-25 12:00:00,SP,3.0,29299.0,29299.0
1367,SAO PAULO,CREDIT CARD,11.0,2017-02-20 12:00:00,SP,2.0,51603.0,51603.0
1368,sao paulo,credit card,19.0,2018-04-12 12:00:00,sp,1.0,18682.0,18682.0
1369,unknown,credit card,3.0,nan,RJ,3.5,57421.0,57421.0
1370,sao paulo,credit card,16.0,2017-12-29 12:00:00,sp,4.0,23356.0,23356.0
1371,unknown,credit card,12.0,2017-06-08,mg,3.0,42255.0,42255.0
1372,SAO PAULO,OTHER,4.0,2018-06-20,SP,2.5,11451.0,11451.0
1373,unknown,credit card,5.0,2018-03-28,rs,1.0,32516.0,32516.0
1374,belo horizonte,credit card,12.0,2018-07-04 12:00:00,mg,3.5,42827.0,42827.0
1375,guarulhos,other,8.0,2018-05-08 12:00:00,sp,1.0,45760.0,45760.0
1376,unknown,credit card,20.0,n/a,mg,1.0,25575.0,25575.0
1377,unknown,other,3.0,2018-07-30,MG,1.0,20980.0,20980.0
1378,SAO PAULO,CREDIT CARD,19.0,2017-04-26 12:00:00,SP,4.5,39505.0,39505.0
1379,RIO DE JANEIRO,CREDIT CARD,7.0,2018-06-20,RJ,5.0,37364.0,37364.0
1380,unknown,credit card,21.0,2018-04-06 12:00:00,sp,2.5,5266.0,5266.0
1381,sao paulo,credit card,8.0,no_info,sp,1.0,53243.0,53243.0
1382,SAO PAULO,OTHER,10.0,N/A,SP,2.5,51495.0,51495.0
1383,rio de janeiro,credit card,10.0,2018-03-07,rj,5.0,42432.0,42432.0
1384,rio de janeiro,other,7.0,2018-05-11 12:00:00,rj,3.0,13105.0,13105.0
1385,santa maria,credit card,14.0,2017-07-11 12:00:00,rs,1.0,5113.0,5113.0
1386,n/a,n/a,10.0,no_info,n/a,no_info,62618.0,62618.0
1387,UNKNOWN,CREDIT CARD,22.0,2017-12-14 12:00:00,SP,1.5,53223.0,53223.0
1388,RIO DE JANEIRO,CREDIT CARD,7.0,2017-04-26,RJ,5.0,15864.0,15864.0
1389,unknown,credit card,23.0,2018-01-23 12:00:00,rj,4.5,2315.0,2315.0
1390,unknown,credit card,13.0,2018-03-16,sp,1.5,25443.0,25443.0
1391,unknown,credit card,5.0,2018-01-31,RJ,1.0,51883.0,51883.0
1392,rio de janeiro,credit card,17.0,2018-10-04 12:00:00,nan,4.0,36200.0,36200.0
1393,rio de janeiro,credit card,5.0,nan,rj,5.0,43932.0,43932.0
1394,UNKNOWN,CREDIT CARD,21.0,2018-08-27 12:00:00,SP,2.0,1212.0,1212.0
1395,unknown,credit card,2.0,2018-05-08 12:00:00,sp,1.0,43971.0,43971.0
1396,campinas,credit card,21.0,nan,sp,4.5,62254.0,62254.0
1397,unknown,credit card,7.0,valores em falta,MG,2.0,57216.0,57216.0
1398,unknown,credit card,2.0,2017-07-14 12:00:00,sp,3.5,49465.0,49465.0
1399,unknown,credit card,7.0,2018-07-12,sp,2.0,22071.0,22071.0
1400,CONTAGEM,NAN,23.0,2018-04-12 12:00:00,MG,4.0,18278.0,18278.0
1401,londrina,credit card,10.0,2018-08-06,pr,1.0,20846.0,20846.0
1402,unknown,credit card,17.0,2018-03-01,sp,1.5,23323.0,23323.0
1403,unknown,credit card,0.0,2017-09-11 12:00:00,SP,3.0,39311.0,39311.0
1404,rio de janeiro,credit card,13.0,2018-08-17 12:00:00,RJ,5.0,56800.0,56800.0
1405,pelotas,other,1.0,nan,rs,4.0,45344.0,45344.0
1406,unknown,credit card,22.0,nan,sp,4.0,30683.0,30683.0
1407,sao paulo,credit card,7.0,2017-05-31 12:00:00,SP,1.0,33043.0,33043.0
1408,sao paulo,credit card,7.0,2018-07-17 12:00:00,SP,4.0,62328.0,62328.0
1409,canoas,credit card,22.0,2018-07-23 12:00:00,rs,5.0,55432.0,55432.0
1410,unknown,credit card,0.0,2018-09-06 12:00:00,RJ,4.5,6553.0,6553.0
1411,rio de janeiro,credit card,21.0,2018-07-26,rj,1.0,56210.0,56210.0
1412,RIO DE JANEIRO,CREDIT CARD,8.0,N/A,RJ,4.5,4637.0,4637.0
1413,rio de janeiro,credit card,21.0,2017-08-29,rj,1.5,53941.0,53941.0
1414,UNKNOWN,CREDIT CARD,21.0,2017-05-11 12:00:00,SP,3.0,44725.0,44725.0
1415,unknown,other,20.0,2018-08-09 12:00:00,sp,1.0,41447.0,41447.0
1416,nones,valores em falta,3.0,2018-04-16,n/a,1.0,55998.0,55998.0
1417,UNKNOWN,NONES,7.0,2018-07-13 12:00:00,RJ,4.5,41834.0,41834.0
1418,unknown,credit card,7.0,2017-11-16 12:00:00,rj,4.0,25915.0,25915.0
1419,RIO DE JANEIRO,OTHER,5.0,NAN,RJ,4.5,46669.0,46669.0
1420,sao paulo,credit card,0.0,nan,sp,1.0,54406.0,54406.0
1421,nones,no_info,7.0,nones,valores em falta,no_info,46058.0,46058.0
1422,UNKNOWN,CREDIT CARD,9.0,2018-04-09 12:00:00,SP,1.5,9301.0,9301.0
1423,unknown,credit card,8.0,2017-08-03,rj,4.0,63422.0,63422.0
1424,SAO PAULO,CREDIT CARD,9.0,2018-08-31 12:00:00,SP,2.0,52769.0,52769.0
1425,unknown,credit card,0.0,2017-10-23 12:00:00,MG,1.0,17229.0,17229.0
1426,campinas,credit card,16.0,2018-05-10 12:00:00,sp,3.5,59276.0,59276.0
1427,unknown,credit card,16.0,2017-11-27 12:00:00,mg,2.0,41086.0,41086.0
1428,rio de janeiro,credit card,10.0,n/a,rj,4.5,8572.0,8572.0
1429,sao paulo,credit card,10.0,2018-05-17 12:00:00,sp,4.0,2083.0,2083.0
1430,SANTO ANDRE,CREDIT CARD,16.0,2017-10-19,SP,3.0,23194.0,23194.0
1431,sao paulo,credit card,22.0,2017-04-10,sp,4.5,41219.0,41219.0
1432,unknown,credit card,9.0,no_info,SP,3.0,22286.0,22286.0
1433,sao paulo,credit card,5.0,2018-01-26 12:00:00,SP,3.5,1003.0,1003.0
1434,sao goncalo,credit card,13.0,2018-02-19 12:00:00,rj,1.0,37692.0,37692.0
1435,unknown,credit card,7.0,2017-03-10 12:00:00,SP,3.5,52348.0,52348.0
1436,curitiba,other,0.0,2017-09-11 12:00:00,PR,3.0,35479.0,35479.0
1437,unknown,credit card,3.0,2018-03-12 12:00:00,SP,1.0,16446.0,16446.0
1438,sao paulo,credit card,3.0,2018-07-11,SP,3.0,45340.0,45340.0
1439,sao paulo,credit card,17.0,2017-10-31 12:00:00,sp,4.5,20587.0,20587.0
1440,unknown,credit card,8.0,2018-03-12 12:00:00,rj,3.5,16693.0,16693.0
1441,sao paulo,valores em falta,19.0,valores em falta,sp,n/a,39505.0,39505.0
1442,unknown,other,15.0,valores em falta,no_info,1.5,54240.0,54240.0
1443,unknown,credit card,5.0,2017-04-20 12:00:00,sp,1.0,52572.0,52572.0
1444,unknown,credit card,21.0,2018-08-30 12:00:00,MG,3.5,33623.0,33623.0
1445,juiz de fora,credit card,8.0,2018-09-10,mg,1.0,61033.0,61033.0
1446,UNKNOWN,CREDIT CARD,7.0,2018-01-12 12:00:00,MG,2.0,57669.0,57669.0
1447,unknown,other,16.0,2018-07-20 12:00:00,MG,3.5,4451.0,4451.0
1448,unknown,credit card,0.0,2018-01-22 12:00:00,sp,3.0,1718.0,1718.0
1449,SAO PAULO,CREDIT CARD,7.0,VALORES EM FALTA,SP,3.0,55148.0,55148.0
1450,BELO HORIZONTE,CREDIT CARD,9.0,2018-08-20 12:00:00,MG,2.5,26275.0,26275.0
1451,campinas,credit card,7.0,2018-05-18,sp,1.5,57038.0,57038.0
1452,santo andre,credit card,5.0,no_info,sp,4.0,22359.0,22359.0
1453,unknown,credit card,3.0,2018-05-21,sp,1.0,33392.0,33392.0
1454,NAN,NONES,14.0,NAN,SP,3.0,40543.0,40543.0
1455,belo horizonte,n/a,4.0,nones,MG,2.5,15837.0,15837.0
1456,rio de janeiro,other,10.0,2017-10-09,RJ,5.0,35814.0,35814.0
1457,sao paulo,credit card,9.0,2018-05-11 12:00:00,sp,2.0,25341.0,25341.0
1458,unknown,credit card,17.0,2017-10-05 12:00:00,sp,1.0,22480.0,22480.0
1459,GUARULHOS,CREDIT CARD,10.0,NONES,SP,3.5,11534.0,11534.0
1460,unknown,credit card,7.0,2017-05-11 12:00:00,MG,2.5,7382.0,7382.0
1461,unknown,credit card,5.0,2017-07-31 12:00:00,sp,2.0,50066.0,50066.0
1462,unknown,other,9.0,2018-06-21,pr,1.0,30407.0,30407.0
1463,unknown,credit card,3.0,2017-06-21 12:00:00,sp,3.0,47921.0,47921.0
1464,unknown,credit card,3.0,2018-03-09,sp,1.0,24691.0,24691.0
1465,unknown,other,3.0,2018-04-02,pr,3.0,31945.0,31945.0
1466,unknown,credit card,1.0,2018-07-16 12:00:00,rs,4.5,59081.0,59081.0
1467,UNKNOWN,CREDIT CARD,6.0,2017-09-18 12:00:00,SP,2.0,21365.0,21365.0
1468,UNKNOWN,CREDIT CARD,10.0,2017-10-27,MG,2.0,60620.0,60620.0
1469,n/a,other,13.0,2018-03-14 12:00:00,mg,2.0,25356.0,25356.0
1470,unknown,credit card,22.0,2017-03-15 12:00:00,SP,3.5,19827.0,19827.0
1471,unknown,credit card,2.0,2018-02-20 12:00:00,SP,3.5,32914.0,32914.0
1472,contagem,credit card,7.0,nan,mg,3.0,5372.0,5372.0
1473,maringa,credit card,3.0,2018-06-07,PR,1.5,55435.0,55435.0
1474,unknown,credit card,16.0,2017-12-05,rs,4.0,20544.0,20544.0
1475,RIO DE JANEIRO,CREDIT CARD,21.0,2017-07-18 12:00:00,RJ,5.0,13818.0,13818.0
1476,unknown,credit card,9.0,2017-03-13 12:00:00,pr,4.5,33376.0,33376.0
1477,unknown,credit card,11.0,2017-10-05 12:00:00,SP,2.0,32695.0,32695.0
1478,sao bernardo do campo,credit card,7.0,n/a,SP,4.0,46058.0,46058.0
1479,unknown,credit card,1.0,2018-08-06 12:00:00,sp,1.0,4269.0,4269.0
1480,unknown,other,0.0,2018-08-14,mg,2.0,37646.0,37646.0
1481,CAMPINAS,CREDIT CARD,10.0,2018-08-02 12:00:00,SP,4.5,42480.0,42480.0
1482,unknown,credit card,9.0,n/a,sp,3.0,44679.0,44679.0
1483,unknown,credit card,23.0,n/a,MG,2.5,52312.0,52312.0
1484,guarulhos,credit card,0.0,2018-06-01,SP,2.5,57048.0,57048.0
1485,UNKNOWN,CREDIT CARD,22.0,2018-04-20 12:00:00,SP,2.0,37892.0,37892.0
1486,unknown,nan,24.0,2018-04-10 12:00:00,mg,3.5,6102.0,6102.0
1487,unknown,credit card,9.0,2017-12-22,sp,1.5,54428.0,54428.0
1488,unknown,credit card,16.0,2018-02-19,SP,1.0,8343.0,8343.0
1489,sao paulo,other,10.0,2018-07-05 12:00:00,sp,2.0,15665.0,15665.0
1490,VALORES EM FALTA,NONES,1.0,VALORES EM FALTA,NO_INFO,NONES,51885.0,51885.0
1491,BELO HORIZONTE,CREDIT CARD,17.0,2018-06-28,MG,1.0,47429.0,47429.0
1492,SAO PAULO,CREDIT CARD,0.0,2018-09-05,SP,1.0,29507.0,29507.0
1493,unknown,other,11.0,2017-07-19 12:00:00,sp,1.0,40059.0,40059.0
1494,unknown,other,9.0,2018-04-18 12:00:00,sp,1.0,19509.0,19509.0
1495,unknown,credit card,6.0,2018-07-13,rs,4.5,57872.0,57872.0
1496,UNKNOWN,OTHER,10.0,2017-12-21 12:00:00,SP,2.5,46498.0,46498.0
1497,unknown,credit card,12.0,2017-09-26 12:00:00,mg,nones,21850.0,21850.0
1498,curitiba,other,8.0,2017-08-29 12:00:00,PR,1.5,13542.0,13542.0
1499,nan,credit card,7.0,2017-09-12,RS,4.5,45984.0,45984.0
1500,sao paulo,credit card,1.0,2018-08-08,sp,4.5,13497.0,13497.0
1501,UNKNOWN,OTHER,22.0,2018-04-10 12:00:00,PR,1.0,37400.0,37400.0
1502,n/a,n/a,5.0,no_info,no_info,5.0,56073.0,56073.0
1503,belo horizonte,credit card,1.0,2017-12-18,mg,4.0,19891.0,19891.0
1504,unknown,credit card,19.0,2018-04-26,sp,3.0,33984.0,33984.0
1505,unknown,credit card,24.0,2018-01-19 12:00:00,SP,2.0,9707.0,9707.0
1506,unknown,credit card,21.0,2018-05-28 12:00:00,sp,2.5,51053.0,51053.0
1507,SAO PAULO,CREDIT CARD,7.0,2018-03-29 12:00:00,SP,3.5,57734.0,57734.0
1508,uberaba,credit card,5.0,nones,mg,2.0,32521.0,32521.0
1509,SAO PAULO,CREDIT CARD,1.0,2018-08-08,SP,NO_INFO,13497.0,13497.0
1510,porto alegre,credit card,17.0,valores em falta,rs,1.0,51239.0,51239.0
1511,unknown,credit card,9.0,2018-04-09 12:00:00,sp,1.5,9301.0,9301.0
1512,unknown,credit card,5.0,2018-01-29 12:00:00,sp,1.0,51214.0,51214.0
1513,PORTO ALEGRE,OTHER,18.0,2017-11-27 12:00:00,RS,4.5,204.0,204.0
1514,UNKNOWN,CREDIT CARD,5.0,2017-07-31 12:00:00,SP,2.0,50066.0,50066.0
1515,sao bernardo do campo,credit card,5.0,2018-03-08 12:00:00,SP,1.0,39446.0,39446.0
1516,rio de janeiro,credit card,5.0,2018-05-24 12:00:00,rj,5.0,52132.0,52132.0
1517,sao paulo,credit card,5.0,2018-03-14 12:00:00,sp,3.0,61467.0,61467.0
1518,SAO PAULO,CREDIT CARD,4.0,NONES,SP,3.0,15069.0,15069.0
1519,unknown,other,3.0,2018-08-28,RJ,1.0,51520.0,51520.0
1520,unknown,credit card,14.0,2017-08-16 12:00:00,SP,3.0,40543.0,40543.0
1521,UNKNOWN,CREDIT CARD,3.0,2018-05-21,SP,1.0,33392.0,33392.0
1522,unknown,other,10.0,2017-11-08 12:00:00,mg,1.0,56937.0,56937.0
1523,campinas,credit card,10.0,2017-12-26,SP,3.0,15437.0,15437.0
1524,UNKNOWN,CREDIT CARD,22.0,2017-05-26,NONES,4.5,57166.0,57166.0
1525,RIO DE JANEIRO,CREDIT CARD,5.0,NAN,RJ,5.0,43932.0,43932.0
1526,unknown,credit card,19.0,2017-06-12 12:00:00,SP,4.0,21547.0,21547.0
1527,unknown,credit card,6.0,2018-02-19,rs,3.5,24958.0,24958.0
1528,unknown,credit card,5.0,2018-06-06,rj,1.5,31887.0,31887.0
1529,UNKNOWN,CREDIT CARD,16.0,2018-07-25,RJ,4.5,17528.0,17528.0
1530,unknown,other,8.0,2017-10-18 12:00:00,SP,2.5,5507.0,5507.0
1531,UNKNOWN,CREDIT CARD,0.0,2018-03-27,SP,2.0,21106.0,21106.0
1532,UNKNOWN,OTHER,17.0,2018-08-14 12:00:00,RS,3.0,7778.0,7778.0
1533,RIO DE JANEIRO,CREDIT CARD,0.0,2017-05-10 12:00:00,RJ,4.5,15880.0,15880.0
1534,sao paulo,other,1.0,nan,SP,1.0,43546.0,43546.0
1535,no_info,credit card,5.0,2018-08-23 12:00:00,RJ,5.0,56073.0,56073.0
1536,CONTAGEM,CREDIT CARD,7.0,NAN,MG,3.0,5372.0,5372.0
1537,UNKNOWN,OTHER,22.0,2018-07-13 12:00:00,RJ,4.5,39714.0,39714.0
1538,unknown,credit card,20.0,2017-12-14 12:00:00,rj,3.5,43044.0,43044.0
1539,rio de janeiro,credit card,3.0,2018-07-27 12:00:00,rj,5.0,18684.0,18684.0
1540,sao paulo,other,5.0,no_info,sp,1.0,52205.0,52205.0
1541,unknown,credit card,11.0,2018-01-03 12:00:00,SP,1.0,32076.0,32076.0
1542,campinas,credit card,19.0,2018-08-06 12:00:00,sp,3.0,16783.0,16783.0
1543,sao paulo,credit card,7.0,2018-01-04 12:00:00,SP,4.5,32465.0,32465.0
1544,CAMPINAS,OTHER,17.0,2018-08-20 12:00:00,SP,2.0,39409.0,39409.0
1545,unknown,credit card,3.0,2018-07-19 12:00:00,sp,3.0,48365.0,48365.0
1546,n/a,nones,1.0,no_info,no_info,n/a,57675.0,57675.0
1547,nan,valores em falta,17.0,nones,nones,nones,36200.0,36200.0
1548,unknown,other,5.0,nan,sp,1.0,44462.0,44462.0
1549,GUARULHOS,CREDIT CARD,3.0,2018-04-26,SP,4.5,3672.0,3672.0
1550,unknown,credit card,1.0,2018-08-10 12:00:00,mg,2.5,41040.0,41040.0
1551,UNKNOWN,CREDIT CARD,5.0,2017-11-13 12:00:00,PR,1.0,11068.0,11068.0
1552,UNKNOWN,CREDIT CARD,1.0,NAN,RJ,3.5,52377.0,52377.0
1553,sao paulo,credit card,16.0,2017-09-21 12:00:00,sp,3.5,12968.0,12968.0
1554,rio de janeiro,credit card,9.0,valores em falta,RJ,5.0,50383.0,50383.0
1555,RIO DE JANEIRO,N/A,5.0,NO_INFO,RJ,5.0,1925.0,1925.0
1556,unknown,credit card,1.0,2018-03-15 12:00:00,RJ,4.5,54025.0,54025.0
1557,UNKNOWN,CREDIT CARD,10.0,NO_INFO,VALORES EM FALTA,NO_INFO,20194.0,20194.0
1558,unknown,credit card,3.0,2017-10-23,rj,3.5,61946.0,61946.0
1559,RIO DE JANEIRO,CREDIT CARD,20.0,2018-03-05,RJ,1.0,8348.0,8348.0
1560,niteroi,credit card,12.0,2018-07-12,rj,5.0,26056.0,26056.0
1561,SAO PAULO,CREDIT CARD,20.0,2018-03-09 12:00:00,SP,4.0,58759.0,58759.0
1562,santo andre,credit card,17.0,2018-05-07 12:00:00,SP,4.0,16148.0,16148.0
1563,unknown,credit card,3.0,2017-12-26,SP,1.0,1351.0,1351.0
1564,juiz de fora,credit card,7.0,2017-09-15 12:00:00,mg,4.5,6389.0,6389.0
1565,sao paulo,credit card,3.0,2018-05-25 12:00:00,sp,5.0,3572.0,3572.0
1566,sao bernardo do campo,credit card,10.0,2017-04-19 12:00:00,sp,5.0,12781.0,12781.0
1567,n/a,credit card,3.0,nones,nan,no_info,55435.0,55435.0
1568,contagem,credit card,12.0,valores em falta,MG,4.0,4131.0,4131.0
1569,nones,n/a,3.0,nones,MG,1.5,47209.0,47209.0
1570,juiz de fora,credit card,4.0,n/a,mg,3.0,47739.0,47739.0
1571,unknown,credit card,1.0,2018-01-23 12:00:00,sp,1.0,7401.0,7401.0
1572,PORTO ALEGRE,OTHER,9.0,2017-12-21 12:00:00,RS,3.5,51347.0,51347.0
1573,rio de janeiro,credit card,8.0,n/a,RJ,5.0,59724.0,59724.0
1574,unknown,other,22.0,2017-12-18 12:00:00,mg,2.0,28726.0,28726.0
1575,sao paulo,credit card,5.0,valores em falta,sp,3.5,53356.0,53356.0
1576,unknown,other,3.0,2018-01-04 12:00:00,mg,2.5,50688.0,50688.0
1577,unknown,credit card,10.0,2018-02-02 12:00:00,sp,1.0,61985.0,61985.0
1578,unknown,credit card,9.0,2017-07-12 12:00:00,SP,3.0,11290.0,11290.0
1579,unknown,credit card,10.0,valores em falta,mg,3.0,51003.0,51003.0
1580,sao paulo,credit card,23.0,2017-02-27 12:00:00,sp,5.0,6033.0,6033.0
1581,unknown,credit card,24.0,2017-12-22 12:00:00,rj,4.5,46275.0,46275.0
1582,sao paulo,credit card,15.0,2018-03-23,SP,4.5,56237.0,56237.0
1583,UNKNOWN,OTHER,12.0,2017-07-10 12:00:00,VALORES EM FALTA,2.5,33422.0,33422.0
1584,UNKNOWN,CREDIT CARD,16.0,2018-01-26,RJ,4.5,27736.0,27736.0
1585,rio de janeiro,credit card,12.0,2017-06-01 12:00:00,rj,5.0,42630.0,42630.0
1586,unknown,credit card,1.0,2017-05-31,rj,4.0,25770.0,25770.0
1587,porto alegre,credit card,19.0,nones,rs,5.0,30757.0,30757.0
1588,sao paulo,credit card,7.0,2018-08-13,sp,2.0,4500.0,4500.0
1589,rio de janeiro,other,22.0,2018-07-27 12:00:00,rj,4.5,27355.0,27355.0
1590,sao paulo,credit card,10.0,2018-02-05 12:00:00,SP,4.5,32144.0,32144.0
1591,sao paulo,credit card,8.0,2018-07-04,sp,4.5,54300.0,54300.0
1592,UNKNOWN,CREDIT CARD,8.0,2017-10-24,MG,1.5,30027.0,30027.0
1593,unknown,credit card,19.0,valores em falta,sp,2.5,243.0,243.0
1594,UNKNOWN,CREDIT CARD,13.0,2018-03-01 12:00:00,SP,4.5,134.0,134.0
1595,contagem,other,5.0,2017-03-16,MG,4.5,53671.0,53671.0
1596,belo horizonte,credit card,6.0,2018-03-07,MG,4.5,53550.0,53550.0
1597,unknown,credit card,0.0,2018-03-27,sp,2.0,21106.0,21106.0
1598,n/a,nones,5.0,n/a,nan,no_info,37267.0,37267.0
1599,RIO DE JANEIRO,CREDIT CARD,1.0,2017-10-27 12:00:00,RJ,5.0,17312.0,17312.0
1600,unknown,credit card,5.0,2018-08-22,MG,4.5,37433.0,37433.0
1601,sao paulo,other,3.0,2018-05-30,SP,1.5,61039.0,61039.0
1602,rio de janeiro,credit card,3.0,2018-08-23,RJ,1.0,61453.0,61453.0
1603,unknown,credit card,12.0,2017-06-08,MG,3.0,42255.0,42255.0
1604,UNKNOWN,OTHER,3.0,NONES,RS,4.0,2835.0,2835.0
1605,unknown,credit card,6.0,2018-06-06 12:00:00,RS,3.0,24304.0,24304.0
1606,valores em falta,nan,20.0,no_info,no_info,3.0,23355.0,23355.0
1607,unknown,credit card,22.0,2018-07-27,RS,4.5,40226.0,40226.0
1608,rio de janeiro,credit card,8.0,nones,rj,5.0,35978.0,35978.0
1609,unknown,other,3.0,n/a,SP,1.0,3975.0,3975.0
1610,contagem,other,23.0,2018-04-12 12:00:00,mg,4.0,18278.0,18278.0
1611,UNKNOWN,CREDIT CARD,5.0,NAN,RS,4.5,2134.0,2134.0
1612,niteroi,other,17.0,2018-07-13 12:00:00,rj,2.0,48466.0,48466.0
1613,unknown,credit card,15.0,nones,SP,1.0,28230.0,28230.0
1614,unknown,credit card,11.0,2017-05-10,sp,4.5,54997.0,54997.0
1615,sao bernardo do campo,credit card,11.0,2018-05-17 12:00:00,SP,3.5,28847.0,28847.0
1616,belo horizonte,credit card,4.0,2017-10-30 12:00:00,n/a,2.5,9414.0,9414.0
1617,unknown,credit card,16.0,nones,sp,2.5,13644.0,13644.0
1618,unknown,credit card,5.0,2018-06-01 12:00:00,sp,1.0,55908.0,55908.0
1619,unknown,credit card,12.0,2017-09-26 12:00:00,mg,2.5,21850.0,21850.0
1620,SAO PAULO,CREDIT CARD,22.0,2017-07-28 12:00:00,SP,2.5,48027.0,48027.0
1621,UNKNOWN,OTHER,5.0,2017-09-11,SP,1.0,22229.0,22229.0
1622,juiz de fora,credit card,7.0,2017-09-15 12:00:00,mg,4.5,6389.0,6389.0
1623,CAMPINAS,CREDIT CARD,10.0,2017-12-26,SP,3.0,15437.0,15437.0
1624,unknown,credit card,7.0,2018-07-13 12:00:00,rj,4.5,41834.0,41834.0
1625,SAO PAULO,CREDIT CARD,5.0,2017-09-15 12:00:00,SP,3.0,13845.0,13845.0
1626,porto alegre,credit card,8.0,2018-08-07,RS,1.0,17565.0,17565.0
1627,nones,no_info,22.0,no_info,nones,n/a,58482.0,58482.0
1628,campinas,credit card,24.0,2018-05-25 12:00:00,SP,1.0,29269.0,29269.0
1629,sao bernardo do campo,credit card,17.0,2018-02-26,sp,1.0,45190.0,45190.0
1630,unknown,credit card,12.0,n/a,pr,1.0,26049.0,26049.0
1631,unknown,credit card,11.0,2017-08-22,RJ,4.5,23670.0,23670.0
1632,BELO HORIZONTE,OTHER,7.0,2018-08-20,MG,3.5,20605.0,20605.0
1633,unknown,credit card,2.0,2017-08-17 12:00:00,pr,3.0,19010.0,19010.0
1634,ponta grossa,credit card,4.0,2017-11-28,pr,2.5,7827.0,7827.0
1635,santo andre,credit card,17.0,2018-05-07 12:00:00,sp,4.0,16148.0,16148.0
1636,unknown,credit card,22.0,2018-06-11 12:00:00,rs,1.0,26642.0,26642.0
1637,unknown,credit card,11.0,2018-05-17 12:00:00,sp,1.0,9584.0,9584.0
1638,SAO PAULO,CREDIT CARD,9.0,2018-07-12 12:00:00,SP,2.0,46673.0,46673.0
1639,SAO PAULO,CREDIT CARD,7.0,2018-07-19 12:00:00,SP,1.0,12408.0,12408.0
1640,unknown,credit card,22.0,nan,RJ,4.5,63173.0,63173.0
1641,unknown,credit card,7.0,2017-03-10 12:00:00,sp,3.5,52348.0,52348.0
1642,unknown,credit card,5.0,2017-03-14 12:00:00,pr,4.0,39309.0,39309.0
1643,SAO BERNARDO DO CAMPO,CREDIT CARD,11.0,2018-05-17 12:00:00,SP,3.5,28847.0,28847.0
1644,campinas,credit card,10.0,2017-08-22,SP,3.5,1225.0,1225.0
1645,unknown,other,19.0,2017-12-11 12:00:00,mg,2.5,4821.0,4821.0
1646,unknown,credit card,5.0,2018-04-27 12:00:00,RS,4.5,44731.0,44731.0
1647,valores em falta,credit card,1.0,n/a,RS,n/a,59081.0,59081.0
1648,unknown,credit card,1.0,2018-03-12,mg,4.0,12212.0,12212.0
1649,unknown,credit card,24.0,2017-12-11 12:00:00,mg,3.0,45911.0,45911.0
1650,unknown,credit card,17.0,no_info,sp,2.0,43524.0,43524.0
1651,JUIZ DE FORA,CREDIT CARD,5.0,2018-09-11 12:00:00,MG,4.5,1696.0,1696.0
1652,sao paulo,credit card,3.0,2018-07-05 12:00:00,SP,1.0,11241.0,11241.0
1653,GUARULHOS,CREDIT CARD,3.0,2018-08-07 12:00:00,SP,1.0,43409.0,43409.0
1654,JUIZ DE FORA,CREDIT CARD,6.0,2018-03-21 12:00:00,MG,3.0,48893.0,48893.0
1655,sao paulo,credit card,20.0,nan,SP,3.5,34990.0,34990.0
1656,unknown,credit card,11.0,2018-06-08,sp,2.5,62504.0,62504.0
1657,unknown,other,3.0,2018-06-07,mg,1.0,11017.0,11017.0
1658,niteroi,n/a,10.0,2018-03-13 12:00:00,RJ,1.0,38494.0,38494.0
1659,unknown,credit card,12.0,nan,sp,3.0,60786.0,60786.0
1660,UNKNOWN,CREDIT CARD,17.0,2017-10-05 12:00:00,SP,1.0,22480.0,22480.0
1661,unknown,credit card,3.0,2018-05-08 12:00:00,MG,4.5,6965.0,6965.0
1662,unknown,credit card,9.0,nones,SP,2.0,37622.0,37622.0
1663,unknown,credit card,6.0,2018-07-13,RS,4.5,57872.0,57872.0
1664,unknown,other,7.0,2017-04-25 12:00:00,sp,1.0,49109.0,49109.0
1665,sao paulo,credit card,5.0,2018-04-30 12:00:00,sp,1.5,53950.0,53950.0
1666,sao paulo,credit card,9.0,2017-11-17 12:00:00,sp,1.0,28177.0,28177.0
1667,unknown,credit card,13.0,2018-07-12 12:00:00,SP,1.0,56406.0,56406.0
1668,belo horizonte,other,13.0,2018-03-14 12:00:00,mg,2.0,25356.0,25356.0
1669,UNKNOWN,CREDIT CARD,13.0,2018-07-25 12:00:00,SP,3.0,61739.0,61739.0
1670,UNKNOWN,CREDIT CARD,5.0,NO_INFO,SP,1.0,10627.0,10627.0
1671,unknown,credit card,20.0,2018-07-18 12:00:00,sp,2.0,22269.0,22269.0
1672,belo horizonte,credit card,24.0,2018-03-08,mg,5.0,25581.0,25581.0
1673,unknown,credit card,9.0,2018-05-10 12:00:00,sp,3.0,49319.0,49319.0
1674,sao paulo,credit card,3.0,2017-07-28,sp,2.0,27601.0,27601.0
1675,sao paulo,credit card,24.0,2018-04-24 12:00:00,sp,4.5,17256.0,17256.0
1676,santo andre,credit card,17.0,no_info,sp,1.0,59028.0,59028.0
1677,unknown,credit card,3.0,2018-02-22,sp,1.0,46040.0,46040.0
1678,unknown,credit card,19.0,valores em falta,sp,2.5,243.0,243.0
1679,BELO HORIZONTE,OTHER,1.0,NAN,MG,4.0,18.0,18.0
1680,unknown,credit card,7.0,2018-02-22 12:00:00,SP,2.5,40136.0,40136.0
1681,PORTO ALEGRE,CREDIT CARD,1.0,2018-06-25 12:00:00,NO_INFO,5.0,39027.0,39027.0
1682,UNKNOWN,CREDIT CARD,9.0,2017-07-05 12:00:00,SP,4.5,3745.0,3745.0
1683,UNKNOWN,CREDIT CARD,11.0,VALORES EM FALTA,RJ,4.0,51569.0,51569.0
1684,unknown,credit card,7.0,2017-03-21 12:00:00,sp,1.0,33613.0,33613.0
1685,belo horizonte,other,20.0,2018-08-14 12:00:00,mg,1.0,56596.0,56596.0
1686,unknown,credit card,8.0,no_info,SP,2.0,54020.0,54020.0
1687,UNKNOWN,CREDIT CARD,0.0,2017-05-31 12:00:00,MG,3.5,2396.0,2396.0
1688,unknown,credit card,17.0,2017-12-29 12:00:00,mg,2.5,15240.0,15240.0
1689,unknown,other,9.0,2018-05-17,PR,1.0,31899.0,31899.0
1690,unknown,credit card,11.0,2018-05-21 12:00:00,pr,2.0,12554.0,12554.0
1691,UNKNOWN,CREDIT CARD,10.0,2018-06-01 12:00:00,MG,3.0,56392.0,56392.0
1692,SAO PAULO,CREDIT CARD,7.0,2017-06-28,NAN,4.5,29486.0,29486.0
1693,unknown,other,13.0,2018-03-09,sp,1.0,55223.0,55223.0
1694,UNKNOWN,OTHER,22.0,NONES,SP,2.5,19395.0,19395.0
1695,unknown,credit card,3.0,2018-03-02,sp,1.0,9602.0,9602.0
1696,sao paulo,credit card,15.0,2018-08-24 12:00:00,sp,1.0,42127.0,42127.0
1697,UNKNOWN,CREDIT CARD,16.0,N/A,MG,3.0,57865.0,57865.0
1698,unknown,credit card,19.0,2018-07-23 12:00:00,rs,4.5,32533.0,32533.0
1699,valores em falta,credit card,7.0,2018-02-16 12:00:00,sp,3.0,42547.0,42547.0
1700,unknown,other,14.0,2017-07-12,sp,2.0,14298.0,14298.0
1701,UNKNOWN,CREDIT CARD,21.0,2018-05-28 12:00:00,SP,2.5,51053.0,51053.0
1702,sao paulo,other,7.0,no_info,SP,2.0,26731.0,26731.0
1703,sao paulo,credit card,6.0,nones,sp,2.0,46364.0,46364.0
1704,rio de janeiro,credit card,9.0,valores em falta,RJ,5.0,50383.0,50383.0
1705,unknown,credit card,11.0,2018-01-08,sp,1.0,27855.0,27855.0
1706,guarulhos,credit card,1.0,nan,sp,1.0,55257.0,55257.0
1707,unknown,credit card,4.0,2018-05-29 12:00:00,SP,1.0,56536.0,56536.0
1708,unknown,credit card,9.0,2018-05-07 12:00:00,sp,4.5,54354.0,54354.0
1709,unknown,credit card,0.0,2018-03-20 12:00:00,SP,1.0,46141.0,46141.0
1710,no_info,nan,10.0,valores em falta,sp,2.5,29571.0,29571.0
1711,sao paulo,credit card,10.0,2017-08-18,SP,3.5,11664.0,11664.0
1712,guarulhos,other,22.0,2018-03-16 12:00:00,sp,4.0,43505.0,43505.0
1713,unknown,credit card,5.0,2018-06-06,RJ,1.5,31887.0,31887.0
1714,UNKNOWN,CREDIT CARD,9.0,2018-04-20 12:00:00,SP,2.0,10662.0,10662.0
1715,sao paulo,credit card,24.0,2018-07-17 12:00:00,sp,2.0,52637.0,52637.0
1716,SAO PAULO,OTHER,21.0,2017-07-03,SP,2.5,22078.0,22078.0
1717,UNKNOWN,CREDIT CARD,3.0,2018-08-29 12:00:00,NO_INFO,2.0,28871.0,28871.0
1718,unknown,credit card,19.0,2018-07-23 12:00:00,rs,4.5,32533.0,32533.0
1719,N/A,N/A,1.0,N/A,N/A,1.5,42496.0,42496.0
1720,sao bernardo do campo,credit card,10.0,2017-06-21 12:00:00,SP,3.5,9939.0,9939.0
1721,belo horizonte,credit card,4.0,2017-10-30 12:00:00,mg,2.5,9414.0,9414.0
1722,unknown,credit card,10.0,2018-03-07 12:00:00,mg,nones,21207.0,21207.0
1723,unknown,credit card,4.0,2018-08-16 12:00:00,SP,1.5,47325.0,47325.0
1724,guarulhos,other,8.0,2018-05-08 12:00:00,sp,1.0,45760.0,45760.0
1725,curitiba,credit card,10.0,2018-07-16 12:00:00,PR,3.0,49143.0,49143.0
1726,UNKNOWN,CREDIT CARD,1.0,2018-06-20 12:00:00,SP,2.5,50341.0,50341.0
1727,SAO PAULO,NAN,3.0,NO_INFO,NONES,NO_INFO,11241.0,11241.0
1728,UNKNOWN,CREDIT CARD,1.0,2017-08-02 12:00:00,SP,2.5,29176.0,29176.0
1729,unknown,credit card,3.0,2018-04-16,sp,1.0,55998.0,55998.0
1730,unknown,no_info,3.0,2018-03-02,nan,valores em falta,9602.0,9602.0
1731,unknown,credit card,21.0,2017-12-15,SP,1.0,7009.0,7009.0
1732,unknown,credit card,0.0,nones,SP,3.5,20641.0,20641.0
1733,UNKNOWN,CREDIT CARD,20.0,2017-03-23 12:00:00,RS,4.5,61537.0,61537.0
1734,SAO PAULO,CREDIT CARD,5.0,2018-05-25,SP,4.0,36175.0,36175.0
1735,unknown,credit card,15.0,2017-04-03 12:00:00,mg,1.0,54845.0,54845.0
1736,RIO DE JANEIRO,CREDIT CARD,13.0,2018-08-07,RJ,1.0,51817.0,51817.0
1737,belo horizonte,credit card,3.0,2018-08-27,MG,3.0,3814.0,3814.0
1738,no_info,credit card,5.0,2017-12-27 12:00:00,mg,1.0,19272.0,19272.0
1739,porto alegre,other,24.0,2017-09-18 12:00:00,RS,4.5,33505.0,33505.0
1740,unknown,credit card,5.0,2017-10-17 12:00:00,sp,2.5,31226.0,31226.0
1741,unknown,credit card,5.0,2018-04-26,SP,2.5,22129.0,22129.0
1742,PORTO ALEGRE,CREDIT CARD,4.0,2018-09-19 12:00:00,RS,4.5,56386.0,56386.0
1743,rio de janeiro,credit card,22.0,2018-01-02 12:00:00,RJ,4.5,2869.0,2869.0
1744,unknown,credit card,0.0,2018-06-08 12:00:00,sp,2.0,19177.0,19177.0
1745,SAO PAULO,CREDIT CARD,10.0,2017-04-13 12:00:00,SP,1.0,31193.0,31193.0
1746,sao paulo,credit card,4.0,2018-02-14,sp,4.5,21141.0,21141.0
1747,sao paulo,credit card,5.0,2018-04-30 12:00:00,sp,1.5,53950.0,53950.0
1748,curitiba,credit card,4.0,nones,PR,4.5,50128.0,50128.0
1749,valores em falta,nones,12.0,no_info,nones,no_info,60786.0,60786.0
1750,unknown,credit card,5.0,2018-08-13 12:00:00,SP,1.5,60355.0,60355.0
1751,rio de janeiro,credit card,3.0,2017-07-03 12:00:00,rj,5.0,45321.0,45321.0
1752,unknown,credit card,6.0,2017-09-18 12:00:00,SP,2.0,21365.0,21365.0
1753,CAMPINAS,CREDIT CARD,10.0,2018-08-02 12:00:00,SP,4.5,42480.0,42480.0
1754,unknown,credit card,22.0,n/a,RJ,nan,8056.0,8056.0
1755,sao paulo,n/a,7.0,nan,sp,no_info,55148.0,55148.0
1756,unknown,credit card,7.0,nones,RS,1.5,58804.0,58804.0
1757,unknown,credit card,5.0,2018-06-28,sp,3.0,41011.0,41011.0
1758,rio de janeiro,credit card,19.0,2017-05-04,rj,5.0,35923.0,35923.0
1759,unknown,credit card,1.0,2017-03-03,rj,4.5,37391.0,37391.0
1760,VALORES EM FALTA,VALORES EM FALTA,22.0,N/A,N/A,1.5,22545.0,22545.0
1761,SAO PAULO,CREDIT CARD,23.0,2018-01-31,SP,1.0,46986.0,46986.0
1762,unknown,credit card,20.0,2017-07-25 12:00:00,rj,4.5,2641.0,2641.0
1763,porto alegre,credit card,1.0,n/a,rs,5.0,45058.0,45058.0
1764,UNKNOWN,OTHER,7.0,2018-07-25 12:00:00,MG,2.0,42154.0,42154.0
1765,sao paulo,credit card,5.0,2018-03-14 12:00:00,sp,3.0,61467.0,61467.0
1766,sao paulo,credit card,19.0,2017-12-18 12:00:00,sp,3.0,24194.0,24194.0
1767,unknown,credit card,21.0,2017-10-03,rs,4.5,55109.0,55109.0
1768,UNKNOWN,CREDIT CARD,11.0,VALORES EM FALTA,RJ,4.0,51569.0,51569.0
1769,VALORES EM FALTA,NONES,12.0,VALORES EM FALTA,NONES,N/A,19585.0,19585.0
1770,unknown,other,0.0,2018-06-20 12:00:00,rs,3.0,20813.0,20813.0
1771,no_info,nan,15.0,no_info,valores em falta,1.0,28230.0,28230.0
1772,UNKNOWN,CREDIT CARD,13.0,2018-03-29,RJ,1.5,44474.0,44474.0
1773,sao paulo,credit card,9.0,2018-07-12 12:00:00,sp,2.0,46673.0,46673.0
1774,UNKNOWN,CREDIT CARD,15.0,2018-01-23 12:00:00,SP,3.5,15682.0,15682.0
1775,unknown,credit card,17.0,2018-03-07,sp,3.5,54830.0,54830.0
1776,unknown,credit card,20.0,nan,sp,3.0,23355.0,23355.0
1777,unknown,credit card,9.0,2017-03-13 12:00:00,pr,4.5,33376.0,33376.0
1778,rio de janeiro,credit card,22.0,2018-01-02 12:00:00,rj,4.5,2869.0,2869.0
1779,RIO DE JANEIRO,CREDIT CARD,1.0,2018-05-08 12:00:00,RJ,5.0,44408.0,44408.0
1780,unknown,credit card,7.0,valores em falta,sp,3.5,60279.0,60279.0
1781,UNKNOWN,CREDIT CARD,7.0,NO_INFO,SP,1.0,18858.0,18858.0
1782,belo horizonte,credit card,21.0,2018-07-20,mg,3.5,39661.0,39661.0
1783,unknown,credit card,10.0,2017-10-23 12:00:00,SP,1.0,52519.0,52519.0
1784,belo horizonte,other,7.0,2017-03-23,mg,3.0,47446.0,47446.0
1785,unknown,other,10.0,2017-03-15 12:00:00,sp,1.0,37084.0,37084.0
1786,sao paulo,other,3.0,nan,sp,1.0,31521.0,31521.0
1787,UNKNOWN,CREDIT CARD,3.0,2018-04-16,SP,1.0,55998.0,55998.0
1788,sao paulo,other,22.0,2017-10-18 12:00:00,SP,1.5,38431.0,38431.0
1789,unknown,other,10.0,2017-12-06 12:00:00,sp,1.0,14382.0,14382.0
1790,unknown,credit card,3.0,2018-01-24 12:00:00,SP,1.5,17862.0,17862.0
1791,unknown,other,13.0,2018-03-13 12:00:00,sp,1.0,31294.0,31294.0
1792,RIO DE JANEIRO,CREDIT CARD,12.0,2017-06-28 12:00:00,RJ,5.0,27914.0,27914.0
1793,UNKNOWN,OTHER,11.0,2018-07-30 12:00:00,RJ,3.0,30402.0,30402.0
1794,unknown,credit card,1.0,2018-07-16 12:00:00,RS,4.5,59081.0,59081.0
1795,N/A,NONES,1.0,N/A,NONES,N/A,40768.0,40768.0
1796,sao paulo,credit card,2.0,2018-08-31 12:00:00,sp,3.0,16530.0,16530.0
1797,caxias do sul,other,22.0,2017-11-16,rs,2.0,16230.0,16230.0
1798,SAO GONCALO,CREDIT CARD,13.0,2018-02-19 12:00:00,RJ,1.0,37692.0,37692.0
1799,UNKNOWN,OTHER,8.0,2017-12-22 12:00:00,SP,1.5,61074.0,61074.0
1800,unknown,valores em falta,8.0,2018-05-22,rj,4.5,60166.0,60166.0
