,order,purchased,delivered,shipping,estimated_delivery,product
0,23487.0,2018-03-10 23:29:10,2018-03-23 15:58:23,133.52,nan,6.0
1,11275.0,2018-01-19 13:39:35,2018-02-01 17:22:51,31.94,2018-02-15 12:00:00,7.0
2,28857.0,2018-06-11 08:33:53,2018-06-21 16:26:49,54.51,2018-06-29 12:00:00,0.0
3,45423.0,2017-09-05 08:03:15,2017-09-19 21:25:59,37.16,2017-10-16 12:00:00,3.0
4,42630.0,2017-05-10 13:17:10,2017-05-30 09:42:28,42.49 r$,2017-06-01 12:00:00,9.0
5,19246.0,2018-06-25 18:35:52,2018-06-29 17:48:55,7.27,2018-07-17,1.0
6,24194.0,2017-11-28 12:01:21,2017-12-04 15:55:00,124.54,2017-12-18 12:00:00,8.0
7,20846.0,2018-07-19 08:17:29,2018-07-26 19:05:33,47.5,2018-08-06,3.0
8,27914.0,2017-06-05 22:26:58,2017-06-13 06:18:03,61.25,2017-06-28 12:00:00,15.0
9,41447.0,2018-08-01 12:11:48,2018-08-07 16:59:49,7.54,2018-08-09 12:00:00,0.0
10,28466.0,nones,nones,valores em falta,no_info,15.0
11,44821.0,n/a,nones,valores em falta,n/a,3.0
12,40455.0,2017-09-13 22:55:58,no_info,20.51,n/a,1.0
13,37646.0,2018-07-26 22:42:46,2018-08-07 15:18:43,6.87,2018-08-14,2.0
14,61250.0,2017-09-07 17:11:45,2017-09-13 18:05:09,40.47,2017-09-28 12:00:00,4.0
15,38595.0,2018-07-14 00:41:01,2018-07-23 13:58:56,43.28,2018-07-26 12:00:00,9.0
16,12968.0,2017-09-10 16:05:31,2017-09-13 16:05:47,23.6,2017-09-21 12:00:00,4.0
17,36249.0,2017-11-05 17:00:19,2017-11-10 19:58:37,9.61,2017-12-04 12:00:00,1.0
18,4500.0,2018-08-06 21:40:05,2018-08-10 16:07:24,16.23,2018-08-13,13.0
19,51603.0,2017-01-25 19:11:42,2017-02-09 18:43:35,55.54,2017-02-20 12:00:00,17.0
20,25952.0,2017-11-24 21:24:29,2017-12-14 19:48:30,38.66 r$,2017-12-21,8.0
21,20815.0,2017-03-13 18:13:52,2017-03-16 06:12:06,44.73,2017-04-03 12:00:00,7.0
22,61463.0,2017-03-17 11:29:14,2017-03-28 14:17:07,78.84,2017-04-05 12:00:00,11.0
23,32516.0,2018-02-24 12:48:15,2018-03-12 18:36:43,38.98,2018-03-28,4.0
24,21522.0,2017-09-09 19:52:54,2017-09-13 20:17:41,47.55,2017-10-02 12:00:00,1.0
25,22812.0,2018-06-11 07:14:41,2018-06-18 22:52:05,61.53,2018-07-04 12:00:00,10.0
26,57475.0,2018-05-24 01:14:59,2018-06-08 17:55:30,3.83,2018-06-18 12:00:00,9.0
27,52637.0,2018-06-22 11:16:05,2018-07-03 21:38:50,27.77 REAL,2018-07-17 12:00:00,5.0
28,41115.0,2017-06-08 16:18:31,2017-06-19 15:08:55,18.01,2017-06-29,4.0
29,45911.0,2017-11-12 12:24:08,2017-11-21 18:28:42,18.72,2017-12-11 12:00:00,12.0
30,12212.0,2018-02-20 12:33:05,2018-03-02 01:48:25,3.84,2018-03-12,2.0
31,59276.0,2018-04-22 17:47:38,2018-04-26 15:42:10,38.63,2018-05-10 12:00:00,9.0
32,42465.0,2017-05-19 14:25:52,2017-05-29 15:32:39,83.1 r$,2017-06-12 12:00:00,4.0
33,47740.0,2018-03-23 17:02:20,2018-04-14 15:06:37,6.87,2018-04-13,9.0
34,38494.0,2018-02-06 18:21:30,2018-02-16 18:32:12,170.86,2018-03-13 12:00:00,6.0
35,51817.0,2018-07-28 21:37:46,2018-08-03 17:44:48,107.12,2018-08-07,9.0
36,50246.0,2018-07-28 10:35:24,2018-08-02 20:21:47,44.26,2018-08-10 12:00:00,3.0
37,20406.0,2018-05-15 02:12:21,2018-05-16 17:08:59,11.87 REAL,2018-05-25 12:00:00,1.0
38,24516.0,2017-03-20 23:51:25,2017-03-27 15:53:00,123.02,2017-04-10 12:00:00,2.0
39,7778.0,2018-07-29 18:18:15,2018-08-07 22:41:48,23.71,2018-08-14 12:00:00,1.0
40,61748.0,2018-05-18 18:00:59,2018-05-23 20:38:24,18.4,2018-05-28 12:00:00,9.0
41,57038.0,2018-04-25 23:17:16,2018-05-10 19:48:51,44.73,2018-05-18,10.0
42,48800.0,2017-03-03 16:49:00,2017-03-16 11:47:50,59.62,2017-03-24 12:00:00,5.0
43,24291.0,2018-03-19 10:21:46,2018-03-29 23:09:34,53.29,2018-04-19 12:00:00,1.0
44,31841.0,VALORES EM FALTA,VALORES EM FALTA,NAN,NO_INFO,2.0
45,31841.0,2017-06-14 18:52:29,2017-06-24 09:13:37,49.16,2017-07-07 12:00:00,2.0
46,42827.0,2018-06-01 23:00:45,2018-06-11 22:27:30,12.28,2018-07-04 12:00:00,12.0
47,58399.0,2018-03-20 17:31:43,2018-04-05 23:36:34,25.87,2018-04-09 12:00:00,11.0
48,40510.0,2018-08-07 21:31:29,2018-08-13 18:12:03,128.47,2018-08-17,14.0
49,55669.0,nan,nones,valores em falta,2018-07-25 12:00:00,0.0
50,16148.0,2018-04-13 21:50:49,2018-04-18 17:03:18,60.07,2018-05-07 12:00:00,15.0
51,55148.0,2018-04-08 13:04:47,2018-04-16 18:33:44,34.7,VALORES EM FALTA,4.0
52,50826.0,2017-09-02 12:03:14,2017-09-05 13:44:05,32.34,2017-09-15,1.0
53,15690.0,2018-08-18 18:37:46,2018-08-27 18:55:40,31.33,valores em falta,9.0
54,37267.0,2018-06-12 19:14:34,2018-06-14 19:21:55,34.33,2018-06-21 12:00:00,1.0
55,17393.0,2018-05-24 16:01:40,2018-06-11 20:18:19,56.66,2018-06-26,12.0
56,36812.0,2017-10-13 02:07:11,2017-10-16 18:03:57,6.08,2017-10-25 12:00:00,0.0
57,32347.0,2017-07-17 20:15:39,2017-07-26 03:13:31,2.75 REAIS,NONES,1.0
58,35418.0,2018-01-10 21:06:26,2018-01-27 14:37:48,126.47,2018-02-02 12:00:00,7.0
59,53111.0,2018-01-08 17:10:03,no_info,47.55,no_info,15.0
60,39356.0,2017-03-23 12:27:53,2017-03-29 13:47:17,70.34,n/a,3.0
61,56406.0,2018-06-06 18:37:14,2018-07-02 21:22:23,20.33 REAIS,2018-07-12 12:00:00,9.0
62,19585.0,2017-10-13 01:39:09,2017-10-24 13:00:02,163.52 real brasileiro,2017-11-01 12:00:00,4.0
63,25915.0,2017-10-27 13:49:56,2017-11-07 22:41:51,17.52,2017-11-16 12:00:00,1.0
64,2534.0,N/A,2017-11-24 15:48:41,49.93 REAIS,2017-12-06,3.0
65,51966.0,2018-01-12 18:17:00,2018-01-19 16:39:49,7.94,2018-01-29 12:00:00,9.0
66,17915.0,2018-05-18 11:47:27,2018-06-01 22:28:52,11.33,2018-06-21 12:00:00,9.0
67,33003.0,2018-05-01 14:14:10,2018-05-04 16:09:05,34.33,2018-05-21 12:00:00,6.0
68,27085.0,2017-05-17 20:31:55,2017-05-30 05:49:38,12.9,2017-06-21 12:00:00,0.0
69,54387.0,nan,2017-12-03 13:24:11,50.83,2017-12-15,6.0
70,55592.0,2017-08-12 17:53:24,2017-08-16 18:27:55,77.37,nan,5.0
71,32100.0,2018-07-09 08:54:35,2018-07-13 22:48:34,8.55,nones,9.0
72,21547.0,2017-05-24 13:17:55,2017-05-26 08:33:09,6.08,2017-06-12 12:00:00,4.0
73,20502.0,2018-06-14 18:05:57,2018-06-20 15:34:52,NONES,NAN,6.0
74,17807.0,2018-01-22 10:28:04,2018-02-01 21:48:25,125.66 r$,2018-02-19 12:00:00,6.0
75,57048.0,2018-05-13 23:59:36,2018-05-15 20:32:21,41.42 R$,2018-06-01,1.0
76,28726.0,2017-11-23 17:00:18,2017-12-13 18:06:54,47.55 r$,2017-12-18 12:00:00,1.0
77,4500.0,2018-08-06 21:40:05,2018-08-10 16:07:24,16.23,2018-08-13,13.0
78,50536.0,2017-05-31 19:07:38,2017-06-12 13:42:33,42.06 reais,2017-06-21,6.0
79,5507.0,2017-09-22 10:25:36,2017-10-02 10:43:08,31.47,2017-10-18 12:00:00,1.0
80,21365.0,2017-08-29 14:39:21,2017-09-05 21:47:56,43.52,2017-09-18 12:00:00,1.0
81,60292.0,2018-03-17 13:04:49,2018-03-29 20:22:44,14.59,2018-04-16 12:00:00,7.0
82,40065.0,2017-05-16 18:41:49,2017-05-30 15:08:56,NAN,2017-06-07 12:00:00,4.0
83,53723.0,2018-04-04 14:15:00,2018-04-13 18:58:43,72.67,2018-05-03 12:00:00,1.0
84,37267.0,n/a,valores em falta,valores em falta,n/a,1.0
85,50349.0,2017-04-03 13:57:14,2017-04-19 15:53:12,10.29,2017-05-04,1.0
86,3975.0,2018-03-07 15:28:38,2018-03-09 19:22:38,50.28,2018-03-23,4.0
87,49055.0,2018-04-25 11:42:05,2018-05-02 23:58:29,7.54,2018-05-17,4.0
88,22286.0,2018-04-06 16:47:38,no_info,47.55,no_info,0.0
89,2221.0,2017-01-31 16:13:48,2017-02-09 15:51:55,14.9,2017-03-03,9.0
90,47584.0,2017-03-25 15:33:43,VALORES EM FALTA,55.54,2017-04-17 12:00:00,0.0
91,45165.0,2017-05-04 14:20:34,2017-05-16 19:34:52,77.92,nan,4.0
92,44408.0,2018-04-05 15:24:37,2018-04-16 23:31:07,29.72,2018-05-08 12:00:00,2.0
93,29299.0,2018-07-04 15:15:27,2018-07-10 14:51:31,24.97,2018-07-25 12:00:00,0.0
94,19639.0,2018-04-06 19:54:30,2018-04-14 18:23:35,12.28,2018-05-02 12:00:00,4.0
95,11085.0,2018-07-07 16:24:14,2018-07-13 19:38:44,22.97,nones,8.0
96,1514.0,2018-03-11 14:33:24,2018-03-29 19:58:29,41.84,2018-04-12 12:00:00,13.0
97,35923.0,2017-04-03 19:20:39,2017-04-13 18:42:25,48.35,2017-05-04,1.0
98,17256.0,2018-04-08 19:09:35,2018-04-14 13:53:21,34.33,2018-04-24 12:00:00,9.0
99,22463.0,2017-09-25 21:38:16,2017-09-27 16:14:07,32.34,2017-10-10,13.0
100,11446.0,2018-05-15 17:42:46,2018-05-25 18:52:39,13.17,2018-05-30 12:00:00,8.0
101,28847.0,2018-04-29 18:34:00,2018-05-03 18:06:33,7.77,2018-05-17 12:00:00,8.0
102,11664.0,2017-08-07 09:32:28,2017-08-09 18:13:38,72.67,2017-08-18,6.0
103,32160.0,2018-02-14 17:51:11,2018-03-02 23:11:24,21.8,2018-03-23 12:00:00,14.0
104,31796.0,2018-08-12 19:56:59,2018-08-21 23:28:51,25.4,2018-08-24 12:00:00,1.0
105,46128.0,2017-12-15 15:09:49,2017-12-29 14:57:05,70.89,2018-01-11 12:00:00,6.0
106,62768.0,2017-03-20 10:44:52,2017-03-27 15:13:15,53.22,2017-04-06 12:00:00,3.0
107,16146.0,2018-03-03 15:38:55,2018-04-16 18:36:31,3.81,2018-04-10,10.0
108,33422.0,2017-06-09 13:52:07,2017-06-19 11:53:36,30.66,2017-07-10 12:00:00,0.0
109,48011.0,2018-05-11 08:15:10,2018-05-16 11:58:53,57.41,nones,9.0
110,34617.0,2018-03-23 16:36:35,2018-03-29 01:29:44,60.07,nan,9.0
111,22960.0,2017-08-31 09:24:23,2017-09-06 16:43:13,20.9,2017-09-21 12:00:00,6.0
112,53013.0,2017-09-22 01:42:48,2017-10-05 21:42:37,38.39,2017-10-27 12:00:00,14.0
113,1279.0,2017-11-24 09:38:22,2017-12-12 18:41:55,36.04,2017-12-14 12:00:00,9.0
114,55908.0,2018-05-09 19:48:46,2018-05-16 23:46:47,123.95,2018-06-01 12:00:00,4.0
115,43505.0,2018-02-23 10:37:40,2018-03-07 00:06:36,20.9,2018-03-16 12:00:00,13.0
116,11665.0,nan,2017-06-28 14:16:37,47.55,2017-07-18 12:00:00,13.0
117,58941.0,2018-08-15 21:45:02,2018-08-17 20:18:20,53.22,2018-08-22 12:00:00,10.0
118,7164.0,2017-02-13 21:14:23,2017-02-21 14:21:44,97.74,2017-03-14,3.0
119,37622.0,2018-05-12 21:50:00,2018-05-18 18:04:10,42.02,nones,5.0
120,12781.0,2017-03-28 21:22:45,2017-04-03 11:08:00,2.46,2017-04-19 12:00:00,3.0
121,35166.0,no_info,2018-08-13 14:50:44,n/a,2018-08-27 12:00:00,14.0
122,18278.0,2018-03-16 15:45:55,2018-03-27 02:33:36,14.76,2018-04-12 12:00:00,12.0
123,39702.0,2017-02-28 12:20:53,2017-03-09 15:48:15,78.07,2017-03-20 12:00:00,3.0
124,24691.0,2018-02-23 11:02:29,2018-02-26 21:04:47,23.6,2018-03-09,14.0
125,53356.0,2017-08-07 01:06:50,2017-08-24 19:53:32,47.55,valores em falta,9.0
126,7106.0,2017-12-29 16:31:00,2018-01-12 12:16:04,140.52,2018-01-18 12:00:00,3.0
127,19827.0,2017-01-29 20:03:45,2017-02-13 14:06:11,22.56,2017-03-15 12:00:00,8.0
128,46653.0,2018-07-26 18:54:47,2018-08-01 18:15:50,32.86,2018-08-13,6.0
129,48347.0,2017-12-09 09:29:19,2017-12-28 20:37:13,20.9,valores em falta,6.0
130,19509.0,2018-04-02 23:09:18,2018-04-11 17:33:02,38.45,2018-04-18 12:00:00,6.0
131,19010.0,2017-07-19 19:43:53,2017-08-04 16:54:59,46.76,2017-08-17 12:00:00,8.0
132,6033.0,2017-02-02 00:09:40,2017-02-08 10:05:10,55.54,2017-02-27 12:00:00,6.0
133,43312.0,2017-12-03 17:07:46,2017-12-10 16:59:30,no_info,2017-12-28 12:00:00,4.0
134,60352.0,2018-05-04 15:59:37,2018-05-14 23:18:34,33.24,2018-06-04 12:00:00,2.0
135,48365.0,2018-06-20 16:44:28,2018-06-26 18:58:22,32.83,valores em falta,6.0
136,57734.0,2018-03-19 16:48:56,NAN,N/A,2018-03-29 12:00:00,0.0
137,36810.0,valores em falta,nan,58.65,nones,8.0
138,29501.0,2017-11-30 22:44:11,2017-12-27 20:10:12,59.82,2017-12-28 12:00:00,9.0
139,1129.0,2018-02-15 15:33:13,2018-03-05 22:51:50,20.9,2018-03-07,8.0
140,38044.0,2018-08-15 19:30:07,2018-08-27 16:55:37,21.31,2018-08-31,8.0
141,44731.0,2018-03-26 11:02:31,2018-04-09 21:53:23,38.39,2018-04-27 12:00:00,2.0
142,48893.0,2018-03-05 12:14:57,2018-03-09 11:42:19,38.23,2018-03-21 12:00:00,13.0
143,15682.0,2017-12-28 23:07:22,2018-01-08 15:05:37,17.38,2018-01-23 12:00:00,9.0
144,44474.0,2018-03-11 23:08:43,2018-04-10 20:43:40,10.39,2018-03-29,14.0
145,54354.0,2018-04-12 16:49:57,2018-04-18 03:04:59,25.12,2018-05-07 12:00:00,9.0
146,18858.0,2017-11-28 11:40:40,2017-12-05 21:23:25,30.66,NO_INFO,10.0
147,20580.0,2018-06-27 15:45:49,2018-07-03 18:56:50,82.12,2018-07-26 12:00:00,11.0
148,12846.0,2017-09-26 16:35:42,2017-10-06 18:04:05,32.34,2017-10-11 12:00:00,8.0
149,25356.0,2018-02-08 16:06:58,2018-03-02 14:21:41,42.38,2018-03-14 12:00:00,6.0
150,13475.0,2018-08-24 10:16:19,2018-08-29 23:47:20,42.17,2018-09-10 12:00:00,1.0
151,60812.0,2018-06-05 20:18:58,2018-06-12 18:22:36,6.87,NO_INFO,16.0
152,44725.0,2017-04-18 16:12:20,2017-04-28 09:44:55,22.75,2017-05-11 12:00:00,5.0
153,2396.0,N/A,VALORES EM FALTA,10.55,N/A,15.0
154,8343.0,2018-01-22 13:15:26,2018-01-30 19:35:57,62.6,2018-02-19,2.0
155,7778.0,2018-07-29 18:18:15,2018-08-07 22:41:48,23.71,2018-08-14 12:00:00,1.0
156,17312.0,2017-10-04 14:14:37,NAN,47.55,2017-10-27 12:00:00,12.0
157,43932.0,2017-07-19 12:39:52,2017-08-04 17:04:20,8.52,nan,1.0
158,60812.0,N/A,NONES,NO_INFO,NO_INFO,16.0
159,54830.0,valores em falta,2018-03-10 00:41:56,32.34 R$,2018-03-07,16.0
160,21207.0,2018-02-06 09:48:11,2018-02-16 13:58:56,47.55,2018-03-07 12:00:00,2.0
161,61985.0,2018-01-09 20:59:52,2018-01-18 23:33:50,21.19,2018-02-02 12:00:00,2.0
162,20641.0,2018-08-19 15:41:39,2018-08-24 14:48:54,1.64,nones,7.0
163,49664.0,2018-01-01 13:17:49,2018-01-05 17:09:10,32.34,no_info,9.0
164,62414.0,nones,2018-04-16 13:26:37,34.29 real,2018-04-26 12:00:00,14.0
165,20727.0,nones,2018-06-29 19:24:41,133.37,2018-07-05 12:00:00,3.0
166,3232.0,2017-12-21 10:30:18,2017-12-29 19:57:21,42.05,2018-01-16 12:00:00,0.0
167,8874.0,2017-09-24 12:41:40,2017-10-04 21:30:04,69.37 Reais,2017-10-20 12:00:00,4.0
168,40768.0,2017-06-29 17:45:24,2017-08-03 16:35:47,3.03,valores em falta,0.0
169,33623.0,2018-08-10 10:11:40,2018-08-15 15:27:49,23.71,2018-08-30 12:00:00,6.0
170,32063.0,2018-01-30 21:08:20,2018-02-17 00:28:00,35.92,2018-03-02 12:00:00,12.0
171,55435.0,2018-05-10 12:06:38,2018-05-18 22:51:56,nones,2018-06-07,2.0
172,28887.0,2017-03-12 14:32:22,2017-03-28 14:15:41,16.93,2017-04-13 12:00:00,3.0
173,38300.0,2018-03-31 17:40:49,2018-04-05 20:21:44,9.49,2018-04-18,1.0
174,19144.0,2018-07-28 08:44:36,2018-08-03 20:11:29,18.41,no_info,4.0
175,16432.0,2017-03-04 15:23:16,2017-03-14 14:34:11,31.0,2017-04-04,9.0
176,55089.0,2017-06-06 18:08:32,2017-06-19 10:09:45,56.65,2017-06-30,8.0
177,3572.0,2018-05-09 20:38:13,2018-05-19 10:36:50,46.13,2018-05-25 12:00:00,0.0
178,57865.0,2017-10-09 22:08:45,2017-10-17 18:27:29,21.88,n/a,6.0
179,1351.0,2017-11-26 11:43:52,2017-12-01 17:38:44,89.73,2017-12-26,6.0
180,57734.0,2018-03-19 16:48:56,2018-03-21 20:02:40,11.39,2018-03-29 12:00:00,0.0
181,21119.0,2017-11-29 10:53:27,2017-12-14 00:46:14,17.44,2017-12-27 12:00:00,4.0
182,29335.0,2017-09-12 23:58:05,2017-09-21 18:14:10,21.98,2017-10-10 12:00:00,13.0
183,46272.0,2017-06-06 11:27:10,2017-06-19 13:05:49,47.55,2017-07-13 12:00:00,9.0
184,50341.0,n/a,nan,nan,2018-06-20 12:00:00,1.0
185,47584.0,2017-03-25 15:33:43,2017-03-30 17:47:57,55.54,2017-04-17 12:00:00,0.0
186,36089.0,2018-03-21 15:26:13,2018-04-03 16:16:35,55.8,2018-04-11,9.0
187,35755.0,2017-07-20 10:25:46,2017-08-01 20:59:56,38.94,nones,3.0
188,49681.0,no_info,no_info,nan,valores em falta,2.0
189,7321.0,2018-04-21 15:42:16,2018-04-30 21:11:46,62.33 Reais,n/a,15.0
190,41040.0,2018-08-03 08:50:46,2018-08-04 12:32:48,52.93,2018-08-10 12:00:00,15.0
191,49351.0,2018-04-02 08:47:49,2018-04-13 13:22:32,22.18 REAL BRASILEIRO,2018-04-19 12:00:00,3.0
192,11241.0,2018-06-13 16:19:00,2018-06-22 18:28:38,61.02,2018-07-05 12:00:00,4.0
193,54255.0,2018-07-15 11:31:23,2018-07-20 17:14:31,46.36,2018-07-30 12:00:00,1.0
194,32401.0,2018-04-08 18:01:46,2018-04-13 15:37:51,37.8 R$,2018-05-02 12:00:00,6.0
195,25006.0,2018-06-15 07:43:54,2018-06-29 18:52:15,12.28,2018-07-27,2.0
196,29290.0,2017-12-21 04:47:03,2017-12-23 16:29:26,58.38,2018-01-10 12:00:00,13.0
197,37646.0,2018-07-26 22:42:46,2018-08-07 15:18:43,6.87,2018-08-14,2.0
198,16693.0,2018-02-05 21:42:18,2018-02-20 18:53:27,nones,2018-03-12 12:00:00,1.0
199,13542.0,2017-08-07 17:26:19,2017-08-14 19:55:00,47.55,2017-08-29 12:00:00,13.0
200,18476.0,2017-07-26 19:45:17,2017-08-11 14:48:29,30.5,2017-08-17,4.0
201,6623.0,2018-03-20 20:48:34,2018-03-27 19:03:13,35.95 REAIS,2018-04-13,0.0
202,1279.0,2017-11-24 09:38:22,2017-12-12 18:41:55,36.04,2017-12-14 12:00:00,9.0
203,58702.0,2018-02-19 14:56:40,2018-03-21 17:34:52,69.21,2018-03-12,3.0
204,44462.0,2017-12-08 09:42:43,2017-12-19 18:43:35,114.9,nan,6.0
205,43505.0,2018-02-23 10:37:40,2018-03-07 00:06:36,20.9,2018-03-16 12:00:00,13.0
206,10662.0,2018-04-04 06:05:53,2018-04-10 17:05:33,55.95,2018-04-20 12:00:00,6.0
207,24445.0,2018-01-10 22:19:01,2018-01-15 18:12:11,30.24,2018-01-24 12:00:00,1.0
208,24998.0,2018-06-06 18:49:33,2018-06-22 15:05:01,6.87,no_info,11.0
209,42939.0,2018-06-24 09:57:00,2018-06-29 20:42:45,14.0,2018-07-26 12:00:00,16.0
210,37267.0,2018-06-12 19:14:34,2018-06-14 19:21:55,34.33,2018-06-21 12:00:00,1.0
211,30241.0,2018-01-08 22:25:26,2018-01-17 21:09:55,13.83 Reais,2018-02-07 12:00:00,2.0
212,9465.0,2017-09-04 09:28:18,2017-09-13 22:34:10,47.55,nan,9.0
213,41025.0,no_info,2018-08-16 13:38:42,nan,nan,9.0
214,54387.0,2017-11-28 18:44:57,2017-12-03 13:24:11,50.83,2017-12-15,6.0
215,24194.0,2017-11-28 12:01:21,2017-12-04 15:55:00,124.54,2017-12-18 12:00:00,8.0
216,59965.0,2017-11-08 20:44:32,2017-11-11 16:05:02,44.16,2017-11-22,17.0
217,15438.0,nan,2018-01-06 12:39:21,20.9,2018-01-04,12.0
218,15069.0,2017-06-06 16:32:42,2017-06-19 20:55:42,25.17,NONES,12.0
219,43524.0,2017-05-09 14:38:00,2017-05-15 17:04:41,44.5,no_info,13.0
220,17565.0,2018-07-17 12:02:11,2018-07-20 20:51:25,82.93,2018-08-07,9.0
221,5266.0,2018-03-20 16:16:56,2018-03-29 21:42:05,21.82,2018-04-06 12:00:00,10.0
222,35814.0,2017-09-13 12:52:01,2017-10-02 17:29:10,46.76,2017-10-09,9.0
223,37227.0,2018-02-16 16:30:42,2018-02-28 21:56:45,44.11 reais,2018-03-12 12:00:00,9.0
224,34624.0,2017-11-16 12:30:55,2017-12-04 19:46:56,214.86,2017-12-06 12:00:00,0.0
225,1212.0,2018-08-17 15:49:08,2018-08-18 16:58:50,46.71,2018-08-27 12:00:00,6.0
226,1351.0,2017-11-26 11:43:52,2017-12-01 17:38:44,89.73,2017-12-26,6.0
227,27241.0,2017-11-20 18:53:16,2017-11-28 20:44:51,38.98,2017-12-13 12:00:00,1.0
228,23966.0,2017-08-27 13:02:35,2017-09-06 21:16:11,41.85,2017-09-26 12:00:00,3.0
229,25356.0,2018-02-08 16:06:58,2018-03-02 14:21:41,42.38,2018-03-14 12:00:00,6.0
230,28093.0,2018-04-04 22:58:03,2018-04-10 19:31:15,32.88,2018-05-02 12:00:00,0.0
231,52146.0,2017-10-05 18:46:15,2017-10-09 18:24:02,38.48,2017-10-23 12:00:00,0.0
232,11785.0,2018-08-06 21:40:05,2018-08-10 16:07:24,16.23,2018-08-13 12:00:00,6.0
233,17396.0,2018-02-14 20:14:12,2018-03-05 11:59:04,17.44,2018-03-09 12:00:00,0.0
234,588.0,2017-11-30 16:08:28,2017-12-03 13:05:16,29.76,2017-12-18 12:00:00,2.0
235,1003.0,2018-01-09 07:51:15,2018-01-17 16:33:01,32.34,2018-01-26 12:00:00,1.0
236,50383.0,valores em falta,2018-01-30 19:33:29,9.21,valores em falta,4.0
237,60166.0,2018-05-02 12:02:02,2018-05-10 18:10:52,69.82,2018-05-22,8.0
238,20319.0,2018-02-09 10:12:42,2018-02-15 12:09:28,47.55,2018-03-09 12:00:00,3.0
239,63525.0,2017-07-07 18:36:58,2017-07-15 13:07:51,44.4,2017-07-31 12:00:00,1.0
240,62032.0,2017-11-22 21:12:44,2017-12-18 15:19:08,82.09 R$,2017-12-11,10.0
241,2080.0,nan,n/a,n/a,n/a,13.0
242,56552.0,2017-07-28 22:38:06,2017-08-12 16:27:41,38.92,2017-08-21,16.0
243,39908.0,2017-11-05 15:57:07,2017-11-18 16:38:43,7.56,2017-11-27,3.0
244,40518.0,2017-03-03 20:39:32,2017-03-13 13:14:59,2.46 REAL BRASILEIRO,2017-03-27,8.0
245,15665.0,2018-06-15 09:40:37,2018-06-21 20:36:37,12.01,2018-07-05 12:00:00,1.0
246,28230.0,2018-04-27 22:38:23,2018-05-04 19:22:28,42.12,nones,6.0
247,5266.0,2018-03-20 16:16:56,2018-03-29 21:42:05,21.82,2018-04-06 12:00:00,10.0
248,42047.0,2017-07-22 22:19:02,2017-07-31 12:33:06,13.92 real brasileiro,2017-08-04 12:00:00,8.0
249,46106.0,2018-06-21 21:02:10,2018-06-26 19:46:35,15.95,2018-07-17,14.0
250,20008.0,2017-11-14 00:52:49,2017-11-24 19:32:25,12.35,2017-12-08 12:00:00,1.0
251,41138.0,2017-08-12 23:12:48,2017-08-21 19:57:21,47.35,valores em falta,0.0
252,51901.0,2018-01-21 17:44:04,2018-01-30 16:35:01,13.08,2018-02-16,9.0
253,31437.0,2018-05-07 10:45:57,2018-05-16 21:22:30,13.51,no_info,1.0
254,3745.0,2017-06-13 21:51:48,2017-06-23 11:02:49,57.3,2017-07-05 12:00:00,6.0
255,37892.0,2018-04-04 09:12:02,2018-04-10 15:38:49,50.28,2018-04-20 12:00:00,6.0
256,58804.0,2017-12-25 19:38:33,2018-01-09 17:29:33,38.6,NONES,7.0
257,57216.0,2017-10-11 08:32:20,2017-10-20 20:52:12,41.41,valores em falta,16.0
258,3442.0,2017-11-24 10:27:33,2017-12-14 18:47:16,38.66,2017-12-18,4.0
259,57891.0,2017-08-17 16:09:34,2017-08-28 19:36:36,71.02,2017-09-06 12:00:00,12.0
260,31899.0,2018-04-23 20:23:04,2018-05-03 18:39:48,25.87,2018-05-17,7.0
261,38494.0,2018-02-06 18:21:30,2018-02-16 18:32:12,170.86,2018-03-13 12:00:00,6.0
262,15880.0,no_info,nan,no_info,2017-05-10 12:00:00,0.0
263,37622.0,2018-05-12 21:50:00,2018-05-18 18:04:10,42.02,NONES,5.0
264,22269.0,2018-06-26 22:06:58,2018-06-30 15:24:27,47.61,2018-07-18 12:00:00,4.0
265,9465.0,2017-09-04 09:28:18,2017-09-13 22:34:10,47.55,nan,9.0
266,2134.0,NONES,2018-08-09 15:03:10,30.72,NAN,16.0
267,42480.0,2018-07-24 16:15:19,2018-08-04 10:54:56,133.37,2018-08-02 12:00:00,1.0
268,37391.0,2017-02-05 18:57:32,2017-02-15 08:07:38,70.34 real,2017-03-03,4.0
269,53746.0,2018-02-22 17:20:43,2018-03-01 01:08:25,26.04,2018-03-14 12:00:00,3.0
270,38052.0,2017-03-23 14:07:06,2017-04-03 13:37:45,13.58,2017-05-05 12:00:00,8.0
271,26175.0,2018-07-09 00:04:47,2018-07-30 15:38:46,125.78,2018-07-25 12:00:00,10.0
272,28144.0,2018-03-12 23:21:44,2018-03-28 14:21:51,32.8,2018-03-29 12:00:00,2.0
273,52459.0,2018-08-13 14:33:18,2018-08-20 23:45:37,63.11 real brasileiro,2018-08-24 12:00:00,0.0
274,34637.0,2018-04-13 09:50:29,2018-04-23 21:09:44,65.59,2018-05-08 12:00:00,14.0
275,35755.0,2017-07-20 10:25:46,2017-08-01 20:59:56,38.94,NONES,3.0
276,37692.0,2018-01-22 18:01:40,2018-02-05 20:53:02,NAN,2018-02-19 12:00:00,10.0
277,54133.0,2017-11-25 18:14:42,2017-12-08 17:15:25,24.64,2017-12-26 12:00:00,2.0
278,53949.0,2018-06-14 23:31:47,2018-06-21 19:21:34,89.36,2018-07-12 12:00:00,11.0
279,19144.0,2018-07-28 08:44:36,2018-08-03 20:11:29,18.41,no_info,4.0
280,51003.0,2017-06-17 23:53:28,2017-06-28 15:29:42,64.98,valores em falta,6.0
281,17528.0,2018-06-30 22:43:00,2018-07-11 18:08:59,7.88 R$,2018-07-25,13.0
282,46353.0,2017-09-22 09:01:26,2017-10-03 20:26:53,32.34,2017-10-09 12:00:00,0.0
283,11771.0,2018-07-26 16:37:10,2018-08-02 19:11:45,19.65,2018-08-14,13.0
284,14252.0,2018-01-08 18:24:02,2018-01-15 17:57:57,26.02,2018-02-02 12:00:00,9.0
285,43131.0,2018-07-19 11:57:58,2018-07-23 18:06:27,64.35,nan,16.0
286,13096.0,2017-04-03 09:02:59,2017-04-13 13:10:28,110.14,2017-04-26 12:00:00,2.0
287,45984.0,2017-08-16 14:35:06,2017-08-21 19:12:45,37.91,2017-09-12,0.0
288,36200.0,2018-08-20 17:04:34,2018-08-29 16:41:59,24.79,2018-10-04 12:00:00,7.0
289,24491.0,2018-05-14 16:47:21,2018-05-21 20:48:40,88.09,2018-05-28 12:00:00,12.0
290,54133.0,2017-11-25 18:14:42,2017-12-08 17:15:25,24.64,2017-12-26 12:00:00,2.0
291,54983.0,2017-06-27 22:45:09,2017-07-12 20:04:35,58.14,2017-07-19 12:00:00,2.0
292,39984.0,2018-06-03 21:19:21,2018-06-23 11:26:41,38.78,nan,8.0
293,57388.0,2018-08-09 12:06:24,2018-08-16 15:16:51,41.54,2018-08-27,3.0
294,29633.0,2018-04-02 09:35:34,2018-04-05 21:34:35,29.6,2018-04-19 12:00:00,9.0
295,3814.0,2018-08-14 00:20:52,2018-08-20 20:21:45,22.39,2018-08-27,9.0
296,28144.0,2018-03-12 23:21:44,2018-03-28 14:21:51,32.8,2018-03-29 12:00:00,2.0
297,41086.0,2017-11-07 18:03:01,2017-11-10 20:07:55,48.82,2017-11-27 12:00:00,16.0
298,55708.0,2018-08-02 14:50:44,2018-08-16 13:56:29,2.94,2018-08-20 12:00:00,5.0
299,57421.0,2017-10-05 18:56:26,2017-10-19 17:51:24,45.85 R$,nan,0.0
300,10047.0,2017-06-26 16:32:20,2017-07-03 15:52:55,32.4,2017-07-07 12:00:00,7.0
301,190.0,valores em falta,2018-04-23 21:29:29,20.26,2018-05-02,2.0
302,9422.0,2017-07-04 13:27:14,2017-07-17 20:22:54,70.82,2017-08-02 12:00:00,13.0
303,32465.0,2017-12-11 23:18:08,2017-12-27 14:38:42,30.46 Real,2018-01-04 12:00:00,2.0
304,24754.0,2017-12-20 13:12:41,2018-01-04 17:17:25,28.09,2018-02-01,5.0
305,45895.0,2017-05-18 21:05:48,2017-05-24 11:43:22,VALORES EM FALTA,2017-06-12 12:00:00,12.0
306,45760.0,2018-04-13 10:09:10,2018-04-23 23:22:07,20.77,2018-05-08 12:00:00,4.0
307,2129.0,2018-07-02 21:45:09,2018-07-10 17:51:24,69.22,2018-07-30 12:00:00,15.0
308,58506.0,2018-01-12 13:13:40,2018-01-31 18:23:01,92.85,2018-02-14 12:00:00,5.0
309,15638.0,2018-04-15 22:55:35,2018-04-24 18:51:31,41.82,2018-05-07 12:00:00,4.0
310,26731.0,2018-04-10 21:18:01,2018-04-14 14:56:54,97.46,no_info,6.0
311,56536.0,2018-05-20 11:29:44,2018-06-01 17:05:00,66.83,2018-05-29 12:00:00,15.0
312,35479.0,2017-08-17 16:52:27,2017-08-23 15:16:36,38.66 Real,2017-09-11 12:00:00,10.0
313,27355.0,2018-06-01 21:35:14,2018-06-19 21:52:22,33.03,2018-07-27 12:00:00,2.0
314,44518.0,2017-07-13 11:48:17,2017-07-18 02:24:39,67.11,2017-08-02,4.0
315,45190.0,2018-02-04 23:26:31,2018-02-14 19:16:07,89.36,2018-02-26,10.0
316,11451.0,2018-05-26 23:52:17,2018-05-30 15:48:56,39.07,2018-06-20,0.0
317,9414.0,2017-10-04 15:32:22,2017-10-11 19:06:33,13.5,2017-10-30 12:00:00,13.0
318,25290.0,2018-02-15 16:08:06,2018-02-20 15:03:57,64.93,2018-03-01 12:00:00,1.0
319,27907.0,2017-11-24 21:03:03,2017-12-05 16:39:02,10.31,2017-12-19 12:00:00,9.0
320,38213.0,2017-07-19 18:45:11,2017-07-28 20:33:41,42.48,2017-08-11,2.0
321,36810.0,2017-05-24 14:17:48,2017-06-01 13:03:15,58.65,2017-06-16 12:00:00,8.0
322,45431.0,2018-03-05 09:37:06,2018-03-08 14:58:37,17.38,2018-03-21 12:00:00,9.0
323,50660.0,2017-04-28 19:02:57,2017-05-12 13:44:06,14.68,2017-05-29 12:00:00,4.0
324,11241.0,2018-06-13 16:19:00,2018-06-22 18:28:38,61.02,2018-07-05 12:00:00,4.0
325,20727.0,2018-06-25 12:06:07,2018-06-29 19:24:41,133.37,2018-07-05 12:00:00,3.0
326,54300.0,2018-06-09 12:20:13,2018-06-20 17:17:40,19.86,2018-07-04,4.0
327,29571.0,2018-07-06 23:09:15,2018-07-16 14:48:29,35.07,2018-07-27,13.0
328,52572.0,2017-03-30 21:09:23,2017-04-05 14:39:50,57.81,2017-04-20 12:00:00,0.0
329,28444.0,2018-01-04 12:52:13,2018-01-09 15:22:53,47.55,2018-02-01,2.0
330,51885.0,2018-06-06 12:54:20,2018-06-21 18:18:30,40.66,VALORES EM FALTA,0.0
331,55669.0,2018-07-01 20:03:18,2018-07-05 19:22:40,29.69 reais,2018-07-25 12:00:00,0.0
332,33955.0,2018-07-25 06:18:20,2018-08-07 16:38:51,58.49 reais,2018-08-15 12:00:00,5.0
333,31193.0,2017-03-25 11:51:39,2017-03-29 16:34:17,61.32,2017-04-13 12:00:00,7.0
334,54406.0,2018-06-19 23:01:50,2018-06-21 17:26:26,56.56,nan,14.0
335,42073.0,n/a,2018-06-12 17:28:54,15.48,2018-07-19,0.0
336,40510.0,2018-08-07 21:31:29,2018-08-13 18:12:03,128.47,no_info,14.0
337,35479.0,2017-08-17 16:52:27,2017-08-23 15:16:36,38.66 Real,2017-09-11 12:00:00,10.0
338,20194.0,NO_INFO,N/A,N/A,NO_INFO,5.0
339,27355.0,2018-06-01 21:35:14,2018-06-19 21:52:22,33.03,2018-07-27 12:00:00,2.0
340,14886.0,2017-02-23 23:40:35,2017-03-08 06:49:03,57.73,VALORES EM FALTA,11.0
341,56850.0,NAN,2018-02-04 19:06:50,23.17,2018-02-16,0.0
342,6577.0,2018-03-04 15:26:54,2018-03-21 18:48:50,47.55,2018-03-26,1.0
343,9602.0,2018-02-15 17:55:55,2018-03-08 19:39:28,149.66,2018-03-02,1.0
344,47921.0,2017-05-29 15:48:13,2017-06-07 14:07:04,16.59,2017-06-21 12:00:00,16.0
345,20707.0,2018-01-09 12:53:44,valores em falta,40.33,2018-02-06 12:00:00,12.0
346,51214.0,2018-01-04 14:44:23,nones,34.31,nan,6.0
347,43044.0,2017-11-20 10:59:31,2017-11-30 21:34:38,24.11,2017-12-14 12:00:00,1.0
348,36507.0,2018-03-04 19:19:26,2018-04-09 19:48:46,24.23,2018-04-02,0.0
349,51883.0,2018-01-02 17:56:52,2018-01-16 17:12:37,237.84,2018-01-31,11.0
350,47584.0,2017-03-25 15:33:43,n/a,nan,nones,0.0
351,53723.0,n/a,valores em falta,72.67,2018-05-03 12:00:00,1.0
352,42547.0,valores em falta,2018-01-29 18:29:25,14.54,n/a,4.0
353,32144.0,2018-01-15 02:39:35,2018-02-02 16:33:46,12.59,2018-02-05 12:00:00,5.0
354,39714.0,2018-06-12 11:00:26,2018-06-23 00:03:41,30.69,2018-07-13 12:00:00,17.0
355,18.0,2017-03-07 19:19:19,2017-03-21 10:41:53,11.36,nan,7.0
356,7975.0,2018-04-09 23:12:50,2018-04-12 15:05:58,18.54,2018-04-26 12:00:00,0.0
357,8125.0,2017-12-06 13:26:13,2018-01-10 01:06:20,17.91,2018-01-09 12:00:00,7.0
358,6073.0,2018-05-17 09:14:34,n/a,120.19,2018-06-04 12:00:00,3.0
359,6102.0,2018-03-14 23:49:32,2018-03-27 02:17:03,15.67,2018-04-10 12:00:00,13.0
360,43882.0,2017-09-18 18:53:15,2017-09-22 20:56:45,30.01,N/A,17.0
361,56548.0,2017-12-09 13:39:06,2017-12-27 18:33:50,47.55,2018-01-08 12:00:00,11.0
362,45190.0,nones,n/a,no_info,2018-02-26,10.0
363,41834.0,2018-06-12 08:59:54,2018-06-25 16:08:40,NONES,2018-07-13 12:00:00,12.0
364,47156.0,2017-02-25 16:28:03,2017-03-09 10:05:11,8.37,2017-03-23,6.0
365,16446.0,n/a,n/a,no_info,nan,8.0
366,27603.0,2017-11-24 18:30:43,2017-12-07 15:09:47,N/A,2017-12-14 12:00:00,7.0
367,4198.0,2017-05-24 21:12:23,2017-06-09 18:42:45,67.11,2017-06-19 12:00:00,2.0
368,49351.0,nan,2018-04-13 13:22:32,valores em falta,no_info,3.0
369,49055.0,2018-04-25 11:42:05,2018-05-02 23:58:29,7.54,2018-05-17,4.0
370,60060.0,nan,2018-08-23 18:56:23,33.74,2018-08-15 12:00:00,12.0
371,59434.0,2018-08-07 16:35:35,n/a,no_info,nones,10.0
372,59028.0,2018-02-11 11:03:31,2018-02-18 16:29:11,30.66,no_info,6.0
373,56322.0,2018-03-22 13:44:54,2018-03-27 17:42:15,34.33,2018-04-04 12:00:00,3.0
374,6237.0,2018-08-06 17:01:24,2018-08-13 15:47:40,n/a,2018-08-13 12:00:00,7.0
375,37116.0,2017-10-23 15:16:58,2017-10-31 22:23:42,9.1,2017-11-16,13.0
376,12408.0,2018-07-11 17:17:37,2018-07-13 17:58:42,89.55,2018-07-19 12:00:00,1.0
377,61537.0,2017-02-10 23:23:35,2017-02-24 17:09:47,70.34,2017-03-23 12:00:00,4.0
378,25581.0,2018-02-11 22:57:07,2018-03-02 00:45:14,14.25,nones,9.0
379,46986.0,2018-01-15 14:30:06,2018-01-18 19:13:39,50.83,2018-01-31,9.0
380,19891.0,2017-11-25 21:42:13,2017-12-11 16:43:11,96.55,2017-12-18,6.0
381,11006.0,2017-01-05 14:18:03,2017-01-17 16:47:45,61.32,2017-02-13,14.0
382,38399.0,2017-04-27 20:35:28,2017-05-09 09:11:25,87.83,2017-06-01,6.0
383,63030.0,2018-02-17 16:41:06,2018-02-27 18:22:43,13.92,2018-03-05 12:00:00,2.0
384,60166.0,2018-05-02 12:02:02,2018-05-10 18:10:52,69.82,2018-05-22,8.0
385,14185.0,2017-10-28 18:16:38,2017-11-01 15:39:51,61.32,2017-11-10 12:00:00,1.0
386,35024.0,2017-05-11 13:22:02,2017-05-24 17:24:50,45.73,2017-06-07 12:00:00,7.0
387,19824.0,2018-07-02 10:21:35,2018-07-07 22:22:26,72.67,2018-07-25 12:00:00,7.0
388,4374.0,nan,n/a,30.66,2017-09-06,12.0
389,12554.0,NONES,N/A,NO_INFO,NAN,0.0
390,48340.0,2017-02-23 12:20:44,2017-03-06 10:24:55,21.21,2017-03-24 12:00:00,8.0
391,24817.0,2017-08-21 20:47:58,2017-09-09 16:13:50,63.86,2017-09-15 12:00:00,1.0
392,28398.0,2018-04-19 09:27:47,2018-04-23 21:46:54,10.85,2018-05-03,9.0
393,57675.0,nan,n/a,14.41,no_info,0.0
394,57669.0,2017-12-10 11:22:29,2017-12-19 16:58:07,19.93,2018-01-12 12:00:00,5.0
395,13457.0,2017-11-15 21:03:17,2017-12-27 21:04:37,47.55,2017-12-11 12:00:00,0.0
396,43940.0,2018-02-21 14:46:47,2018-02-27 22:23:18,32.34,2018-03-07 12:00:00,6.0
397,15837.0,2018-06-30 21:51:00,2018-07-04 17:09:03,34.82,nones,12.0
398,684.0,2017-09-09 22:15:52,2017-09-22 22:26:41,26.72,2017-10-03 12:00:00,5.0
399,52572.0,2017-03-30 21:09:23,2017-04-05 14:39:50,57.81,2017-04-20 12:00:00,0.0
400,45823.0,2018-04-29 22:03:43,2018-05-08 19:36:48,valores em falta,nones,16.0
401,24786.0,2017-11-25 07:22:45,2017-12-07 00:44:56,3.41 real brasileiro,2017-12-20 12:00:00,7.0
402,49143.0,2018-06-21 18:04:09,2018-06-28 19:07:50,nan,2018-07-16 12:00:00,1.0
403,4451.0,nan,2018-07-09 11:36:54,4.85,2018-07-20 12:00:00,6.0
404,6237.0,2018-08-06 17:01:24,2018-08-13 15:47:40,104.98,2018-08-13 12:00:00,7.0
405,24691.0,2018-02-23 11:02:29,2018-02-26 21:04:47,23.6,2018-03-09,14.0
406,29479.0,2018-04-22 19:41:06,2018-05-14 18:19:37,34.4,2018-05-28,3.0
407,14944.0,2018-05-10 23:18:33,2018-05-23 17:07:49,99.34,2018-06-05 12:00:00,1.0
408,14298.0,2017-06-21 09:02:30,2017-06-27 14:56:56,14.43,2017-07-12,9.0
409,17659.0,2017-11-24 14:03:15,2017-11-30 15:27:13,49.91,2017-12-14 12:00:00,4.0
410,39984.0,2018-06-03 21:19:21,2018-06-23 11:26:41,38.78,2018-07-16 12:00:00,8.0
411,62881.0,2017-10-16 18:08:18,2017-10-24 20:09:53,61.32,2017-10-26,13.0
412,41086.0,2017-11-07 18:03:01,2017-11-10 20:07:55,48.82,2017-11-27 12:00:00,16.0
413,46673.0,2018-06-19 11:38:23,2018-07-03 17:52:31,50.92,2018-07-12 12:00:00,0.0
414,51687.0,2017-07-19 22:05:28,2017-07-26 17:29:47,67.11,2017-08-08 12:00:00,2.0
415,53223.0,2017-11-24 09:37:11,2017-12-07 17:31:59,30.66,2017-12-14 12:00:00,7.0
416,709.0,2018-05-18 11:00:26,2018-06-05 15:44:30,51.05,2018-07-16 12:00:00,1.0
417,54255.0,2018-07-15 11:31:23,2018-07-20 17:14:31,46.36,2018-07-30 12:00:00,1.0
418,6073.0,2018-05-17 09:14:34,2018-06-09 00:09:44,120.19,2018-06-04 12:00:00,3.0
419,44198.0,2018-05-09 00:54:27,2018-05-15 20:41:24,53.29,2018-05-29 12:00:00,9.0
420,17528.0,2018-06-30 22:43:00,2018-07-11 18:08:59,7.88 R$,2018-07-25,13.0
421,56445.0,2017-11-23 21:15:06,2017-12-11 17:09:00,29.05,2017-12-22,9.0
422,2984.0,2017-09-15 14:45:57,2017-09-25 20:58:47,19.38,no_info,9.0
423,22812.0,2018-06-11 07:14:41,2018-06-18 22:52:05,61.53,2018-07-04 12:00:00,10.0
424,20536.0,2017-07-03 09:14:20,2017-07-11 20:32:43,13.8,2017-07-26 12:00:00,4.0
425,52519.0,2017-10-10 19:40:11,2017-10-13 23:54:02,23.6,2017-10-23 12:00:00,14.0
426,17659.0,2017-11-24 14:03:15,2017-11-30 15:27:13,49.91,2017-12-14 12:00:00,4.0
427,26247.0,2018-01-18 10:48:40,2018-02-08 21:23:02,47.55,2018-02-22 12:00:00,4.0
428,17722.0,2017-11-08 19:30:06,2017-11-20 18:08:09,29.41,2017-11-29 12:00:00,1.0
429,40543.0,2017-07-27 13:19:29,2017-08-02 18:43:07,20.91,2017-08-16 12:00:00,1.0
430,52425.0,2017-07-30 21:18:52,2017-08-10 17:37:58,24.44,2017-08-22 12:00:00,1.0
431,47209.0,2017-11-28 10:28:28,2017-12-11 15:25:07,38.66,2017-12-19 12:00:00,17.0
432,48913.0,2018-02-15 22:32:15,2018-03-08 23:28:34,38.84,valores em falta,4.0
433,7776.0,2018-01-02 11:24:28,2018-02-02 16:12:52,47.55,2018-02-01,14.0
434,38719.0,2018-01-12 13:14:51,2018-01-23 16:09:51,47.55,2018-02-09,16.0
435,17229.0,2017-09-26 16:49:40,2017-10-04 21:37:36,47.55,2017-10-23 12:00:00,6.0
436,51885.0,NONES,NONES,40.66,VALORES EM FALTA,0.0
437,61010.0,2018-02-16 14:11:09,2018-03-07 12:54:04,49.27,2018-03-15,1.0
438,56210.0,2018-06-18 17:31:22,2018-06-22 15:45:15,32.61,2018-07-26,0.0
439,12408.0,2018-07-11 17:17:37,2018-07-13 17:58:42,89.55,2018-07-19 12:00:00,1.0
440,56617.0,2018-05-14 00:58:58,2018-05-18 15:11:39,37.68,2018-05-30 12:00:00,7.0
441,53671.0,2017-02-13 15:30:37,2017-02-23 10:47:47,19.67,2017-03-16,5.0
442,61616.0,2018-05-30 18:42:21,2018-06-07 20:41:43,22.18,2018-07-05,1.0
443,28941.0,2017-11-09 19:12:27,2017-11-27 20:26:36,49.93,2017-12-19 12:00:00,11.0
444,25341.0,2018-04-25 19:43:19,2018-04-27 17:37:28,38.63,2018-05-11 12:00:00,14.0
445,52637.0,2018-06-22 11:16:05,2018-07-03 21:38:50,27.77 real,2018-07-17 12:00:00,5.0
446,56850.0,2018-01-20 23:36:07,2018-02-04 19:06:50,23.17,2018-02-16,0.0
447,61033.0,2018-08-10 18:47:53,2018-08-17 20:39:44,24.23,2018-09-10,6.0
448,26247.0,2018-01-18 10:48:40,no_info,47.55,2018-02-22 12:00:00,4.0
449,25575.0,2018-05-15 21:13:41,2018-05-21 17:21:15,64.26,NAN,14.0
450,4762.0,2017-10-22 19:17:43,2017-10-25 21:23:35,7.86,2017-11-03,0.0
451,39505.0,2017-04-02 11:52:40,2017-04-07 12:09:34,75.07,2017-04-26 12:00:00,12.0
452,6965.0,2018-04-12 14:57:23,2018-04-27 00:04:27,14.61,2018-05-08 12:00:00,9.0
453,32330.0,2017-12-12 12:11:59,2017-12-18 19:38:34,38.48,2017-12-29 12:00:00,1.0
454,16432.0,2017-03-04 15:23:16,2017-03-14 14:34:11,31.0,2017-04-04,9.0
455,45895.0,2017-05-18 21:05:48,2017-05-24 11:43:22,54.42,2017-06-12 12:00:00,12.0
456,11552.0,2018-05-16 14:14:03,2018-05-25 00:44:24,28.61,N/A,6.0
457,40543.0,NONES,NAN,20.91,NAN,1.0
458,21850.0,2017-09-02 11:53:32,2017-09-14 19:47:40,30.66,2017-09-26 12:00:00,13.0
459,13435.0,2017-10-08 15:59:29,2017-10-19 19:13:29,45.0,2017-11-09 12:00:00,0.0
460,40965.0,2017-07-12 07:44:44,2017-07-19 14:53:34,48.34,2017-08-01 12:00:00,0.0
461,11275.0,2018-01-19 13:39:35,2018-02-01 17:22:51,31.94,2018-02-15 12:00:00,7.0
462,51347.0,2017-11-23 23:58:51,2017-12-18 22:54:38,30.99 REAL,2017-12-21 12:00:00,9.0
463,25041.0,2018-04-12 11:03:44,2018-04-13 21:57:48,34.33 real brasileiro,2018-04-27 12:00:00,9.0
464,53949.0,2018-06-14 23:31:47,2018-06-21 19:21:34,89.36,2018-07-12 12:00:00,11.0
465,19272.0,2017-12-01 23:33:35,2017-12-11 20:34:07,38.66,2017-12-27 12:00:00,3.0
466,32182.0,2017-11-10 13:42:22,2017-11-22 14:12:32,16.12,2017-12-05,5.0
467,34473.0,2017-03-30 17:24:38,2017-04-11 12:53:37,36.86,2017-04-19 12:00:00,6.0
468,40065.0,2017-05-16 18:41:49,2017-05-30 15:08:56,14.68,2017-06-07 12:00:00,4.0
469,56536.0,2018-05-20 11:29:44,2018-06-01 17:05:00,66.83,2018-05-29 12:00:00,15.0
470,39505.0,valores em falta,valores em falta,valores em falta,valores em falta,12.0
471,56800.0,2018-07-18 19:32:41,2018-07-23 13:42:06,39.75,2018-08-17 12:00:00,2.0
472,36137.0,no_info,valores em falta,valores em falta,nones,9.0
473,22480.0,nones,2017-09-18 20:22:27,35.01,2017-10-05 12:00:00,6.0
474,63173.0,2017-07-27 11:30:22,2017-08-07 17:02:44,47.55,nan,3.0
475,16783.0,2018-07-18 10:31:28,2018-07-23 11:05:31,50.28,2018-08-06 12:00:00,4.0
476,17939.0,2017-02-16 12:58:36,2017-02-22 21:45:54,67.42,VALORES EM FALTA,11.0
477,26049.0,2017-12-11 18:25:03,2017-12-20 20:38:15,41.93,n/a,10.0
478,10489.0,2017-05-21 08:00:08,2017-05-24 12:07:35,161.82,2017-06-09,10.0
479,14382.0,2017-11-15 16:48:17,2017-12-01 01:40:05,37.42 reais,2017-12-06 12:00:00,0.0
480,11874.0,2018-02-06 11:34:34,2018-02-10 14:33:09,12.86,2018-03-09,0.0
481,8518.0,2017-08-01 13:43:33,2017-08-05 13:24:26,32.34,2017-08-14,4.0
482,22286.0,2018-04-06 16:47:38,2018-04-12 18:18:48,47.55,no_info,0.0
483,7595.0,2018-07-02 21:10:53,nones,22.0,2018-07-31 12:00:00,9.0
484,46733.0,2018-02-10 21:55:42,2018-02-22 23:03:56,29.05,2018-03-19 12:00:00,4.0
485,42827.0,2018-06-01 23:00:45,2018-06-11 22:27:30,12.28,2018-07-04 12:00:00,12.0
486,50955.0,2017-09-09 22:45:28,2017-09-21 18:08:33,47.55,2017-09-29 12:00:00,2.0
487,44474.0,2018-03-11 23:08:43,2018-04-10 20:43:40,10.39,2018-03-29,14.0
488,48194.0,2017-05-21 20:15:25,no_info,139.18,nones,14.0
489,50246.0,2018-07-28 10:35:24,2018-08-02 20:21:47,44.26,2018-08-10 12:00:00,3.0
490,7382.0,2017-04-19 17:57:46,2017-05-12 14:23:08,2.46,2017-05-11 12:00:00,11.0
491,22672.0,2018-06-03 09:48:48,2018-06-09 19:16:33,27.68 r$,2018-07-05,0.0
492,20545.0,n/a,2018-01-25 17:02:49,16.06,2018-02-14 12:00:00,5.0
493,25443.0,2018-02-05 19:14:46,2018-04-11 19:19:26,71.9,2018-03-16,3.0
494,11216.0,2017-07-13 17:49:51,2017-07-24 16:42:31,38.66,2017-08-11 12:00:00,4.0
495,26283.0,2018-03-12 16:10:40,2018-03-22 12:39:00,6.15,2018-04-04,0.0
496,40511.0,2017-05-06 17:47:06,2017-05-22 17:36:57,7.56,2017-05-31 12:00:00,0.0
497,53550.0,2018-02-02 12:15:45,2018-02-16 15:38:35,36.51 Reais,2018-03-07,2.0
498,42073.0,2018-06-02 21:02:33,2018-06-12 17:28:54,15.48,2018-07-19,0.0
499,52042.0,2017-08-01 23:07:21,2017-08-07 17:48:00,49.72,2017-08-31 12:00:00,12.0
500,14001.0,valores em falta,no_info,nones,nones,5.0
501,8348.0,2018-02-04 18:10:42,2018-02-25 20:35:29,93.14 REAL BRASILEIRO,2018-03-05,3.0
502,55708.0,2018-08-02 14:50:44,2018-08-16 13:56:29,2.94,2018-08-20 12:00:00,5.0
503,33613.0,nan,2017-02-13 16:05:11,nones,valores em falta,7.0
504,19001.0,2018-04-11 12:47:32,2018-04-17 00:13:27,21.26,2018-05-03 12:00:00,0.0
505,10047.0,2017-06-26 16:32:20,2017-07-03 15:52:55,32.4,2017-07-07 12:00:00,7.0
506,24863.0,2017-08-29 14:18:50,2017-09-04 22:04:15,28.61,2017-09-13 12:00:00,4.0
507,39654.0,2017-04-24 19:31:14,2017-05-17 15:56:57,44.07,2017-05-15,13.0
508,36249.0,2017-11-05 17:00:19,N/A,NO_INFO,NAN,1.0
509,28637.0,2017-10-06 15:04:26,2017-10-16 20:33:27,12.22,2017-11-03 12:00:00,0.0
510,9100.0,2018-07-08 21:38:25,2018-07-23 21:32:23,33.25,NAN,5.0
511,28887.0,2017-03-12 14:32:22,2017-03-28 14:15:41,16.93,2017-04-13 12:00:00,3.0
512,36175.0,2018-05-01 11:04:20,2018-05-21 11:26:39,23.7,2018-05-25,3.0
513,11874.0,2018-02-06 11:34:34,2018-02-10 14:33:09,12.86,2018-03-09,0.0
514,60620.0,NAN,NAN,NONES,VALORES EM FALTA,1.0
515,30364.0,2018-04-30 09:34:18,2018-05-08 16:44:46,56.92,2018-05-16,7.0
516,53358.0,2017-03-08 22:49:56,2017-03-15 10:44:55,2.46,2017-03-29 12:00:00,8.0
517,39027.0,2018-05-30 09:03:01,2018-06-05 17:19:35,83.54,2018-06-25 12:00:00,4.0
518,4898.0,2018-02-05 14:16:18,2018-02-17 16:27:04,32.34,2018-02-21,3.0
519,59276.0,2018-04-22 17:47:38,2018-04-26 15:42:10,38.63,2018-05-10 12:00:00,9.0
520,12554.0,2018-04-24 20:42:28,2018-05-03 20:19:17,6.15 real,2018-05-21 12:00:00,0.0
521,29571.0,n/a,valores em falta,n/a,valores em falta,13.0
522,48365.0,N/A,NAN,NONES,NO_INFO,6.0
523,23140.0,2018-03-07 12:02:14,2018-03-08 16:04:44,39.7 Reais,2018-03-19 12:00:00,6.0
524,39654.0,2017-04-24 19:31:14,2017-05-17 15:56:57,44.07,2017-05-15,13.0
525,60620.0,2017-09-30 21:44:37,2017-10-06 19:13:43,47.55 REAL,2017-10-27,1.0
526,38209.0,2018-03-08 10:43:22,2018-03-16 23:28:48,50.28,2018-03-26,12.0
527,62543.0,2017-07-10 17:55:20,2017-07-17 22:04:24,22.18,2017-07-28 12:00:00,12.0
528,36507.0,2018-03-04 19:19:26,2018-04-09 19:48:46,24.23,2018-04-02,0.0
529,21365.0,2017-08-29 14:39:21,2017-09-05 21:47:56,43.52,2017-09-18 12:00:00,1.0
530,52348.0,2017-02-03 17:29:41,2017-02-10 14:07:53,11.23,2017-03-10 12:00:00,13.0
531,55089.0,2017-06-06 18:08:32,NO_INFO,56.65,2017-06-30,8.0
532,20980.0,2018-07-06 11:21:51,2018-07-16 17:41:48,29.87,2018-07-30,1.0
533,19010.0,2017-07-19 19:43:53,2017-08-04 16:54:59,46.76,2017-08-17 12:00:00,8.0
534,62618.0,nones,valores em falta,n/a,no_info,4.0
535,56386.0,2018-08-07 16:35:35,2018-08-21 17:18:55,12.06,2018-09-19 12:00:00,12.0
536,2641.0,2017-07-02 13:02:39,2017-07-14 18:03:53,63.79,2017-07-25 12:00:00,14.0
537,46272.0,2017-06-06 11:27:10,2017-06-19 13:05:49,47.55,2017-07-13 12:00:00,9.0
538,47156.0,2017-02-25 16:28:03,2017-03-09 10:05:11,8.37,2017-03-23,6.0
539,27701.0,2017-10-11 13:36:46,2017-10-13 20:09:31,6.08,n/a,13.0
540,4131.0,2017-04-29 20:51:41,2017-05-04 17:12:10,55.54,valores em falta,8.0
541,37623.0,2017-07-24 22:11:50,2017-07-31 16:59:58,26.02,2017-08-15,10.0
542,5113.0,2017-06-18 21:01:05,2017-06-23 09:26:42,26.23,2017-07-11 12:00:00,11.0
543,22129.0,2018-04-14 12:12:34,2018-04-23 13:15:39,29.31,2018-04-26,3.0
544,30703.0,2017-03-26 13:16:52,2017-04-04 09:58:10,2.46 Real brasileiro,2017-04-18 12:00:00,3.0
545,7458.0,2017-09-19 10:30:53,2017-09-28 20:25:16,20.67,2017-10-19,9.0
546,57675.0,nan,nones,n/a,no_info,0.0
547,59724.0,2018-05-10 10:13:46,2018-05-20 10:15:29,6.87,n/a,9.0
548,34848.0,2018-02-08 19:02:20,2018-02-20 19:16:55,36.8 Real,2018-03-06 12:00:00,3.0
549,13845.0,2017-09-03 16:48:45,2017-09-05 21:22:24,6.08,2017-09-15 12:00:00,5.0
550,5507.0,2017-09-22 10:25:36,2017-10-02 10:43:08,31.47,2017-10-18 12:00:00,1.0
551,61467.0,2018-03-02 20:34:57,2018-03-16 15:26:50,23.88,2018-03-14 12:00:00,4.0
552,14990.0,no_info,nones,nones,valores em falta,4.0
553,9707.0,2017-12-23 14:48:05,2018-01-08 23:07:37,35.73,2018-01-19 12:00:00,5.0
554,44361.0,2017-08-26 14:11:46,2017-08-31 17:03:47,18.56,2017-09-15 12:00:00,4.0
555,47325.0,2018-08-09 09:11:18,2018-08-13 21:03:57,7.52,2018-08-16 12:00:00,13.0
556,31253.0,2018-04-24 14:11:16,2018-04-30 15:47:00,53.16 R$,2018-05-11 12:00:00,3.0
557,12542.0,2018-01-08 14:23:33,2018-01-26 16:33:28,2.16,nones,13.0
558,36249.0,2017-11-05 17:00:19,2017-11-10 19:58:37,9.61,2017-12-04 12:00:00,1.0
559,32110.0,2017-08-08 21:39:52,2017-08-17 20:56:36,6.54,2017-09-01,9.0
560,5966.0,2017-11-23 10:42:29,2017-12-04 21:52:12,nones,2017-12-26 12:00:00,4.0
561,51520.0,2018-08-07 09:30:10,2018-08-14 19:32:53,21.54,2018-08-28,14.0
562,34617.0,2018-03-23 16:36:35,2018-03-29 01:29:44,60.07,2018-04-05,9.0
563,17393.0,2018-05-24 16:01:40,2018-06-11 20:18:19,56.66,2018-06-26,12.0
564,38479.0,2017-09-05 09:45:57,2017-09-13 23:45:00,68.02,2017-09-18 12:00:00,5.0
565,15700.0,2018-08-06 12:22:58,2018-08-14 11:47:42,61.03 reais,2018-09-11 12:00:00,3.0
566,25770.0,2017-05-06 20:23:57,2017-05-24 05:47:52,47.55,2017-05-31,15.0
567,46141.0,2018-03-02 14:18:51,2018-03-09 21:04:32,30.66,2018-03-20 12:00:00,9.0
568,55109.0,2017-09-05 13:52:21,2017-09-18 18:59:39,16.59,2017-10-03,0.0
569,35099.0,2018-07-10 18:13:28,2018-07-30 18:42:13,4.52,2018-08-01,2.0
570,243.0,2018-08-10 19:29:13,2018-08-21 13:33:06,65.56,valores em falta,2.0
571,39702.0,2017-02-28 12:20:53,2017-03-09 15:48:15,78.07,2017-03-20 12:00:00,3.0
572,50066.0,2017-07-18 21:02:57,2017-07-21 20:46:35,32.34,2017-07-31 12:00:00,9.0
573,31226.0,2017-09-27 22:10:10,2017-10-11 23:42:48,21.91,2017-10-17 12:00:00,12.0
574,31294.0,2018-02-15 10:19:55,2018-02-28 14:49:22,16.32,2018-03-13 12:00:00,3.0
575,33165.0,2017-11-01 22:25:54,2017-11-14 19:33:15,1.87,2017-11-27,12.0
576,38061.0,2017-11-02 21:17:47,2017-11-08 19:14:01,24.23,2017-11-23 12:00:00,9.0
577,32063.0,2018-01-30 21:08:20,2018-02-17 00:28:00,35.92,2018-03-02 12:00:00,12.0
578,62414.0,2018-04-07 08:28:23,2018-04-16 13:26:37,34.29 real,2018-04-26 12:00:00,14.0
579,45321.0,2017-06-04 11:52:38,2017-06-19 20:04:19,2.18,2017-07-03 12:00:00,0.0
580,61250.0,n/a,2017-09-13 18:05:09,nan,2017-09-28 12:00:00,4.0
581,19422.0,2018-06-29 18:52:27,2018-07-10 11:31:55,39.91,2018-07-25 12:00:00,0.0
582,9273.0,2017-08-25 11:16:05,2017-08-30 14:04:26,49.05 Reais,2017-09-08,1.0
583,43416.0,2017-12-05 11:23:29,2017-12-08 21:43:02,37.29,2017-12-21 12:00:00,0.0
584,1225.0,2017-08-02 09:49:20,2017-08-10 15:28:03,56.11,2017-08-22,13.0
585,6389.0,2017-08-28 18:41:07,2017-09-02 12:30:09,27.2 r$,2017-09-15 12:00:00,8.0
586,50955.0,NONES,2017-09-21 18:08:33,47.55,2017-09-29 12:00:00,2.0
587,59065.0,2018-03-31 21:09:19,2018-05-08 13:58:42,150.8,n/a,3.0
588,35321.0,2018-02-14 21:17:34,2018-03-17 19:12:51,12.22,VALORES EM FALTA,3.0
589,9923.0,2018-01-07 18:03:55,2018-01-29 22:25:14,0.62,no_info,1.0
590,53243.0,2018-07-01 09:24:46,2018-07-06 18:57:24,31.33,nan,3.0
591,40226.0,2018-06-16 19:54:35,2018-06-28 18:21:13,50.15,2018-07-27,13.0
592,44731.0,2018-03-26 11:02:31,2018-04-09 21:53:23,38.39,2018-04-27 12:00:00,2.0
593,38431.0,2017-10-02 14:18:49,2017-10-06 21:24:43,32.34,2017-10-18 12:00:00,10.0
594,19177.0,2018-05-16 16:19:18,2018-06-05 20:19:00,9.87,2018-06-08 12:00:00,15.0
595,31999.0,2018-06-06 17:22:52,2018-06-08 19:59:36,43.34,nan,5.0
596,27195.0,NAN,2018-05-11 00:58:36,50.28 REAIS,2018-05-25,4.0
597,1190.0,2017-11-24 13:01:09,nan,62.6,2017-12-15,11.0
598,54061.0,2018-07-26 13:19:41,2018-07-30 18:08:56,60.07 r$,2018-08-10 12:00:00,9.0
599,51495.0,2017-11-24 19:54:51,2017-12-12 00:25:28,59.62,n/a,0.0
600,14408.0,2018-08-04 10:41:25,2018-08-10 22:38:31,19.65,2018-08-20,1.0
601,8056.0,2018-04-13 17:07:24,2018-05-04 18:17:29,45.05,n/a,0.0
602,52769.0,nones,n/a,nan,n/a,16.0
603,1129.0,2018-02-15 15:33:13,2018-03-05 22:51:50,20.9,2018-03-07,8.0
604,57216.0,2017-10-11 08:32:20,2017-10-20 20:52:12,41.41,valores em falta,16.0
605,42432.0,2018-02-14 11:54:55,2018-02-19 15:43:36,nan,nones,16.0
606,23765.0,2018-07-17 18:27:15,2018-07-28 00:58:37,52.64,2018-08-07 12:00:00,1.0
607,17915.0,nones,no_info,n/a,2018-06-21 12:00:00,9.0
608,53941.0,2017-08-07 12:25:53,2017-09-18 20:37:44,47.55,2017-08-29,9.0
609,36938.0,2017-07-02 14:38:35,2017-07-12 18:36:02,227.57,2017-07-21 12:00:00,8.0
610,62504.0,2018-05-15 11:09:53,2018-05-22 21:04:07,11.33,2018-06-08,6.0
611,55435.0,nones,nones,nones,nones,2.0
612,1003.0,2018-01-09 07:51:15,2018-01-17 16:33:01,32.34,2018-01-26 12:00:00,1.0
613,24907.0,2017-09-16 21:48:11,2017-10-05 20:03:28,68.88,2017-10-11 12:00:00,0.0
614,22129.0,2018-04-14 12:12:34,nones,29.31,2018-04-26,3.0
615,52519.0,n/a,2017-10-13 23:54:02,23.6,2017-10-23 12:00:00,14.0
616,6777.0,nones,no_info,nones,valores em falta,13.0
617,60350.0,2018-04-15 13:28:28,2018-04-25 22:52:49,36.72,2018-05-14 12:00:00,2.0
618,13294.0,2018-02-01 15:15:52,2018-02-04 18:56:29,61.32,2018-02-19,6.0
619,1190.0,2017-11-24 13:01:09,2017-11-30 17:15:03,62.6,2017-12-15,11.0
620,29501.0,2017-11-30 22:44:11,2017-12-27 20:10:12,59.82,2017-12-28 12:00:00,9.0
621,7460.0,2018-06-19 17:11:30,2018-06-26 23:28:45,69.96,2018-07-25 12:00:00,14.0
622,31945.0,2018-03-07 14:01:51,2018-03-30 00:58:26,67.26,2018-04-02,13.0
623,37400.0,2018-03-17 16:57:38,2018-03-27 20:54:52,63.1,2018-04-10 12:00:00,7.0
624,50021.0,2018-02-23 13:47:17,2018-03-10 15:58:27,46.68,2018-03-16 12:00:00,9.0
625,7382.0,2017-04-19 17:57:46,2017-05-12 14:23:08,2.46,2017-05-11 12:00:00,11.0
626,33623.0,2018-08-10 10:11:40,2018-08-15 15:27:49,23.71,2018-08-30 12:00:00,6.0
627,49877.0,2018-07-04 17:33:01,2018-07-06 12:51:11,116.88 Real brasileiro,2018-07-17,7.0
628,51901.0,2018-01-21 17:44:04,2018-01-30 16:35:01,13.08,2018-02-16,9.0
629,40965.0,2017-07-12 07:44:44,2017-07-19 14:53:34,48.34,2017-08-01 12:00:00,0.0
630,61985.0,2018-01-09 20:59:52,2018-01-18 23:33:50,21.19,2018-02-02 12:00:00,2.0
631,23861.0,2018-06-13 14:57:53,2018-06-18 18:03:38,23.71,2018-07-04 12:00:00,8.0
632,36175.0,2018-05-01 11:04:20,2018-05-21 11:26:39,23.7,2018-05-25,3.0
633,46498.0,2017-11-12 17:21:23,2017-12-05 16:48:47,15.55,2017-12-21 12:00:00,4.0
634,5108.0,2017-01-31 21:57:33,2017-02-08 14:47:42,35.46,2017-03-09 12:00:00,1.0
635,11216.0,2017-07-13 17:49:51,2017-07-24 16:42:31,38.66,2017-08-11 12:00:00,4.0
636,28554.0,2018-06-24 22:49:54,2018-06-27 12:51:00,52.83,2018-08-02 12:00:00,0.0
637,59247.0,2018-01-12 10:59:33,2018-01-24 00:12:33,50.05,2018-02-06 12:00:00,12.0
638,19801.0,2018-02-13 16:01:28,2018-02-19 20:20:44,30.24,2018-03-01,10.0
639,37084.0,2017-01-27 15:28:18,2017-02-07 14:51:41,22.56,2017-03-15 12:00:00,5.0
640,20610.0,2017-12-19 23:30:24,2017-12-22 19:53:21,116.88,2018-01-08 12:00:00,9.0
641,20194.0,2017-05-30 11:00:28,2017-06-14 16:27:54,60.4,2017-06-30 12:00:00,5.0
642,47209.0,no_info,nones,nan,nones,17.0
643,9923.0,2018-01-07 18:03:55,2018-01-29 22:25:14,0.62,nones,1.0
644,7827.0,2017-10-28 10:52:26,2017-11-21 20:54:06,31.74,2017-11-28,8.0
645,21850.0,2017-09-02 11:53:32,2017-09-14 19:47:40,30.66,2017-09-26 12:00:00,13.0
646,20544.0,2017-11-04 09:29:36,2017-11-21 21:47:04,46.76,2017-12-05,1.0
647,33392.0,2018-04-24 15:34:22,2018-05-04 20:09:00,133.85,2018-05-21,1.0
648,53599.0,2017-09-21 14:54:50,2017-10-02 12:37:06,47.55,n/a,0.0
649,17671.0,2017-01-14 01:16:14,2017-01-27 09:22:38,77.92,2017-02-14,17.0
650,3672.0,2018-04-03 21:00:30,2018-04-16 17:54:53,6.87,nan,8.0
651,43001.0,2018-02-27 10:55:44,2018-03-13 21:32:23,N/A,2018-03-29,9.0
652,44670.0,2017-01-16 13:17:46,2017-01-25 08:43:39,27.36,2017-02-14,1.0
653,37391.0,2017-02-05 18:57:32,2017-02-15 08:07:38,70.34 real,n/a,4.0
654,58759.0,2018-02-23 13:21:11,2018-03-02 15:18:50,13.92,2018-03-09 12:00:00,2.0
655,30402.0,2018-07-02 15:38:53,2018-07-11 19:20:34,4.24 REAIS,2018-07-30 12:00:00,2.0
656,23284.0,2018-07-30 17:51:44,2018-08-02 01:21:37,78.2,2018-08-03,4.0
657,12734.0,n/a,valores em falta,95.82,nones,17.0
658,26056.0,2018-06-10 19:58:49,2018-06-22 21:28:20,28.69,2018-07-12,16.0
659,44518.0,2017-07-13 11:48:17,2017-07-18 02:24:39,67.11,2017-08-02,4.0
660,1594.0,2017-11-24 12:58:53,2017-12-04 20:33:01,26.02,2017-12-27 12:00:00,13.0
661,22071.0,2018-06-05 22:44:05,2018-06-13 20:56:34,40.73,valores em falta,4.0
662,17446.0,2018-04-27 14:00:58,2018-05-08 17:14:54,146.3,2018-05-23,14.0
663,31193.0,2017-03-25 11:51:39,2017-03-29 16:34:17,61.32,2017-04-13 12:00:00,7.0
664,31567.0,2017-11-24 21:13:26,2017-12-07 19:15:06,42.17,2017-12-18,4.0
665,15340.0,2017-12-18 14:00:47,2017-12-23 02:13:57,32.34,2018-01-05 12:00:00,5.0
666,9933.0,2018-01-20 21:20:55,NO_INFO,73.11,NAN,1.0
667,53950.0,2018-04-06 13:16:51,2018-04-16 14:48:34,50.28,2018-04-30 12:00:00,9.0
668,38983.0,2017-08-28 20:24:53,2017-08-31 16:52:02,66.93,2017-09-14,10.0
669,19639.0,2018-04-06 19:54:30,2018-04-14 18:23:35,12.28,2018-05-02 12:00:00,4.0
670,32516.0,2018-02-24 12:48:15,2018-03-12 18:36:43,38.98,2018-03-28,4.0
671,41834.0,2018-06-12 08:59:54,2018-06-25 16:08:40,35.74,2018-07-13 12:00:00,12.0
672,13845.0,2017-09-03 16:48:45,2017-09-05 21:22:24,6.08,2017-09-15 12:00:00,5.0
673,20327.0,2018-01-29 22:08:10,2018-01-31 23:26:48,23.6,2018-02-14,10.0
674,29158.0,2018-03-03 17:40:56,2018-03-14 13:17:47,7.82,2018-03-26,8.0
675,11476.0,2018-01-12 17:06:53,2018-01-18 15:42:10,51.45,2018-02-06 12:00:00,9.0
676,58804.0,2017-12-25 19:38:33,2018-01-09 17:29:33,38.6,nones,7.0
677,2315.0,2017-12-26 13:53:29,2018-01-10 20:28:50,47.55,2018-01-23 12:00:00,4.0
678,42255.0,2017-05-17 18:34:39,2017-05-26 16:46:36,20.9,2017-06-08,0.0
679,48365.0,2018-06-20 16:44:28,2018-06-26 18:58:22,32.83,2018-07-19 12:00:00,6.0
680,46275.0,2017-11-26 10:39:33,2017-12-13 17:58:53,35.95,2017-12-22 12:00:00,9.0
681,60786.0,2017-08-25 13:31:57,2017-09-01 18:22:34,5.24 Real,nan,1.0
682,52769.0,2018-08-23 14:56:46,2018-08-30 15:06:32,38.51 r$,2018-08-31 12:00:00,16.0
683,11476.0,2018-01-12 17:06:53,2018-01-18 15:42:10,51.45,2018-02-06 12:00:00,9.0
684,14936.0,2017-11-03 23:42:39,2017-11-16 22:39:36,86.8,2017-11-23 12:00:00,0.0
685,22269.0,2018-06-26 22:06:58,2018-06-30 15:24:27,47.61,2018-07-18 12:00:00,4.0
686,52312.0,2018-04-15 20:56:35,2018-04-18 21:56:28,11.33,n/a,12.0
687,39409.0,2018-08-07 11:30:03,2018-08-15 16:32:28,48.58,2018-08-20 12:00:00,12.0
688,30027.0,2017-09-28 15:57:39,2017-10-04 23:17:41,30.66,2017-10-24,14.0
689,55250.0,2018-05-02 10:54:52,2018-05-11 22:22:49,6.87,2018-05-30,4.0
690,6777.0,2017-09-18 22:08:50,2017-10-11 20:08:07,14.18,n/a,13.0
691,28093.0,2018-04-04 22:58:03,2018-04-10 19:31:15,32.88,2018-05-02 12:00:00,0.0
692,16824.0,2018-02-23 12:54:27,2018-03-09 19:58:38,69.21,nan,7.0
693,50341.0,2018-05-26 12:12:15,2018-06-01 15:42:10,34.33,2018-06-20 12:00:00,1.0
694,4819.0,2017-09-19 18:03:53,n/a,nones,no_info,9.0
695,42255.0,2017-05-17 18:34:39,2017-05-26 16:46:36,20.9,2017-06-08,0.0
696,14252.0,2018-01-08 18:24:02,2018-01-15 17:57:57,26.02,2018-02-02 12:00:00,9.0
697,22545.0,2017-06-08 10:49:42,2017-06-23 10:51:23,95.42,2017-07-05 12:00:00,1.0
698,22078.0,2017-06-20 13:09:25,2017-06-23 13:02:52,32.34,2017-07-03,3.0
699,40730.0,2017-10-01 20:48:40,2017-10-14 12:33:34,33.35,2017-10-27 12:00:00,6.0
700,19001.0,2018-04-11 12:47:32,2018-04-17 00:13:27,21.26,2018-05-03 12:00:00,0.0
701,6653.0,2017-04-04 09:19:31,2017-04-17 11:23:45,29.07,2017-04-25 12:00:00,2.0
702,53243.0,2018-07-01 09:24:46,2018-07-06 18:57:24,31.33,no_info,3.0
703,17071.0,2017-05-08 18:53:05,2017-05-13 11:22:40,82.93,2017-05-31,10.0
704,44670.0,2017-01-16 13:17:46,2017-01-25 08:43:39,no_info,2017-02-14,1.0
705,56237.0,2018-03-13 13:31:24,2018-03-17 01:48:46,18.4,2018-03-23,3.0
706,45340.0,2018-06-26 14:39:22,2018-06-28 16:18:49,34.33,2018-07-11,12.0
707,134.0,2018-02-12 14:14:43,2018-02-16 10:22:35,13.25,2018-03-01 12:00:00,9.0
708,3572.0,2018-05-09 20:38:13,2018-05-19 10:36:50,46.13,2018-05-25 12:00:00,0.0
709,28233.0,2018-01-04 15:29:14,2018-01-09 19:16:34,62.02,valores em falta,9.0
710,23355.0,2018-07-18 11:02:45,2018-07-24 16:46:41,4.8,nan,0.0
711,53993.0,2018-04-08 12:31:34,2018-04-14 20:10:06,57.41,2018-04-25,1.0
712,14850.0,2018-03-14 17:58:51,2018-03-23 16:46:39,81.42,2018-03-26 12:00:00,3.0
713,54240.0,2018-02-13 21:12:13,2018-02-20 21:12:11,5.59 reais,valores em falta,10.0
714,33984.0,2018-04-04 23:35:19,2018-04-11 18:19:10,50.28,2018-04-26,9.0
715,3232.0,2017-12-21 10:30:18,2017-12-29 19:57:21,42.05,2018-01-16 12:00:00,0.0
716,38983.0,2017-08-28 20:24:53,2017-08-31 16:52:02,66.93,2017-09-14,10.0
717,13426.0,2018-07-08 18:50:45,2018-07-25 00:27:40,33.91,2018-08-06 12:00:00,4.0
718,53550.0,2018-02-02 12:15:45,2018-02-16 15:38:35,36.51 Reais,2018-03-07,2.0
719,43131.0,2018-07-19 11:57:58,2018-07-23 18:06:27,64.35,nan,16.0
720,45165.0,2017-05-04 14:20:34,2017-05-16 19:34:52,77.92,nones,4.0
721,49319.0,2018-04-10 22:34:54,2018-04-19 17:08:49,2.98,2018-05-10 12:00:00,15.0
722,17939.0,2017-02-16 12:58:36,2017-02-22 21:45:54,67.42,VALORES EM FALTA,11.0
723,32082.0,2018-01-11 16:20:12,2018-01-29 19:48:57,23.71,2018-02-21,0.0
724,4821.0,2017-11-21 11:37:06,2017-11-30 18:33:04,47.55,2017-12-11 12:00:00,12.0
725,19351.0,2017-06-03 18:40:55,2017-06-12 13:54:42,227.57,2017-06-26 12:00:00,9.0
726,32695.0,2017-09-20 13:05:16,2017-09-29 19:53:03,33.22,2017-10-05 12:00:00,9.0
727,3975.0,2018-03-07 15:28:38,2018-03-09 19:22:38,50.28,n/a,4.0
728,6389.0,2017-08-28 18:41:07,2017-09-02 12:30:09,27.2 r$,2017-09-15 12:00:00,8.0
729,41557.0,2018-03-15 00:40:57,2018-03-26 21:41:33,26.52 real brasileiro,2018-04-06,5.0
730,42547.0,2018-01-05 20:33:32,2018-01-29 18:29:25,14.54,2018-02-16 12:00:00,4.0
731,45058.0,2018-02-06 18:23:16,2018-03-05 11:08:15,4.34,n/a,12.0
732,51883.0,2018-01-02 17:56:52,2018-01-16 17:12:37,237.84,2018-01-31,11.0
733,37084.0,nones,2017-02-07 14:51:41,valores em falta,nan,5.0
734,58482.0,n/a,2017-07-26 13:17:27,12.58,no_info,6.0
735,46575.0,2018-05-15 03:32:54,2018-05-18 21:28:40,34.33,2018-05-23,8.0
736,14380.0,2017-08-03 20:57:27,2017-08-15 17:50:03,17.44,NAN,4.0
737,6844.0,2017-12-13 14:21:15,2017-12-28 09:05:34,14.01,2018-01-08 12:00:00,8.0
738,51239.0,2018-08-16 22:06:34,2018-08-28 20:06:50,321.46,VALORES EM FALTA,15.0
739,33505.0,2017-08-21 00:05:16,2017-08-25 21:21:29,26.14,2017-09-18 12:00:00,5.0
740,292.0,2018-06-07 13:58:13,2018-06-13 20:08:45,50.28,2018-07-03 12:00:00,6.0
741,19351.0,2017-06-03 18:40:55,2017-06-12 13:54:42,227.57,2017-06-26 12:00:00,9.0
742,12554.0,2018-04-24 20:42:28,2018-05-03 20:19:17,6.15 real,2018-05-21 12:00:00,0.0
743,5726.0,2018-03-07 14:26:32,2018-04-17 16:13:36,6.87,2018-04-10,12.0
744,48011.0,2018-05-11 08:15:10,2018-05-16 11:58:53,57.41,no_info,9.0
745,31294.0,2018-02-15 10:19:55,2018-02-28 14:49:22,16.32,2018-03-13 12:00:00,3.0
746,33043.0,2017-05-06 19:32:23,2017-05-22 12:18:11,47.55,2017-05-31 12:00:00,7.0
747,56322.0,2018-03-22 13:44:54,2018-03-27 17:42:15,34.33,2018-04-04 12:00:00,3.0
748,17812.0,2018-05-04 17:01:31,2018-05-11 00:08:45,23.7,n/a,0.0
749,39378.0,2018-04-15 22:28:24,2018-04-25 21:42:07,10.98,NAN,3.0
750,10385.0,nones,2017-10-19 15:32:12,nan,nan,13.0
751,53537.0,2017-03-28 23:49:15,2017-03-31 14:08:12,55.54,2017-04-17,5.0
752,20846.0,2018-07-19 08:17:29,2018-07-26 19:05:33,47.5,2018-08-06,3.0
753,9679.0,2018-03-12 13:50:41,2018-03-21 22:57:43,53.29,2018-04-02,0.0
754,60279.0,2017-11-19 11:35:49,2017-11-25 16:07:21,6.08,VALORES EM FALTA,1.0
755,51966.0,2018-01-12 18:17:00,2018-01-19 16:39:49,7.94,2018-01-29 12:00:00,9.0
756,20406.0,2018-05-15 02:12:21,2018-05-16 17:08:59,11.87 real,2018-05-25 12:00:00,1.0
757,54025.0,2018-03-05 09:29:59,2018-03-06 12:16:34,23.6,2018-03-15 12:00:00,2.0
758,35978.0,2017-04-26 17:02:12,2017-05-25 11:11:56,35.75,nones,8.0
759,14390.0,2018-03-03 14:31:06,2018-03-07 20:19:15,32.34,2018-03-26,5.0
760,22229.0,2017-08-20 20:50:18,2017-08-28 19:33:59,23.05 REAL BRASILEIRO,2017-09-11,8.0
761,18901.0,2018-02-28 18:49:29,2018-03-06 15:47:50,32.34 Real,2018-03-13 12:00:00,7.0
762,46666.0,2018-07-21 21:31:01,2018-08-10 12:07:24,17.64,2018-08-06,0.0
763,27701.0,nan,2017-10-13 20:09:31,6.08,n/a,13.0
764,6623.0,2018-03-20 20:48:34,2018-03-27 19:03:13,35.95 REAIS,2018-04-13,0.0
765,16783.0,NAN,NO_INFO,N/A,VALORES EM FALTA,4.0
766,34629.0,n/a,nones,nones,valores em falta,0.0
767,8366.0,2017-06-12 08:37:43,2017-06-27 18:32:34,n/a,2017-07-10,9.0
768,35271.0,2018-08-06 02:58:06,2018-08-13 21:41:52,61.16,2018-08-17 12:00:00,11.0
769,40768.0,2017-06-29 17:45:24,2017-08-03 16:35:47,3.03,2017-08-01 12:00:00,0.0
770,51495.0,2017-11-24 19:54:51,2017-12-12 00:25:28,59.62,N/A,0.0
771,56383.0,2017-09-22 23:09:49,2017-09-28 18:27:44,5.59,2017-10-09,13.0
772,45431.0,2018-03-05 09:37:06,2018-03-08 14:58:37,17.38,2018-03-21 12:00:00,9.0
773,29463.0,2018-06-03 18:44:31,2018-06-07 13:22:19,59.82,2018-07-11,4.0
774,13497.0,2018-08-02 18:11:50,2018-08-04 16:54:47,47.32,2018-08-08,2.0
775,27085.0,2017-05-17 20:31:55,2017-05-30 05:49:38,12.9,no_info,0.0
776,53671.0,2017-02-13 15:30:37,2017-02-23 10:47:47,19.67,2017-03-16,5.0
777,15437.0,2017-11-25 17:46:11,2017-12-16 18:19:56,17.0 Reais,2017-12-26,12.0
778,59724.0,2018-05-10 10:13:46,2018-05-20 10:15:29,6.87,n/a,9.0
779,33392.0,2018-04-24 15:34:22,2018-05-04 20:09:00,133.85,2018-05-21,1.0
780,47739.0,2017-12-06 12:04:06,2017-12-21 01:35:51,56.65,n/a,4.0
781,16146.0,2018-03-03 15:38:55,2018-04-16 18:36:31,3.81,2018-04-10,10.0
782,55109.0,2017-09-05 13:52:21,2017-09-18 18:59:39,16.59,2017-10-03,0.0
783,14773.0,VALORES EM FALTA,2018-07-27 19:35:29,14.65 REAL BRASILEIRO,2018-08-02 12:00:00,6.0
784,22685.0,2018-07-17 23:08:18,2018-07-27 21:05:30,34.33,2018-08-01 12:00:00,0.0
785,40768.0,N/A,VALORES EM FALTA,NONES,N/A,0.0
786,2840.0,2018-02-14 12:38:50,2018-02-22 20:28:56,82.44,2018-03-08 12:00:00,2.0
787,932.0,N/A,2018-03-19 23:42:04,28.79 REAIS,2018-03-20 12:00:00,12.0
788,28291.0,2018-06-21 12:10:25,2018-06-25 17:50:47,23.9,2018-07-04 12:00:00,8.0
789,14967.0,2017-06-06 20:26:32,2017-06-19 21:33:18,67.11,2017-06-28,6.0
790,60812.0,2018-06-05 20:18:58,2018-06-12 18:22:36,6.87,NO_INFO,16.0
791,5973.0,2017-03-20 09:33:47,2017-03-22 10:07:47,51.05 Reais,2017-04-06 12:00:00,1.0
792,22812.0,VALORES EM FALTA,NONES,NONES,2018-07-04 12:00:00,10.0
793,55669.0,2018-07-01 20:03:18,2018-07-05 19:22:40,29.69 reais,2018-07-25 12:00:00,0.0
794,32110.0,2017-08-08 21:39:52,2017-08-17 20:56:36,6.54,2017-09-01,9.0
795,56073.0,2018-07-28 13:13:21,nones,valores em falta,no_info,9.0
796,25099.0,2017-05-25 16:09:40,2017-06-05 12:50:07,49.26,2017-06-19 12:00:00,9.0
797,22480.0,2017-09-11 17:20:38,2017-09-18 20:22:27,35.01,2017-10-05 12:00:00,6.0
798,51603.0,2017-01-25 19:11:42,2017-02-09 18:43:35,55.54,2017-02-20 12:00:00,17.0
799,50565.0,2018-07-16 23:02:59,2018-07-23 22:08:35,31.8,2018-08-02,1.0
800,11087.0,2018-05-03 11:50:03,2018-05-16 14:54:03,34.03,2018-06-11 12:00:00,13.0
801,13676.0,2017-04-29 11:48:05,2017-05-05 15:17:57,2.46 reais,2017-05-25 12:00:00,0.0
802,34618.0,2018-07-15 20:37:57,2018-07-26 19:05:30,47.61,2018-08-03 12:00:00,0.0
803,45340.0,2018-06-26 14:39:22,2018-06-28 16:18:49,34.33,2018-07-11,12.0
804,4955.0,nan,no_info,nones,nan,16.0
805,9301.0,2018-03-07 18:09:41,2018-04-11 19:47:24,22.0,2018-04-09 12:00:00,6.0
806,204.0,2017-10-24 10:00:40,2017-11-11 11:28:57,38.7,2017-11-27 12:00:00,2.0
807,2869.0,2017-12-03 22:58:18,2017-12-11 19:19:05,46.76,2018-01-02 12:00:00,16.0
808,6033.0,2017-02-02 00:09:40,2017-02-08 10:05:10,55.54,2017-02-27 12:00:00,6.0
809,25658.0,2018-06-10 10:31:40,2018-06-13 16:24:50,44.87,2018-06-20,9.0
810,34814.0,2017-12-18 18:37:30,2017-12-27 19:22:28,6.87 real,2018-01-16 12:00:00,8.0
811,37433.0,2018-08-13 12:05:52,2018-08-18 05:34:27,0.07,2018-08-22,6.0
812,57872.0,2018-05-31 20:24:21,2018-06-06 22:22:07,71.22,2018-07-13,4.0
813,18901.0,2018-02-28 18:49:29,2018-03-06 15:47:50,32.34 real,2018-03-13 12:00:00,7.0
814,56295.0,2018-08-23 15:48:24,2018-08-27 20:34:46,101.57,2018-09-05 12:00:00,8.0
815,27054.0,2017-10-31 14:18:36,2017-11-27 20:17:19,70.82,2017-12-05,3.0
816,59887.0,2017-08-19 07:45:07,2017-08-31 19:46:55,60.61,2017-09-19,0.0
817,52041.0,2017-11-20 16:14:24,2017-11-28 00:42:49,106.77,2017-12-04 12:00:00,0.0
818,62937.0,2018-01-02 15:48:12,2018-01-08 23:07:36,143.67,n/a,0.0
819,39311.0,2017-08-21 17:46:25,2017-08-24 13:44:36,2.75 R$,2017-09-11 12:00:00,6.0
820,1650.0,2017-05-29 12:13:27,2017-05-31 10:49:57,32.34,2017-06-09 12:00:00,1.0
821,59081.0,2018-06-09 17:51:54,n/a,54.51,n/a,14.0
822,42127.0,2018-08-12 13:01:30,2018-08-17 22:48:39,111.38,2018-08-24 12:00:00,14.0
823,40059.0,2017-06-19 14:31:01,2017-06-26 13:52:08,91.24,2017-07-19 12:00:00,0.0
824,40136.0,2018-02-06 23:32:19,2018-02-09 20:53:30,5.59,2018-02-22 12:00:00,0.0
825,53826.0,2017-03-30 10:27:46,2017-04-14 11:33:04,60.74 Reais,2017-05-09 12:00:00,0.0
826,11785.0,2018-08-06 21:40:05,2018-08-10 16:07:24,16.23,2018-08-13 12:00:00,6.0
827,26642.0,2018-05-15 08:42:18,2018-05-22 18:03:16,82.12,2018-06-11 12:00:00,4.0
828,17585.0,2018-08-22 17:14:07,2018-08-28 18:28:39,63.2,n/a,2.0
829,39027.0,2018-05-30 09:03:01,2018-06-05 17:19:35,83.54,2018-06-25 12:00:00,4.0
830,31945.0,2018-03-07 14:01:51,2018-03-30 00:58:26,67.26,2018-04-02,13.0
831,47651.0,2017-12-03 11:13:17,2017-12-13 21:07:40,24.79 real,2018-01-09,1.0
832,53434.0,2017-10-01 11:46:12,2017-10-14 13:45:47,30.66,2017-10-24,17.0
833,56800.0,2018-07-18 19:32:41,2018-07-23 13:42:06,39.75,2018-08-17 12:00:00,2.0
834,14099.0,2017-11-07 20:46:04,2017-11-14 13:12:29,9.84,2017-11-28 12:00:00,4.0
835,36397.0,2018-03-27 08:43:54,2018-05-02 23:59:00,63.1,2018-04-23 12:00:00,11.0
836,17915.0,2018-05-18 11:47:27,2018-06-01 22:28:52,11.33,2018-06-21 12:00:00,9.0
837,14380.0,2017-08-03 20:57:27,2017-08-15 17:50:03,17.44,nan,4.0
838,28637.0,2017-10-06 15:04:26,2017-10-16 20:33:27,12.22,2017-11-03 12:00:00,0.0
839,23355.0,2018-07-18 11:02:45,2018-07-24 16:46:41,4.8,nan,0.0
840,29486.0,2017-06-12 09:43:41,2017-06-19 14:07:49,48.32 R$,2017-06-28,6.0
841,61672.0,2017-12-02 23:23:26,2017-12-07 22:18:23,5.93,2017-12-27 12:00:00,1.0
842,4691.0,2018-02-10 17:01:48,2018-02-19 10:33:05,no_info,n/a,9.0
843,2396.0,2017-05-07 18:45:14,2017-05-17 14:48:00,10.55,2017-05-31 12:00:00,15.0
844,34682.0,2018-05-05 14:32:51,nones,11.39,2018-05-15 12:00:00,13.0
845,40329.0,2017-06-09 11:21:19,2017-06-19 17:14:42,67.11,2017-06-30 12:00:00,14.0
846,61074.0,2017-11-30 16:57:01,2017-12-05 19:42:38,29.28,2017-12-22 12:00:00,12.0
847,5726.0,2018-03-07 14:26:32,2018-04-17 16:13:36,6.87,2018-04-10,12.0
848,4662.0,2017-09-16 17:52:31,2017-09-25 17:04:09,20.9,2017-10-05 12:00:00,11.0
849,15240.0,2017-12-01 21:21:44,2017-12-19 19:43:33,20.67,2017-12-29 12:00:00,6.0
850,1925.0,2018-08-10 20:08:10,2018-08-17 02:35:39,45.86,no_info,2.0
851,5303.0,2017-10-07 14:59:27,2017-10-18 18:25:07,62.88,2017-11-14 12:00:00,9.0
852,46106.0,2018-06-21 21:02:10,2018-06-26 19:46:35,15.95,2018-07-17,14.0
853,6102.0,2018-03-14 23:49:32,2018-03-27 02:17:03,15.67,2018-04-10 12:00:00,13.0
854,31567.0,NO_INFO,NO_INFO,VALORES EM FALTA,NAN,4.0
855,38083.0,2018-02-26 21:44:20,2018-03-17 00:51:35,no_info,valores em falta,15.0
856,11277.0,2017-12-11 18:13:43,2017-12-26 19:07:15,82.44,2018-01-11 12:00:00,1.0
857,45823.0,2018-04-29 22:03:43,2018-05-08 19:36:48,74.2,2018-05-25 12:00:00,16.0
858,55377.0,2017-07-04 10:45:09,2017-07-10 20:55:06,8.32,2017-07-24 12:00:00,7.0
859,62509.0,2018-01-19 23:43:48,2018-01-25 18:04:21,54.36,VALORES EM FALTA,8.0
860,20502.0,2018-06-14 18:05:57,2018-06-20 15:34:52,37.18,NAN,6.0
861,35249.0,2018-02-26 14:09:57,2018-03-06 22:38:53,39.95,2018-03-16 12:00:00,1.0
862,5113.0,2017-06-18 21:01:05,2017-06-23 09:26:42,26.23,2017-07-11 12:00:00,11.0
863,48800.0,2017-03-03 16:49:00,2017-03-16 11:47:50,valores em falta,2017-03-24 12:00:00,5.0
864,36137.0,2018-03-14 19:52:53,2018-05-12 11:20:59,82.12 R$,2018-04-05 12:00:00,9.0
865,2213.0,2018-04-16 10:28:25,2018-04-18 13:28:32,2.63 Real brasileiro,nan,0.0
866,42525.0,2018-03-02 20:37:29,2018-05-09 23:08:44,38.66,2018-03-22 12:00:00,4.0
867,56073.0,2018-07-28 13:13:21,2018-08-03 19:11:55,49.52,2018-08-23 12:00:00,9.0
868,47446.0,2017-03-02 21:31:29,2017-03-16 18:48:06,4.97,2017-03-23,4.0
869,63408.0,2018-08-22 09:42:22,2018-08-24 20:11:09,14.55,2018-08-27,7.0
870,34848.0,2018-02-08 19:02:20,2018-02-20 19:16:55,36.8 Real,2018-03-06 12:00:00,3.0
871,61467.0,2018-03-02 20:34:57,2018-03-16 15:26:50,23.88,2018-03-14 12:00:00,4.0
872,47921.0,2017-05-29 15:48:13,2017-06-07 14:07:04,16.59,2017-06-21 12:00:00,16.0
873,45831.0,2017-11-19 00:25:06,2017-11-27 18:07:08,20.9,nan,2.0
874,3814.0,valores em falta,nan,nan,2018-08-27,9.0
875,56668.0,2017-05-17 09:30:27,2017-05-24 11:25:45,12.28,2017-06-08,11.0
876,43930.0,2017-06-05 00:32:17,2017-06-28 12:06:34,79.88,2017-06-28,4.0
877,50341.0,2018-05-26 12:12:15,2018-06-01 15:42:10,34.33,2018-06-20 12:00:00,1.0
878,59081.0,2018-06-09 17:51:54,2018-06-21 15:05:02,54.51,2018-07-16 12:00:00,14.0
879,54745.0,2017-06-21 19:37:24,2017-06-23 12:03:25,36.8,2017-07-04 12:00:00,9.0
880,58482.0,2017-07-15 12:56:04,2017-07-26 13:17:27,12.58,NO_INFO,6.0
881,61033.0,2018-08-10 18:47:53,2018-08-17 20:39:44,24.23,2018-09-10,6.0
882,58506.0,2018-01-12 13:13:40,2018-01-31 18:23:01,92.85,2018-02-14 12:00:00,5.0
883,40543.0,2017-07-27 13:19:29,2017-08-02 18:43:07,20.91,2017-08-16 12:00:00,1.0
884,18278.0,nones,valores em falta,valores em falta,n/a,12.0
885,26642.0,2018-05-15 08:42:18,N/A,82.12,2018-06-11 12:00:00,4.0
886,16824.0,2018-02-23 12:54:27,2018-03-09 19:58:38,69.21,nan,7.0
887,62892.0,2017-08-28 17:09:05,2017-09-05 18:23:22,46.76,2017-09-25 12:00:00,4.0
888,59885.0,2018-03-24 12:25:44,2018-04-19 18:44:55,19.96,NAN,9.0
889,33165.0,2017-11-01 22:25:54,2017-11-14 19:33:15,n/a,2017-11-27,12.0
890,14371.0,2018-08-21 11:28:41,2018-08-24 19:48:47,0.69,2018-09-03 12:00:00,2.0
891,51053.0,2018-05-07 22:38:02,2018-05-16 15:58:49,62.92,2018-05-28 12:00:00,1.0
892,60352.0,2018-05-04 15:59:37,2018-05-14 23:18:34,33.24,2018-06-04 12:00:00,2.0
893,28871.0,2018-08-16 14:46:01,2018-08-22 23:32:18,11.09 real brasileiro,2018-08-29 12:00:00,1.0
894,25099.0,n/a,valores em falta,valores em falta,n/a,9.0
895,51603.0,nones,n/a,valores em falta,nan,17.0
896,20544.0,2017-11-04 09:29:36,2017-11-21 21:47:04,46.76,2017-12-05,1.0
897,31798.0,2018-05-11 17:22:20,2018-05-17 23:27:58,10.85,2018-05-24,4.0
898,31282.0,2018-08-19 17:06:05,2018-08-23 01:32:04,113.01,no_info,7.0
899,42154.0,2018-06-20 09:09:04,2018-06-28 12:54:48,45.27,2018-07-25 12:00:00,4.0
900,32533.0,2018-06-23 22:12:28,2018-07-09 20:20:43,6.54,2018-07-23 12:00:00,9.0
901,57480.0,2016-10-06 09:59:13,2016-10-27 17:55:56,12.61,nones,9.0
902,46673.0,2018-06-19 11:38:23,2018-07-03 17:52:31,50.92,2018-07-12 12:00:00,0.0
903,6577.0,2018-03-04 15:26:54,2018-03-21 18:48:50,47.55,2018-03-26,1.0
904,25341.0,2018-04-25 19:43:19,2018-04-27 17:37:28,38.63,2018-05-11 12:00:00,14.0
905,12864.0,2017-07-05 21:26:30,2017-07-09 15:34:48,6.08,2017-07-19 12:00:00,10.0
906,9816.0,2018-08-15 17:49:43,2018-08-20 16:58:40,44.68,2018-08-23 12:00:00,11.0
907,29517.0,2018-02-15 10:33:30,2018-02-24 19:15:56,20.9,2018-03-07 12:00:00,8.0
908,11451.0,2018-05-26 23:52:17,nones,no_info,valores em falta,0.0
909,14886.0,2017-02-23 23:40:35,2017-03-08 06:49:03,57.73,valores em falta,11.0
910,44462.0,2017-12-08 09:42:43,2017-12-19 18:43:35,nan,nones,6.0
911,18858.0,2017-11-28 11:40:40,2017-12-05 21:23:25,30.66,no_info,10.0
912,15880.0,2017-04-09 13:33:34,2017-04-18 16:48:26,49.26,2017-05-10 12:00:00,0.0
913,27195.0,2018-05-06 18:15:03,2018-05-11 00:58:36,50.28 REAIS,2018-05-25,4.0
914,28398.0,2018-04-19 09:27:47,2018-04-23 21:46:54,10.85,2018-05-03,9.0
915,2213.0,2018-04-16 10:28:25,2018-04-18 13:28:32,2.63 real brasileiro,nan,0.0
916,62768.0,2017-03-20 10:44:52,2017-03-27 15:13:15,53.22,2017-04-06 12:00:00,3.0
917,49681.0,2017-11-29 22:12:21,no_info,61.74,2017-12-29 12:00:00,2.0
918,709.0,2018-05-18 11:00:26,2018-06-05 15:44:30,51.05,2018-07-16 12:00:00,1.0
919,9301.0,2018-03-07 18:09:41,2018-04-11 19:47:24,22.0,2018-04-09 12:00:00,6.0
920,55432.0,2018-06-23 16:00:55,2018-07-06 16:32:39,16.45,2018-07-23 12:00:00,2.0
921,54300.0,2018-06-09 12:20:13,2018-06-20 17:17:40,19.86,2018-07-04,4.0
922,47272.0,2018-06-23 07:13:25,2018-07-03 16:44:25,23.71,2018-07-19 12:00:00,9.0
923,46058.0,2018-05-29 08:00:01,2018-06-06 14:06:38,38.63,n/a,2.0
924,4819.0,2017-09-19 18:03:53,2017-10-10 23:09:44,49.93,2017-10-10,9.0
925,56445.0,2017-11-23 21:15:06,2017-12-11 17:09:00,29.05,2017-12-22,9.0
926,32222.0,nan,nones,nan,nan,9.0
927,31462.0,2018-05-08 12:30:32,2018-05-15 16:46:52,339.59,2018-05-28 12:00:00,2.0
928,17047.0,nones,2018-04-06 03:11:39,27.2,2018-04-17 12:00:00,13.0
929,1999.0,2017-09-05 22:14:52,2017-09-11 13:27:49,30.66,2017-09-22 12:00:00,4.0
930,13462.0,2018-06-24 10:01:06,2018-07-03 04:28:50,69.13,2018-07-26 12:00:00,3.0
931,17812.0,2018-05-04 17:01:31,2018-05-11 00:08:45,23.7,n/a,0.0
932,11511.0,2017-12-19 18:08:44,2017-12-27 16:18:56,41.41,2018-01-15 12:00:00,10.0
933,57669.0,2017-12-10 11:22:29,2017-12-19 16:58:07,19.93,2018-01-12 12:00:00,5.0
934,46128.0,2017-12-15 15:09:49,2017-12-29 14:57:05,70.89,2018-01-11 12:00:00,6.0
935,6553.0,2018-08-01 08:33:57,2018-08-13 11:22:45,3.04,2018-09-06 12:00:00,9.0
936,39661.0,2018-06-26 12:08:57,2018-07-02 22:37:58,65.03,2018-07-20,2.0
937,31589.0,2018-04-08 11:42:18,2018-04-17 17:52:30,6.15,2018-04-30,6.0
938,29269.0,2018-05-17 16:41:26,2018-05-21 15:22:51,34.33,2018-05-25 12:00:00,2.0
939,3874.0,2017-03-24 22:17:46,2017-04-03 14:43:58,55.54,2017-04-20 12:00:00,9.0
940,50565.0,2018-07-16 23:02:59,2018-07-23 22:08:35,31.8,2018-08-02,1.0
941,29479.0,2018-04-22 19:41:06,2018-05-14 18:19:37,34.4,2018-05-28,3.0
942,26275.0,2018-08-04 11:57:45,2018-08-09 18:32:16,24.97,2018-08-20 12:00:00,12.0
943,2835.0,2017-08-02 16:29:09,2017-08-18 18:35:11,47.55,NONES,7.0
944,45344.0,2017-11-17 10:25:09,2017-12-04 20:38:56,38.66 r$,nan,1.0
945,50628.0,2017-05-21 12:45:22,2017-05-29 16:12:32,21.22,valores em falta,8.0
946,7682.0,2017-05-21 16:19:58,2017-05-26 20:49:53,64.41,no_info,2.0
947,57563.0,n/a,nan,n/a,nones,8.0
948,39272.0,2018-03-05 10:43:53,2018-03-28 12:03:56,70.82,2018-03-29 12:00:00,0.0
949,51569.0,2018-08-01 08:33:57,2018-08-13 11:22:45,3.04,VALORES EM FALTA,0.0
950,26275.0,2018-08-04 11:57:45,2018-08-09 18:32:16,24.97,2018-08-20 12:00:00,12.0
951,12734.0,2018-07-25 19:02:13,2018-08-01 13:26:50,95.82,2018-08-02 12:00:00,17.0
952,47386.0,2018-03-29 15:41:07,2018-04-06 18:19:08,38.63,2018-04-12 12:00:00,14.0
953,42127.0,2018-08-12 13:01:30,2018-08-17 22:48:39,111.38,2018-08-24 12:00:00,14.0
954,26175.0,2018-07-09 00:04:47,2018-07-30 15:38:46,125.78,2018-07-25 12:00:00,10.0
955,35315.0,2018-03-24 17:26:26,2018-03-31 16:38:25,47.92,2018-04-12 12:00:00,10.0
956,49109.0,2017-03-26 14:52:53,2017-03-30 17:08:40,53.36,2017-04-25 12:00:00,12.0
957,51968.0,no_info,2018-08-14 18:28:32,89.55,valores em falta,12.0
958,59169.0,2018-04-16 07:25:38,2018-04-27 18:32:02,34.33,2018-05-03,6.0
959,37506.0,2018-05-08 16:53:32,2018-05-16 19:04:28,45.41,2018-05-18 12:00:00,3.0
960,28554.0,2018-06-24 22:49:54,2018-06-27 12:51:00,52.83,2018-08-02 12:00:00,0.0
961,53356.0,2017-08-07 01:06:50,2017-08-24 19:53:32,47.55,valores em falta,9.0
962,8653.0,2017-02-07 16:34:23,2017-02-20 12:21:39,6.87,2017-03-06 12:00:00,5.0
963,41219.0,2017-03-22 12:58:27,2017-03-27 12:39:06,18.76,2017-04-10,1.0
964,46040.0,2018-02-14 13:18:52,2018-02-16 20:43:17,50.83 real brasileiro,2018-02-22,7.0
965,61453.0,2018-07-26 14:26:52,2018-08-01 23:18:51,nones,2018-08-23,6.0
966,37364.0,2018-05-12 13:50:23,2018-05-18 18:29:01,33.35,2018-06-20,2.0
967,35249.0,2018-02-26 14:09:57,2018-03-06 22:38:53,39.95,2018-03-16 12:00:00,1.0
968,1934.0,2018-06-26 08:14:39,2018-07-03 21:44:00,50.15,VALORES EM FALTA,15.0
969,49681.0,2017-11-29 22:12:21,2017-12-07 15:19:07,61.74,2017-12-29 12:00:00,2.0
970,46364.0,2018-02-17 23:18:19,2018-02-26 20:29:56,29.68,nones,6.0
971,39378.0,2018-04-15 22:28:24,2018-04-25 21:42:07,10.98,nan,3.0
972,61039.0,2018-05-21 00:43:57,2018-05-30 20:18:41,38.63,2018-05-30,4.0
973,41753.0,2018-02-26 08:35:13,2018-03-13 18:22:54,45.57,2018-03-19 12:00:00,1.0
974,39446.0,2018-02-08 08:21:11,2018-02-16 20:43:51,161.82,2018-03-08 12:00:00,4.0
975,57755.0,2018-01-10 09:20:54,2018-01-19 17:54:46,19.96,2018-02-07,1.0
976,452.0,2018-02-02 12:26:58,2018-02-08 12:34:19,29.34,2018-02-20 12:00:00,6.0
977,37084.0,2017-01-27 15:28:18,2017-02-07 14:51:41,22.56,2017-03-15 12:00:00,5.0
978,16230.0,2017-10-16 12:21:07,2017-10-27 20:25:54,47.55,2017-11-16,8.0
979,24907.0,2017-09-16 21:48:11,2017-10-05 20:03:28,68.88,n/a,0.0
980,25967.0,2018-07-23 18:40:15,2018-07-26 18:50:46,50.43,2018-08-09 12:00:00,5.0
981,2315.0,2017-12-26 13:53:29,2018-01-10 20:28:50,47.55,2018-01-23 12:00:00,4.0
982,12301.0,2018-08-07 20:19:14,2018-08-10 17:20:53,38.58,2018-08-16 12:00:00,0.0
983,17071.0,2017-05-08 18:53:05,2017-05-13 11:22:40,82.93,2017-05-31,10.0
984,19273.0,2017-02-20 09:28:19,2017-02-24 10:41:38,49.27,2017-03-21 12:00:00,2.0
985,8793.0,2018-07-15 10:24:22,2018-07-28 01:22:26,15.24 r$,2018-08-08 12:00:00,9.0
986,29009.0,2017-04-21 09:11:44,2017-04-27 15:43:31,55.54,2017-05-11,5.0
987,18682.0,2018-03-26 14:33:13,2018-04-02 15:12:18,13.59,2018-04-12 12:00:00,5.0
988,32914.0,2018-01-29 20:32:55,2018-02-09 12:59:02,22.18,2018-02-20 12:00:00,9.0
989,35271.0,2018-08-06 02:58:06,2018-08-13 21:41:52,61.16,2018-08-17 12:00:00,11.0
990,48893.0,2018-03-05 12:14:57,2018-03-09 11:42:19,38.23,2018-03-21 12:00:00,13.0
991,14246.0,2018-02-09 12:08:29,2018-02-20 18:00:07,17.38,2018-03-05,13.0
992,36938.0,2017-07-02 14:38:35,2017-07-12 18:36:02,227.57,2017-07-21 12:00:00,8.0
993,63422.0,2017-07-10 23:13:44,2017-07-26 13:12:53,82.01,2017-08-03,12.0
994,3294.0,2017-05-18 12:32:16,2017-05-24 16:42:55,32.34,2017-06-01,6.0
995,30757.0,2018-04-30 18:55:04,2018-05-09 13:58:34,109.73,nones,9.0
996,37087.0,2017-05-08 23:21:34,2017-06-16 11:11:50,46.76,2017-06-07,1.0
997,28871.0,2018-08-16 14:46:01,2018-08-22 23:32:18,11.09 REAL BRASILEIRO,2018-08-29 12:00:00,1.0
998,14371.0,2018-08-21 11:28:41,2018-08-24 19:48:47,no_info,2018-09-03 12:00:00,2.0
999,1225.0,2017-08-02 09:49:20,2017-08-10 15:28:03,56.11,2017-08-22,13.0
1000,61263.0,2017-08-27 19:13:23,2017-09-08 17:57:51,58.88 r$,nan,13.0
1001,57563.0,2018-03-05 19:29:12,2018-03-24 18:58:53,7.94,2018-03-22,8.0
1002,49465.0,2017-07-03 09:25:59,2017-07-04 14:35:52,20.51,2017-07-14 12:00:00,2.0
1003,10385.0,2017-10-18 12:36:56,2017-10-19 15:32:12,6.08,2017-10-30 12:00:00,13.0
1004,7009.0,2017-11-25 12:14:42,2017-12-13 09:32:16,78.2,2017-12-15,9.0
1005,51550.0,n/a,2018-05-17 19:17:25,52.79,2018-06-01,6.0
1006,20327.0,2018-01-29 22:08:10,2018-01-31 23:26:48,23.6,2018-02-14,10.0
1007,28444.0,2018-01-04 12:52:13,2018-01-09 15:22:53,47.55,2018-02-01,2.0
1008,59897.0,no_info,2017-09-13 18:55:04,13.5,2017-09-21,0.0
1009,36810.0,2017-05-24 14:17:48,2017-06-01 13:03:15,58.65,2017-06-16 12:00:00,8.0
1010,27355.0,nones,2018-06-19 21:52:22,valores em falta,nan,2.0
1011,12968.0,2017-09-10 16:05:31,2017-09-13 16:05:47,23.6,2017-09-21 12:00:00,4.0
1012,20268.0,2017-06-02 22:47:50,2017-06-19 20:22:43,22.56,2017-07-11 12:00:00,13.0
1013,8598.0,2017-08-08 22:39:06,2017-08-18 21:33:08,47.55,2017-08-30,12.0
1014,5108.0,2017-01-31 21:57:33,2017-02-08 14:47:42,35.46,2017-03-09 12:00:00,1.0
1015,3745.0,2017-06-13 21:51:48,2017-06-23 11:02:49,NO_INFO,2017-07-05 12:00:00,6.0
1016,3740.0,2018-03-15 16:53:42,2018-04-02 21:53:07,44.33,valores em falta,13.0
1017,24626.0,2017-12-02 12:19:20,2017-12-26 17:53:25,37.91,2017-12-29 12:00:00,12.0
1018,41557.0,2018-03-15 00:40:57,2018-03-26 21:41:33,26.52 real brasileiro,2018-04-06,5.0
1019,292.0,2018-06-07 13:58:13,2018-06-13 20:08:45,50.28,2018-07-03 12:00:00,6.0
1020,59897.0,2017-09-04 22:47:46,2017-09-13 18:55:04,13.5,2017-09-21,0.0
1021,14185.0,2017-10-28 18:16:38,2017-11-01 15:39:51,61.32,2017-11-10 12:00:00,1.0
1022,18476.0,2017-07-26 19:45:17,nones,30.5,2017-08-17,4.0
1023,45823.0,2018-04-29 22:03:43,2018-05-08 19:36:48,74.2,nones,16.0
1024,45126.0,2017-04-26 11:31:41,2017-05-02 17:56:37,29.07,2017-05-23,2.0
1025,52425.0,2017-07-30 21:18:52,2017-08-10 17:37:58,24.44,2017-08-22 12:00:00,1.0
1026,31798.0,2018-05-11 17:22:20,2018-05-17 23:27:58,10.85,2018-05-24,4.0
1027,19801.0,2018-02-13 16:01:28,2018-02-19 20:20:44,30.24,2018-03-01,10.0
1028,59819.0,2017-07-28 19:53:33,2017-08-11 19:47:48,0.0,2017-08-21,9.0
1029,47429.0,2018-05-26 21:35:28,2018-06-08 23:22:53,12.28,2018-06-28,12.0
1030,41473.0,2018-06-03 23:24:03,2018-06-13 21:07:37,5.41,2018-07-16 12:00:00,0.0
1031,61039.0,2018-05-21 00:43:57,2018-05-30 20:18:41,38.63,2018-05-30,4.0
1032,47435.0,2018-05-15 22:16:16,2018-05-19 13:04:38,339.59,2018-06-01 12:00:00,4.0
1033,38595.0,2018-07-14 00:41:01,2018-07-23 13:58:56,43.28,2018-07-26 12:00:00,9.0
1034,61739.0,2018-07-04 12:08:27,2018-07-09 14:04:07,34.45,2018-07-25 12:00:00,10.0
1035,57865.0,2017-10-09 22:08:45,2017-10-17 18:27:29,21.88,N/A,6.0
1036,47386.0,2018-03-29 15:41:07,2018-04-06 18:19:08,38.63,2018-04-12 12:00:00,14.0
1037,32533.0,2018-06-23 22:12:28,2018-07-09 20:20:43,6.54,2018-07-23 12:00:00,9.0
1038,11767.0,2018-03-30 00:06:55,2018-04-06 23:26:42,6.87,nan,8.0
1039,9747.0,2017-04-27 00:12:53,2017-05-05 13:34:53,38.15,2017-05-25,12.0
1040,46282.0,2018-07-21 17:02:18,2018-08-02 21:03:57,6.87,2018-08-14,3.0
1041,28230.0,2018-04-27 22:38:23,2018-05-04 19:22:28,42.12,nones,6.0
1042,17585.0,2018-08-22 17:14:07,2018-08-28 18:28:39,63.2,n/a,2.0
1043,52312.0,N/A,NAN,NO_INFO,NO_INFO,12.0
1044,32465.0,2017-12-11 23:18:08,2017-12-27 14:38:42,30.46 Real,2018-01-04 12:00:00,2.0
1045,18682.0,2018-03-26 14:33:13,2018-04-02 15:12:18,13.59,2018-04-12 12:00:00,5.0
1046,26031.0,2018-01-28 11:50:41,2018-02-06 14:16:26,12.0,2018-02-26 12:00:00,1.0
1047,1506.0,2018-04-11 14:36:30,2018-04-24 10:21:59,6.87,2018-05-11,12.0
1048,36200.0,2018-08-20 17:04:34,no_info,24.79,nones,7.0
1049,24232.0,2018-08-05 17:34:26,2018-08-16 14:42:58,52.85,2018-08-23 12:00:00,2.0
1050,243.0,2018-08-10 19:29:13,2018-08-21 13:33:06,65.56,valores em falta,2.0
1051,61055.0,2017-08-29 22:25:09,2017-09-11 19:53:39,133.85,nones,1.0
1052,16693.0,2018-02-05 21:42:18,2018-02-20 18:53:27,54.04,2018-03-12 12:00:00,1.0
1053,29507.0,2018-08-10 12:50:30,2018-08-24 14:22:43,67.6,2018-09-05,8.0
1054,53013.0,2017-09-22 01:42:48,2017-10-05 21:42:37,38.39,2017-10-27 12:00:00,14.0
1055,53434.0,2017-10-01 11:46:12,2017-10-14 13:45:47,30.66,2017-10-24,17.0
1056,28466.0,2018-03-21 09:01:26,2018-03-29 19:36:38,34.33,2018-04-03 12:00:00,15.0
1057,54845.0,2017-03-13 14:20:10,2017-03-23 12:52:57,104.51,2017-04-03 12:00:00,4.0
1058,11476.0,nones,n/a,51.45,2018-02-06 12:00:00,9.0
1059,34990.0,2017-10-16 12:18:33,2017-10-23 17:45:05,29.27 Real brasileiro,nan,1.0
1060,61263.0,2017-08-27 19:13:23,2017-09-08 17:57:51,58.88 R$,NAN,13.0
1061,54614.0,2018-05-25 09:54:34,2018-06-04 20:28:32,52.64,2018-06-19 12:00:00,8.0
1062,33003.0,2018-05-01 14:14:10,2018-05-04 16:09:05,34.33,2018-05-21 12:00:00,6.0
1063,41138.0,2017-08-12 23:12:48,2017-08-21 19:57:21,47.35,no_info,0.0
1064,57025.0,2018-04-21 17:06:23,2018-04-27 21:48:44,68.55,2018-05-11,14.0
1065,16271.0,2017-03-28 15:36:43,2017-04-12 14:58:57,29.51 Reais,2017-04-19 12:00:00,4.0
1066,22685.0,2018-07-17 23:08:18,2018-07-27 21:05:30,34.33,2018-08-01 12:00:00,0.0
1067,52348.0,2017-02-03 17:29:41,2017-02-10 14:07:53,11.23,2017-03-10 12:00:00,13.0
1068,38399.0,2017-04-27 20:35:28,2017-05-09 09:11:25,87.83,2017-06-01,6.0
1069,57166.0,2017-05-05 07:48:46,2017-05-16 06:50:09,31.33,2017-05-26,2.0
1070,19387.0,2017-07-17 20:30:21,2017-07-21 19:39:46,32.34,2017-08-02,3.0
1071,23323.0,2018-02-04 11:05:32,2018-03-01 16:46:44,30.66,2018-03-01,0.0
1072,50144.0,2017-11-16 18:16:55,n/a,17.44,2017-12-06,4.0
1073,31841.0,2017-06-14 18:52:29,2017-06-24 09:13:37,49.16,2017-07-07 12:00:00,2.0
1074,63145.0,2017-09-10 10:49:33,2017-09-14 22:05:33,60.35 R$,2017-09-27 12:00:00,12.0
1075,56406.0,2018-06-06 18:37:14,2018-07-02 21:22:23,20.33 Reais,2018-07-12 12:00:00,9.0
1076,22545.0,VALORES EM FALTA,NAN,95.42,N/A,1.0
1077,32902.0,2018-02-05 16:42:37,2018-02-21 20:17:01,5.88,2018-03-01,10.0
1078,48913.0,2018-02-15 22:32:15,2018-03-08 23:28:34,38.84,valores em falta,4.0
1079,16230.0,2017-10-16 12:21:07,2017-10-27 20:25:54,47.55,2017-11-16,8.0
1080,2530.0,2017-09-10 12:37:46,2017-09-19 12:34:17,38.66,2017-10-03 12:00:00,16.0
1081,11446.0,n/a,no_info,no_info,nones,8.0
1082,2134.0,2018-07-23 15:30:12,2018-08-09 15:03:10,30.72,NAN,16.0
1083,22540.0,2017-11-21 16:22:07,2017-11-29 00:39:07,32.34,2017-12-01 12:00:00,8.0
1084,19987.0,2018-05-01 09:53:51,2018-05-11 00:47:45,56.92,2018-05-24 12:00:00,2.0
1085,53111.0,2018-01-08 17:10:03,2018-01-24 22:42:41,47.55,no_info,15.0
1086,55148.0,2018-04-08 13:04:47,2018-04-16 18:33:44,34.7,valores em falta,4.0
1087,18461.0,2017-08-09 20:43:39,2017-08-21 20:29:43,12.59,valores em falta,9.0
1088,27288.0,2018-06-08 14:59:48,2018-06-13 22:14:30,36.97,2018-06-19,4.0
1089,53723.0,2018-04-04 14:15:00,2018-04-13 18:58:43,72.67,2018-05-03 12:00:00,1.0
1090,54025.0,2018-03-05 09:29:59,2018-03-06 12:16:34,23.6,2018-03-15 12:00:00,2.0
1091,3740.0,2018-03-15 16:53:42,2018-04-02 21:53:07,44.33,VALORES EM FALTA,13.0
1092,33613.0,2017-02-08 22:08:44,2017-02-13 16:05:11,29.06 reais,2017-03-21 12:00:00,7.0
1093,17047.0,2018-03-23 11:03:26,2018-04-06 03:11:39,27.2,2018-04-17 12:00:00,13.0
1094,44821.0,N/A,2018-05-18 21:58:31,6.87 REAIS,2018-06-05,3.0
1095,48027.0,2017-07-10 22:08:53,2017-07-17 14:58:06,30.66,2017-07-28 12:00:00,2.0
1096,19801.0,no_info,2018-02-19 20:20:44,n/a,n/a,10.0
1097,23966.0,2017-08-27 13:02:35,2017-09-06 21:16:11,41.85,2017-09-26 12:00:00,3.0
1098,7595.0,2018-07-02 21:10:53,2018-07-12 16:43:39,22.0,2018-07-31 12:00:00,9.0
1099,39781.0,2018-08-14 16:08:22,2018-08-17 20:02:19,30.16,2018-08-20 12:00:00,5.0
1100,49664.0,2018-01-01 13:17:49,2018-01-05 17:09:10,32.34,no_info,9.0
1101,1718.0,2017-12-24 15:40:09,2017-12-29 17:30:15,67.11,2018-01-22 12:00:00,9.0
1102,4280.0,2017-07-30 09:14:52,2017-08-07 21:36:06,60.47,2017-08-18 12:00:00,2.0
1103,57872.0,nones,2018-06-06 22:22:07,71.22,2018-07-13,4.0
1104,23356.0,2017-12-11 23:55:52,2017-12-19 00:28:26,50.83,2017-12-29 12:00:00,9.0
1105,22078.0,2017-06-20 13:09:25,2017-06-23 13:02:52,32.34,2017-07-03,3.0
1106,25628.0,2018-03-19 10:12:27,2018-03-26 19:59:36,39.6,2018-04-05 12:00:00,7.0
1107,44821.0,2018-05-12 12:53:29,2018-05-18 21:58:31,6.87 REAIS,2018-06-05,3.0
1108,4718.0,2017-04-10 10:00:25,2017-04-18 12:35:28,32.62 r$,2017-05-02 12:00:00,1.0
1109,56596.0,2018-07-23 16:16:37,2018-07-31 21:12:26,75.76,2018-08-14 12:00:00,6.0
1110,46210.0,2017-09-12 15:35:32,2017-09-25 17:26:49,126.47,2017-09-29 12:00:00,6.0
1111,46040.0,2018-02-14 13:18:52,2018-02-16 20:43:17,50.83 real brasileiro,2018-02-22,7.0
1112,23670.0,2017-07-27 11:50:33,2017-08-11 17:52:33,15.22,2017-08-22,9.0
1113,62254.0,2017-11-24 20:33:02,2017-11-29 16:57:32,6.08,nan,2.0
1114,55998.0,2018-04-03 07:08:31,nan,no_info,2018-04-16,1.0
1115,17085.0,2018-06-26 13:21:07,2018-07-02 15:56:51,15.17,2018-07-27 12:00:00,1.0
1116,25575.0,2018-05-15 21:13:41,2018-05-21 17:21:15,64.26,n/a,14.0
1117,48594.0,2018-06-19 16:41:53,2018-06-28 21:28:58,2.21,no_info,1.0
1118,21813.0,2018-01-16 10:29:39,2018-01-24 21:58:09,63.92,2018-02-08 12:00:00,11.0
1119,31226.0,2017-09-27 22:10:10,2017-10-11 23:42:48,21.91,2017-10-17 12:00:00,12.0
1120,30566.0,2018-06-17 14:53:15,2018-06-26 20:35:41,110.14,2018-07-26 12:00:00,3.0
1121,6929.0,2017-11-07 19:38:03,2017-11-15 11:27:27,59.62,nan,3.0
1122,15341.0,2018-03-02 09:43:01,2018-03-14 19:58:50,46.22,2018-03-20 12:00:00,9.0
1123,26732.0,2017-08-04 09:00:00,2017-08-08 18:17:00,32.34,2017-08-17 12:00:00,12.0
1124,37660.0,2018-08-20 17:16:49,2018-08-29 19:06:50,15.93,NO_INFO,4.0
1125,37087.0,2017-05-08 23:21:34,2017-06-16 11:11:50,46.76,2017-06-07,1.0
1126,59335.0,2017-11-23 20:17:06,2017-12-11 22:15:25,70.82,2017-12-27,0.0
1127,14576.0,2018-07-23 19:07:01,2018-07-27 17:24:37,55.92,nones,15.0
1128,2869.0,2017-12-03 22:58:18,2017-12-11 19:19:05,46.76,2018-01-02 12:00:00,16.0
1129,5372.0,2017-05-23 22:30:12,2017-05-30 13:27:53,25.26,NAN,14.0
1130,10905.0,2017-08-07 09:09:06,2017-08-10 15:55:14,33.74 REAL BRASILEIRO,NONES,9.0
1131,45525.0,2017-09-07 11:23:20,2017-09-13 13:30:15,63.2,2017-09-26 12:00:00,4.0
1132,16783.0,nones,nan,valores em falta,valores em falta,4.0
1133,44198.0,2018-05-09 00:54:27,n/a,53.29,2018-05-29 12:00:00,9.0
1134,54997.0,2017-04-14 20:31:38,2017-05-08 11:42:55,17.14,2017-05-10,8.0
1135,21141.0,2018-01-18 18:22:22,2018-02-05 17:14:53,9.21,2018-02-14,13.0
1136,18684.0,2018-06-03 16:00:26,2018-06-18 17:41:12,54.46,2018-07-27 12:00:00,0.0
1137,49863.0,2017-08-03 20:50:07,2017-08-10 16:14:09,47.55 reais,2017-08-29,3.0
1138,41437.0,2017-05-15 00:59:39,2017-05-18 12:33:34,32.34,2017-05-24 12:00:00,0.0
1139,5372.0,nones,nan,25.26,nan,14.0
1140,48466.0,2018-06-08 12:06:19,2018-06-15 22:49:26,51.39,2018-07-13 12:00:00,12.0
1141,9155.0,2018-03-04 20:09:47,2018-03-13 12:28:43,61.44,2018-03-29,16.0
1142,34618.0,2018-07-15 20:37:57,2018-07-26 19:05:30,47.61,NONES,0.0
1143,17071.0,nan,nones,valores em falta,nan,10.0
1144,33376.0,2017-02-09 11:01:15,2017-02-15 11:54:38,21.82,2017-03-13 12:00:00,1.0
1145,19987.0,2018-05-01 09:53:51,2018-05-11 00:47:45,56.92,2018-05-24 12:00:00,2.0
1146,45525.0,2017-09-07 11:23:20,2017-09-13 13:30:15,63.2,2017-09-26 12:00:00,4.0
1147,6805.0,2017-12-19 20:20:53,2018-01-08 21:09:07,20.9,2018-01-15 12:00:00,9.0
1148,2083.0,2018-04-30 18:54:58,2018-05-12 16:59:01,30.74,2018-05-17 12:00:00,0.0
1149,12328.0,2018-05-13 21:29:49,2018-05-16 21:10:54,47.54,2018-06-08 12:00:00,9.0
1150,21207.0,2018-02-06 09:48:11,2018-02-16 13:58:56,47.55,2018-03-07 12:00:00,2.0
1151,24626.0,2017-12-02 12:19:20,2017-12-26 17:53:25,37.91,2017-12-29 12:00:00,12.0
1152,26731.0,2018-04-10 21:18:01,2018-04-14 14:56:54,97.46,no_info,6.0
1153,21106.0,2018-03-15 22:56:52,2018-03-20 18:11:50,38.63,2018-03-27,14.0
1154,17850.0,2017-04-21 09:48:39,2017-05-15 12:22:12,21.65,2017-06-02 12:00:00,8.0
1155,53599.0,2017-09-21 14:54:50,2017-10-02 12:37:06,47.55,n/a,0.0
1156,3814.0,2018-08-14 00:20:52,2018-08-20 20:21:45,22.39,2018-08-27,9.0
1157,20605.0,2018-07-17 12:59:25,2018-07-25 14:04:58,19.2,2018-08-20,0.0
1158,27603.0,2017-11-24 18:30:43,2017-12-07 15:09:47,27.98,2017-12-14 12:00:00,7.0
1159,20846.0,VALORES EM FALTA,NAN,NAN,2018-08-06,3.0
1160,16530.0,2018-08-20 19:21:03,2018-08-30 19:36:44,9.18,2018-08-31 12:00:00,4.0
1161,31899.0,2018-04-23 20:23:04,2018-05-03 18:39:48,25.87,2018-05-17,7.0
1162,13435.0,2017-10-08 15:59:29,2017-10-19 19:13:29,45.0,2017-11-09 12:00:00,0.0
1163,61453.0,2018-07-26 14:26:52,2018-08-01 23:18:51,58.65 Real,2018-08-23,6.0
1164,27054.0,2017-10-31 14:18:36,2017-11-27 20:17:19,70.82,2017-12-05,3.0
1165,31999.0,2018-06-06 17:22:52,2018-06-08 19:59:36,43.34,nan,5.0
1166,44042.0,2018-01-14 15:05:15,2018-01-29 18:12:18,46.76,2018-02-14 12:00:00,12.0
1167,50688.0,2017-12-06 00:15:52,2017-12-19 14:29:28,14.25,2018-01-04 12:00:00,8.0
1168,49143.0,2018-06-21 18:04:09,2018-06-28 19:07:50,47.04,2018-07-16 12:00:00,1.0
1169,42247.0,2017-10-19 06:43:24,2017-11-03 18:52:28,32.34,nan,3.0
1170,30566.0,2018-06-17 14:53:15,2018-06-26 20:35:41,110.14,2018-07-26 12:00:00,3.0
1171,44463.0,2017-02-20 08:33:32,2017-03-01 13:54:48,55.54,2017-03-17 12:00:00,0.0
1172,1506.0,2018-04-11 14:36:30,2018-04-24 10:21:59,6.87,no_info,12.0
1173,31282.0,2018-08-19 17:06:05,2018-08-23 01:32:04,113.01,no_info,7.0
1174,48194.0,2017-05-21 20:15:25,2017-05-30 14:14:50,139.18,2017-06-13 12:00:00,14.0
1175,8056.0,2018-04-13 17:07:24,2018-05-04 18:17:29,45.05,2018-05-10,0.0
1176,42339.0,2017-05-10 00:37:53,2017-05-15 10:53:11,11.4,2017-05-29 12:00:00,0.0
1177,20980.0,2018-07-06 11:21:51,2018-07-16 17:41:48,29.87,2018-07-30,1.0
1178,15515.0,2017-11-12 20:32:49,2017-11-28 23:33:04,78.84 REAIS,VALORES EM FALTA,7.0
1179,23861.0,2018-06-13 14:57:53,nan,23.71,2018-07-04 12:00:00,8.0
1180,62112.0,2018-04-30 17:22:01,2018-05-08 14:59:30,61.58,valores em falta,9.0
1181,20813.0,nones,2018-05-29 14:33:19,nones,no_info,5.0
1182,29176.0,2017-07-20 09:15:19,2017-07-25 22:37:50,33.9,2017-08-02 12:00:00,1.0
1183,58482.0,2017-07-15 12:56:04,2017-07-26 13:17:27,12.58,no_info,6.0
1184,157.0,2018-04-08 14:03:56,2018-04-10 20:34:41,39.84 REAL,VALORES EM FALTA,12.0
1185,40455.0,2017-09-13 22:55:58,2017-09-19 20:22:20,20.51,2017-09-25 12:00:00,1.0
1186,61616.0,2018-05-30 18:42:21,2018-06-07 20:41:43,22.18,2018-07-05,1.0
1187,43882.0,2017-09-18 18:53:15,2017-09-22 20:56:45,30.01,n/a,17.0
1188,52459.0,2018-08-13 14:33:18,2018-08-20 23:45:37,63.11 real brasileiro,2018-08-24 12:00:00,0.0
1189,54240.0,nones,no_info,n/a,valores em falta,10.0
1190,51569.0,2018-08-01 08:33:57,2018-08-13 11:22:45,3.04,VALORES EM FALTA,0.0
1191,62543.0,2017-07-10 17:55:20,2017-07-17 22:04:24,22.18,2017-07-28 12:00:00,12.0
1192,9584.0,2018-05-09 08:28:42,2018-05-11 17:57:33,11.39,2018-05-17 12:00:00,4.0
1193,45760.0,2018-04-13 10:09:10,2018-04-23 23:22:07,20.77,2018-05-08 12:00:00,4.0
1194,61250.0,2017-09-07 17:11:45,2017-09-13 18:05:09,40.47,2017-09-28 12:00:00,4.0
1195,1718.0,2017-12-24 15:40:09,2017-12-29 17:30:15,67.11,2018-01-22 12:00:00,9.0
1196,19720.0,2017-08-19 18:27:16,2017-08-28 19:07:31,32.95 R$,2017-09-15 12:00:00,3.0
1197,22540.0,2017-11-21 16:22:07,2017-11-29 00:39:07,32.34,2017-12-01 12:00:00,8.0
1198,19395.0,2018-03-02 08:33:32,2018-03-14 13:32:11,76.76,nones,5.0
1199,27762.0,2018-04-01 20:47:51,2018-04-04 20:39:19,37.33,2018-04-16 12:00:00,14.0
1200,15665.0,2018-06-15 09:40:37,2018-06-21 20:36:37,12.01,2018-07-05 12:00:00,1.0
1201,62618.0,2017-09-07 01:15:30,2017-09-12 21:44:35,38.66,NO_INFO,4.0
1202,22059.0,2017-12-03 20:14:21,2017-12-14 20:22:50,123.8,2017-12-27,4.0
1203,302.0,2017-07-11 22:27:14,2017-07-31 17:26:45,48.1,2017-08-10 12:00:00,6.0
1204,31376.0,2018-08-15 16:58:08,2018-08-17 22:51:29,132.94,2018-08-28 12:00:00,2.0
1205,56668.0,2017-05-17 09:30:27,2017-05-24 11:25:45,12.28,2017-06-08,11.0
1206,26049.0,2017-12-11 18:25:03,2017-12-20 20:38:15,41.93,n/a,10.0
1207,43932.0,2017-07-19 12:39:52,2017-08-04 17:04:20,8.52,NAN,1.0
1208,57563.0,2018-03-05 19:29:12,2018-03-24 18:58:53,7.94,2018-03-22,8.0
1209,61663.0,2018-07-28 10:11:59,2018-08-03 21:08:35,2.75,2018-08-17,0.0
1210,4819.0,2017-09-19 18:03:53,2017-10-10 23:09:44,49.93,2017-10-10,9.0
1211,3442.0,2017-11-24 10:27:33,2017-12-14 18:47:16,38.66,valores em falta,4.0
1212,54845.0,2017-03-13 14:20:10,2017-03-23 12:52:57,nones,2017-04-03 12:00:00,4.0
1213,57122.0,2017-03-14 08:47:46,2017-03-27 17:50:14,55.54,no_info,3.0
1214,7164.0,2017-02-13 21:14:23,2017-02-21 14:21:44,97.74,2017-03-14,3.0
1215,60786.0,2017-08-25 13:31:57,2017-09-01 18:22:34,5.24 real,nan,1.0
1216,33613.0,2017-02-08 22:08:44,2017-02-13 16:05:11,29.06 reais,2017-03-21 12:00:00,7.0
1217,54907.0,2017-06-13 21:52:55,2017-06-23 09:31:24,30.66 real brasileiro,2017-07-04 12:00:00,13.0
1218,10627.0,2017-10-23 16:26:56,2017-10-26 20:47:57,84.65,NO_INFO,14.0
1219,15700.0,2018-08-06 12:22:58,2018-08-14 11:47:42,61.03 REAIS,2018-09-11 12:00:00,3.0
1220,40768.0,N/A,NO_INFO,N/A,VALORES EM FALTA,0.0
1221,51214.0,2018-01-04 14:44:23,2018-01-30 21:21:55,34.31,2018-01-29 12:00:00,6.0
1222,20587.0,2017-10-04 10:29:31,2017-10-12 14:51:38,28.77,2017-10-31 12:00:00,2.0
1223,7009.0,2017-11-25 12:14:42,2017-12-13 09:32:16,78.2,2017-12-15,9.0
1224,52042.0,2017-08-01 23:07:21,2017-08-07 17:48:00,49.72,2017-08-31 12:00:00,12.0
1225,18684.0,2018-06-03 16:00:26,2018-06-18 17:41:12,54.46,nan,0.0
1226,27736.0,2017-12-26 21:54:01,2018-01-08 16:52:34,12.59,2018-01-26,4.0
1227,11000.0,2018-06-26 17:39:34,2018-07-03 19:21:48,10.33,2018-08-01 12:00:00,1.0
1228,25967.0,2018-07-23 18:40:15,2018-07-26 18:50:46,50.43,2018-08-09 12:00:00,5.0
1229,1659.0,2018-03-02 17:38:17,2018-04-05 19:58:53,46.87,2018-03-20 12:00:00,0.0
1230,61175.0,2018-08-19 20:45:16,2018-08-23 18:15:53,50.74,2018-08-28 12:00:00,2.0
1231,39714.0,2018-06-12 11:00:26,2018-06-23 00:03:41,30.69,2018-07-13 12:00:00,17.0
1232,21106.0,2018-03-15 22:56:52,2018-03-20 18:11:50,38.63,2018-03-27,14.0
1233,52377.0,2017-07-12 22:10:05,2017-07-24 19:27:37,20.9,NAN,1.0
1234,36137.0,2018-03-14 19:52:53,2018-05-12 11:20:59,82.12 R$,2018-04-05 12:00:00,9.0
1235,684.0,nan,no_info,nan,no_info,5.0
1236,37506.0,2018-05-08 16:53:32,2018-05-16 19:04:28,45.41,2018-05-18 12:00:00,3.0
1237,52146.0,2017-10-05 18:46:15,2017-10-09 18:24:02,38.48,2017-10-23 12:00:00,0.0
1238,32076.0,2017-11-30 19:49:47,2018-01-03 17:10:59,10.56,2018-01-03 12:00:00,17.0
1239,18357.0,2018-01-02 17:42:24,2018-01-09 19:51:35,78.42,2018-02-01 12:00:00,8.0
1240,54354.0,2018-04-12 16:49:57,2018-04-18 03:04:59,25.12,2018-05-07 12:00:00,9.0
1241,51968.0,2018-08-11 16:39:54,2018-08-14 18:28:32,89.55,2018-08-20 12:00:00,12.0
1242,8351.0,2018-08-19 13:41:46,2018-08-22 21:18:50,14.59,2018-08-24 12:00:00,8.0
1243,25099.0,2017-05-25 16:09:40,2017-06-05 12:50:07,49.26,2017-06-19 12:00:00,9.0
1244,62618.0,2017-09-07 01:15:30,2017-09-12 21:44:35,38.66,2017-09-26,4.0
1245,25628.0,2018-03-19 10:12:27,2018-03-26 19:59:36,39.6,2018-04-05 12:00:00,7.0
1246,52312.0,2018-04-15 20:56:35,2018-04-18 21:56:28,11.33,n/a,12.0
1247,1787.0,2017-07-28 12:16:33,2017-08-08 19:15:14,29.68,2017-08-23,4.0
1248,44630.0,2017-11-15 16:41:55,2017-11-22 13:38:26,48.35,2017-12-05 12:00:00,2.0
1249,32521.0,2017-07-27 16:11:58,2017-08-02 22:43:53,161.82,nones,5.0
1250,46364.0,2018-02-17 23:18:19,2018-02-26 20:29:56,29.68,nones,6.0
1251,38300.0,2018-03-31 17:40:49,2018-04-05 20:21:44,9.49,2018-04-18,1.0
1252,42154.0,2018-06-20 09:09:04,2018-06-28 12:54:48,45.27,2018-07-25 12:00:00,4.0
1253,9602.0,2018-02-15 17:55:55,n/a,nan,2018-03-02,1.0
1254,58241.0,2018-05-08 11:14:12,2018-05-11 20:22:22,18.79,2018-05-18 12:00:00,3.0
1255,43044.0,2017-11-20 10:59:31,2017-11-30 21:34:38,24.11,2017-12-14 12:00:00,1.0
1256,39364.0,2018-03-06 17:21:09,2018-03-27 18:48:47,31.99,2018-03-27 12:00:00,0.0
1257,57166.0,2017-05-05 07:48:46,2017-05-16 06:50:09,31.33,2017-05-26,2.0
1258,15690.0,2018-08-18 18:37:46,2018-08-27 18:55:40,31.33,2018-09-04,9.0
1259,14850.0,2018-03-14 17:58:51,2018-03-23 16:46:39,81.42,2018-03-26 12:00:00,3.0
1260,17085.0,2018-06-26 13:21:07,2018-07-02 15:56:51,15.17,2018-07-27 12:00:00,1.0
1261,8839.0,2017-04-28 16:26:51,2017-05-16 17:42:18,41.0,2017-05-22,6.0
1262,50066.0,2017-07-18 21:02:57,2017-07-21 20:46:35,32.34,2017-07-31 12:00:00,9.0
1263,11017.0,2018-05-09 20:49:26,2018-05-18 20:32:32,16.67,2018-06-07,0.0
1264,35923.0,2017-04-03 19:20:39,2017-04-13 18:42:25,48.35,2017-05-04,1.0
1265,31887.0,2018-05-09 20:52:27,2018-06-01 19:04:10,113.45,2018-06-06,1.0
1266,11448.0,no_info,2018-08-01 19:10:00,57.21,nones,14.0
1267,11767.0,2018-03-30 00:06:55,2018-04-06 23:26:42,6.87,nan,8.0
1268,32222.0,2018-03-13 07:45:39,2018-04-03 14:58:55,73.11,nan,9.0
1269,23487.0,2018-03-10 23:29:10,2018-03-23 15:58:23,133.52,2018-03-28 12:00:00,6.0
1270,34682.0,2018-05-05 14:32:51,2018-05-10 15:19:23,11.39,2018-05-15 12:00:00,13.0
1271,52132.0,2018-04-17 15:07:46,2018-05-02 22:36:33,10.05,2018-05-24 12:00:00,1.0
1272,1650.0,2017-05-29 12:13:27,2017-05-31 10:49:57,32.34,2017-06-09 12:00:00,1.0
1273,35315.0,2018-03-24 17:26:26,valores em falta,47.92,no_info,10.0
1274,13105.0,2018-04-05 12:39:13,2018-04-25 21:11:22,32.86,2018-05-11 12:00:00,0.0
1275,11085.0,2018-07-07 16:24:14,2018-07-13 19:38:44,22.97,NONES,8.0
1276,17862.0,2017-12-29 09:32:08,2018-01-09 20:10:07,30.66,2018-01-24 12:00:00,4.0
1277,62892.0,2017-08-28 17:09:05,2017-09-05 18:23:22,46.76,2017-09-25 12:00:00,4.0
1278,45483.0,2017-08-19 01:13:11,2017-08-29 17:23:39,7.12,2017-09-11 12:00:00,9.0
1279,45321.0,2017-06-04 11:52:38,2017-06-19 20:04:19,2.18,2017-07-03 12:00:00,0.0
1280,60292.0,2018-03-17 13:04:49,2018-03-29 20:22:44,14.59,2018-04-16 12:00:00,7.0
1281,59247.0,2018-01-12 10:59:33,2018-01-24 00:12:33,50.05,2018-02-06 12:00:00,12.0
1282,30757.0,2018-04-30 18:55:04,2018-05-09 13:58:34,109.73,nones,9.0
1283,59757.0,2017-09-05 22:29:57,2017-09-11 18:27:41,16.53,2017-09-18,10.0
1284,41557.0,valores em falta,n/a,valores em falta,no_info,5.0
1285,16535.0,2018-05-19 19:44:07,2018-06-06 19:52:31,82.12,no_info,15.0
1286,49351.0,2018-04-02 08:47:49,2018-04-13 13:22:32,22.18 real brasileiro,nones,3.0
1287,40730.0,2017-10-01 20:48:40,2017-10-14 12:33:34,33.35,2017-10-27 12:00:00,6.0
1288,9584.0,2018-05-09 08:28:42,2018-05-11 17:57:33,11.39,2018-05-17 12:00:00,4.0
1289,54567.0,2018-01-16 17:56:59,2018-02-02 16:32:39,56.11,2018-02-15 12:00:00,6.0
1290,13818.0,2017-06-25 23:10:29,2017-07-05 15:22:06,20.9,2017-07-18 12:00:00,6.0
1291,9602.0,2018-02-15 17:55:55,2018-03-08 19:39:28,149.66,2018-03-02,1.0
1292,19738.0,2018-03-20 14:44:43,2018-04-04 20:58:37,64.09,2018-04-10 12:00:00,11.0
1293,51550.0,N/A,2018-05-17 19:17:25,VALORES EM FALTA,2018-06-01,6.0
1294,15705.0,2018-08-01 18:58:49,2018-08-13 23:16:46,39.68,n/a,3.0
1295,31720.0,2018-04-25 10:36:59,2018-05-03 19:54:53,36.72,2018-05-23,1.0
1296,6777.0,2017-09-18 22:08:50,2017-10-11 20:08:07,14.18,N/A,13.0
1297,59065.0,2018-03-31 21:09:19,2018-05-08 13:58:42,150.8,n/a,3.0
1298,25290.0,2018-02-15 16:08:06,2018-02-20 15:03:57,64.93,2018-03-01 12:00:00,1.0
1299,11068.0,2017-10-19 15:53:20,2017-11-03 19:51:50,38.66,2017-11-13 12:00:00,3.0
1300,7682.0,2017-05-21 16:19:58,2017-05-26 20:49:53,64.41,no_info,2.0
1301,27855.0,2017-12-09 10:52:15,2017-12-18 15:12:21,44.93,2018-01-08,8.0
1302,62254.0,2017-11-24 20:33:02,2017-11-29 16:57:32,6.08,nan,2.0
1303,41896.0,2018-04-01 12:57:16,2018-04-04 22:08:38,21.25,2018-04-12,4.0
1304,13542.0,valores em falta,valores em falta,47.55,nan,13.0
1305,2084.0,2018-04-06 11:37:12,2018-04-17 17:09:41,126.29,2018-04-27 12:00:00,4.0
1306,8653.0,2017-02-07 16:34:23,2017-02-20 12:21:39,6.87,2017-03-06 12:00:00,5.0
1307,28177.0,2017-10-29 10:19:49,2017-11-13 14:59:09,101.63,2017-11-17 12:00:00,7.0
1308,1696.0,2018-08-18 13:50:27,2018-08-29 17:42:00,14.68,2018-09-11 12:00:00,2.0
1309,5303.0,NONES,NO_INFO,62.88,2017-11-14 12:00:00,9.0
1310,11277.0,2017-12-11 18:13:43,2017-12-26 19:07:15,82.44,2018-01-11 12:00:00,1.0
1311,684.0,2017-09-09 22:15:52,2017-09-22 22:26:41,26.72,2017-10-03 12:00:00,5.0
1312,50383.0,2018-01-18 18:44:19,2018-01-30 19:33:29,9.21,valores em falta,4.0
1313,46687.0,2017-07-19 20:35:27,2017-07-21 20:13:49,5.59,2017-08-01 12:00:00,13.0
1314,56237.0,2018-03-13 13:31:24,2018-03-17 01:48:46,18.4,2018-03-23,3.0
1315,58209.0,2018-02-09 11:43:40,2018-03-02 11:35:09,34.17 real brasileiro,nan,1.0
1316,15437.0,2017-11-25 17:46:11,2017-12-16 18:19:56,17.0 REAIS,2017-12-26,12.0
1317,19395.0,2018-03-02 08:33:32,2018-03-14 13:32:11,76.76,NONES,5.0
1318,50923.0,2017-12-05 17:48:44,2017-12-09 12:58:52,5.59,2017-12-21 12:00:00,6.0
1319,55223.0,NO_INFO,NONES,NAN,2018-03-09,13.0
1320,13105.0,2018-04-05 12:39:13,2018-04-25 21:11:22,32.86,2018-05-11 12:00:00,0.0
1321,45895.0,nan,2017-05-24 11:43:22,no_info,nones,12.0
1322,7401.0,2017-12-19 15:02:40,2017-12-27 22:07:12,17.38,2018-01-23 12:00:00,4.0
1323,27762.0,2018-04-01 20:47:51,2018-04-04 20:39:19,37.33,2018-04-16 12:00:00,14.0
1324,55998.0,2018-04-03 07:08:31,2018-04-06 22:00:17,87.77,2018-04-16,1.0
1325,22463.0,2017-09-25 21:38:16,2017-09-27 16:14:07,32.34,2017-10-10,13.0
1326,52003.0,2018-08-21 18:44:58,2018-08-27 14:18:26,22.47 R$,2018-08-27 12:00:00,14.0
1327,23194.0,2017-10-01 17:19:18,NO_INFO,174.49,2017-10-19,9.0
1328,60620.0,2017-09-30 21:44:37,2017-10-06 19:13:43,NONES,2017-10-27,1.0
1329,55086.0,2018-08-01 12:37:55,2018-08-07 00:11:50,20.81,2018-08-31 12:00:00,8.0
1330,20815.0,2017-03-13 18:13:52,2017-03-16 06:12:06,44.73,2017-04-03 12:00:00,7.0
1331,26541.0,2018-05-30 16:02:54,2018-06-19 13:58:32,6.87,2018-07-16 12:00:00,5.0
1332,16783.0,2018-07-18 10:31:28,2018-07-23 11:05:31,50.28,2018-08-06 12:00:00,4.0
1333,51058.0,2018-08-06 17:38:40,2018-08-13 18:35:00,149.66,valores em falta,0.0
1334,4637.0,2017-08-22 17:12:58,2017-08-24 21:05:22,104.16,N/A,1.0
1335,55998.0,2018-04-03 07:08:31,2018-04-06 22:00:17,87.77,2018-04-16,1.0
1336,44567.0,2018-01-16 16:56:12,2018-01-23 20:13:44,47.73,2018-02-14 12:00:00,13.0
1337,54983.0,2017-06-27 22:45:09,2017-07-12 20:04:35,58.14,2017-07-19 12:00:00,2.0
1338,28230.0,nones,2018-05-04 19:22:28,nones,no_info,6.0
1339,4955.0,2017-10-11 14:49:50,2017-10-30 17:50:29,29.68,2017-11-08 12:00:00,16.0
1340,35978.0,2017-04-26 17:02:12,2017-05-25 11:11:56,nan,nones,8.0
1341,52377.0,2017-07-12 22:10:05,2017-07-24 19:27:37,20.9,nan,1.0
1342,40059.0,2017-06-19 14:31:01,2017-06-26 13:52:08,91.24,2017-07-19 12:00:00,0.0
1343,22059.0,2017-12-03 20:14:21,2017-12-14 20:22:50,123.8,2017-12-27,4.0
1344,57475.0,2018-05-24 01:14:59,2018-06-08 17:55:30,3.83,2018-06-18 12:00:00,9.0
1345,37162.0,2018-05-11 00:09:19,2018-05-14 19:51:59,60.07,2018-05-21,9.0
1346,27313.0,2018-01-14 22:31:54,2018-01-22 16:03:40,58.02,2018-01-30,8.0
1347,39409.0,2018-08-07 11:30:03,2018-08-15 16:32:28,48.58,2018-08-20 12:00:00,12.0
1348,32222.0,2018-03-13 07:45:39,2018-04-03 14:58:55,73.11,nan,9.0
1349,2129.0,2018-07-02 21:45:09,2018-07-10 17:51:24,69.22,2018-07-30 12:00:00,15.0
1350,55086.0,2018-08-01 12:37:55,2018-08-07 00:11:50,20.81,2018-08-31 12:00:00,8.0
1351,30823.0,2018-02-12 10:12:54,2018-02-27 22:09:24,35.61,2018-03-06 12:00:00,12.0
1352,16674.0,2018-02-05 12:04:33,2018-02-15 22:53:03,70.39,2018-03-01 12:00:00,2.0
1353,6093.0,2018-02-22 08:34:25,2018-03-23 02:51:53,72.67,2018-03-19,1.0
1354,29335.0,2017-09-12 23:58:05,2017-09-21 18:14:10,21.98,2017-10-10 12:00:00,13.0
1355,60060.0,2018-08-10 10:33:46,2018-08-23 18:56:23,33.74,2018-08-15 12:00:00,12.0
1356,54614.0,2018-05-25 09:54:34,2018-06-04 20:28:32,52.64,2018-06-19 12:00:00,8.0
1357,20884.0,2017-09-11 16:54:06,2017-09-25 18:16:49,61.1,2017-09-27 12:00:00,8.0
1358,49863.0,2017-08-03 20:50:07,2017-08-10 16:14:09,47.55 REAIS,2017-08-29,3.0
1359,57388.0,2018-08-09 12:06:24,2018-08-16 15:16:51,41.54,2018-08-27,3.0
1360,16446.0,2018-02-19 22:35:15,2018-03-01 21:48:15,19.38,2018-03-12 12:00:00,8.0
1361,49877.0,2018-07-04 17:33:01,2018-07-06 12:51:11,116.88 real brasileiro,2018-07-17,7.0
1362,48594.0,2018-06-19 16:41:53,2018-06-28 21:28:58,2.21,no_info,1.0
1363,53746.0,NAN,2018-03-01 01:08:25,26.04,2018-03-14 12:00:00,3.0
1364,19177.0,2018-05-16 16:19:18,2018-06-05 20:19:00,9.87,2018-06-08 12:00:00,15.0
1365,18940.0,2017-12-17 12:45:48,2017-12-21 18:43:23,6.08,2018-01-05 12:00:00,1.0
1366,33410.0,2017-05-10 16:04:38,2017-05-17 16:25:59,38.66,2017-06-02,9.0
1367,32330.0,2017-12-12 12:11:59,2017-12-18 19:38:34,38.48,2017-12-29 12:00:00,1.0
1368,11771.0,2018-07-26 16:37:10,2018-08-02 19:11:45,19.65,2018-08-14,13.0
1369,27914.0,2017-06-05 22:26:58,2017-06-13 06:18:03,61.25,2017-06-28 12:00:00,15.0
1370,29633.0,2018-04-02 09:35:34,2018-04-05 21:34:35,29.6,2018-04-19 12:00:00,9.0
1371,10905.0,2017-08-07 09:09:06,2017-08-10 15:55:14,33.74 real brasileiro,nones,9.0
1372,52769.0,2018-08-23 14:56:46,2018-08-30 15:06:32,38.51 R$,2018-08-31 12:00:00,16.0
1373,14874.0,2017-07-17 10:37:43,2017-07-20 15:51:18,25.85,2017-08-10 12:00:00,1.0
1374,51003.0,2017-06-17 23:53:28,2017-06-28 15:29:42,64.98,2017-07-11,6.0
1375,52205.0,2017-10-17 22:38:28,2017-10-25 16:20:05,32.34,NO_INFO,1.0
1376,49130.0,2018-01-19 16:34:05,2018-01-30 19:47:46,61.3,2018-02-14,9.0
1377,51817.0,2018-07-28 21:37:46,2018-08-03 17:44:48,107.12,2018-08-07,9.0
1378,46666.0,2018-07-21 21:31:01,2018-08-10 12:07:24,17.64,2018-08-06,0.0
1379,28177.0,2017-10-29 10:19:49,2017-11-13 14:59:09,101.63,2017-11-17 12:00:00,7.0
1380,30364.0,2018-04-30 09:34:18,2018-05-08 16:44:46,56.92,2018-05-16,7.0
1381,3672.0,2018-04-03 21:00:30,2018-04-16 17:54:53,6.87,2018-04-26,8.0
1382,49109.0,2017-03-26 14:52:53,2017-03-30 17:08:40,53.36,2017-04-25 12:00:00,12.0
1383,17807.0,2018-01-22 10:28:04,2018-02-01 21:48:25,125.66 R$,2018-02-19 12:00:00,6.0
1384,25443.0,2018-02-05 19:14:46,2018-04-11 19:19:26,71.9,2018-03-16,3.0
1385,21547.0,valores em falta,2017-05-26 08:33:09,6.08,2017-06-12 12:00:00,4.0
1386,43312.0,2017-12-03 17:07:46,2017-12-10 16:59:30,44.93,2017-12-28 12:00:00,4.0
1387,29673.0,2018-05-16 17:20:12,2018-05-21 15:06:45,34.33,2018-05-24,9.0
1388,37192.0,2018-08-20 10:38:17,2018-08-24 23:04:47,1.64,NONES,10.0
1389,15880.0,2017-04-09 13:33:34,2017-04-18 16:48:26,49.26,2017-05-10 12:00:00,0.0
1390,15705.0,no_info,n/a,valores em falta,nan,3.0
1391,44361.0,2017-08-26 14:11:46,2017-08-31 17:03:47,18.56,2017-09-15 12:00:00,4.0
1392,51058.0,valores em falta,no_info,149.66,valores em falta,0.0
1393,50923.0,2017-12-05 17:48:44,2017-12-09 12:58:52,5.59,2017-12-21 12:00:00,6.0
1394,56386.0,2018-08-07 16:35:35,2018-08-21 17:18:55,12.06,2018-09-19 12:00:00,12.0
1395,42547.0,2018-01-05 20:33:32,2018-01-29 18:29:25,14.54,2018-02-16 12:00:00,4.0
1396,5966.0,2017-11-23 10:42:29,2017-12-04 21:52:12,42.02,2017-12-26 12:00:00,4.0
1397,29269.0,2018-05-17 16:41:26,2018-05-21 15:22:51,34.33,2018-05-25 12:00:00,2.0
1398,54406.0,2018-06-19 23:01:50,2018-06-21 17:26:26,56.56,nan,14.0
1399,39446.0,2018-02-08 08:21:11,2018-02-16 20:43:51,161.82,2018-03-08 12:00:00,4.0
1400,26757.0,2018-05-20 19:44:25,2018-06-07 16:58:33,89.34,2018-07-03,17.0
1401,34629.0,2018-07-09 10:07:19,2018-07-11 20:12:29,34.33,2018-07-18,0.0
1402,15388.0,2018-01-22 11:41:56,2018-02-01 18:06:27,97.74,2018-02-16,16.0
1403,28701.0,2018-04-27 17:27:04,2018-05-15 20:18:41,3.71,nan,3.0
1404,2080.0,2017-07-25 16:39:25,2017-07-31 20:32:58,7.56,2017-08-09 12:00:00,13.0
1405,27736.0,2017-12-26 21:54:01,2018-01-08 16:52:34,12.59,2018-01-26,4.0
1406,28233.0,2018-01-04 15:29:14,2018-01-09 19:16:34,62.02,valores em falta,9.0
1407,24958.0,2018-01-17 14:14:21,2018-01-23 22:59:28,51.29,2018-02-19,2.0
1408,24817.0,2017-08-21 20:47:58,2017-09-09 16:13:50,63.86,2017-09-15 12:00:00,1.0
1409,8351.0,2018-08-19 13:41:46,2018-08-22 21:18:50,14.59,2018-08-24 12:00:00,8.0
1410,45483.0,2017-08-19 01:13:11,2017-08-29 17:23:39,7.12,2017-09-11 12:00:00,9.0
1411,13818.0,2017-06-25 23:10:29,2017-07-05 15:22:06,20.9,2017-07-18 12:00:00,6.0
1412,62032.0,2017-11-22 21:12:44,2017-12-18 15:19:08,82.09 r$,2017-12-11,10.0
1413,37621.0,2018-05-10 17:49:54,2018-05-19 00:10:45,92.03,2018-06-04 12:00:00,5.0
1414,14001.0,2018-05-05 11:29:48,2018-05-12 16:21:07,8.09,nones,5.0
1415,56937.0,2017-10-16 17:42:49,2017-10-26 16:47:49,154.56,2017-11-08 12:00:00,12.0
1416,33809.0,2018-03-15 23:38:37,2018-03-26 15:08:40,125.47,2018-04-20 12:00:00,6.0
1417,45344.0,2017-11-17 10:25:09,2017-12-04 20:38:56,38.66 r$,nan,1.0
1418,42255.0,valores em falta,valores em falta,n/a,2017-06-08,0.0
1419,41025.0,2018-08-12 14:35:52,2018-08-16 13:38:42,57.81,2018-08-17 12:00:00,9.0
1420,59081.0,nones,nan,54.51,n/a,14.0
1421,4620.0,NAN,2018-07-10 19:34:17,53.64,2018-08-01,2.0
1422,19348.0,2018-02-26 14:29:30,2018-03-08 20:31:24,17.96,valores em falta,6.0
1423,18838.0,2017-07-03 15:10:38,2017-07-12 21:08:07,163.52,2017-07-26 12:00:00,9.0
1424,41011.0,2018-05-26 16:54:05,2018-06-08 16:28:51,1.05 reais,2018-06-28,6.0
1425,8572.0,2017-11-24 10:38:00,2017-12-19 16:48:39,56.65,n/a,3.0
1426,11068.0,2017-10-19 15:53:20,2017-11-03 19:51:50,38.66,2017-11-13 12:00:00,3.0
1427,47825.0,2018-05-09 18:07:02,2018-05-28 17:02:23,61.25,2018-06-01,4.0
1428,46687.0,2017-07-19 20:35:27,2017-07-21 20:13:49,5.59,2017-08-01 12:00:00,13.0
1429,50628.0,2017-05-21 12:45:22,2017-05-29 16:12:32,21.22,2017-06-05 12:00:00,8.0
1430,44679.0,2017-09-08 15:53:01,2017-09-28 11:42:07,86.34,n/a,2.0
1431,12301.0,2018-08-07 20:19:14,2018-08-10 17:20:53,38.58,2018-08-16 12:00:00,0.0
1432,51968.0,nan,nan,nones,no_info,12.0
1433,932.0,2018-03-02 16:34:33,2018-03-19 23:42:04,28.79 reais,2018-03-20 12:00:00,12.0
1434,18256.0,2017-08-02 21:21:21,2017-08-09 17:09:13,20.9,2017-08-24,6.0
1435,15837.0,2018-06-30 21:51:00,2018-07-04 17:09:03,34.82,2018-07-25,12.0
1436,49683.0,2017-10-31 13:43:56,2017-11-06 23:04:46,70.82 real brasileiro,2017-11-21 12:00:00,9.0
1437,9679.0,2018-03-12 13:50:41,2018-03-21 22:57:43,53.29,2018-04-02,0.0
1438,28871.0,NONES,N/A,NONES,NAN,1.0
1439,11665.0,2017-06-16 21:48:41,2017-06-28 14:16:37,47.55,2017-07-18 12:00:00,13.0
1440,62504.0,2018-05-15 11:09:53,2018-05-22 21:04:07,11.33,2018-06-08,6.0
1441,23323.0,2018-02-04 11:05:32,2018-03-01 16:46:44,30.66,2018-03-01,0.0
1442,47325.0,2018-08-09 09:11:18,2018-08-13 21:03:57,7.52,2018-08-16 12:00:00,13.0
1443,20580.0,2018-06-27 15:45:49,2018-07-03 18:56:50,82.12,2018-07-26 12:00:00,11.0
1444,15341.0,2018-03-02 09:43:01,2018-03-14 19:58:50,46.22,2018-03-20 12:00:00,9.0
1445,61946.0,2017-09-22 13:43:56,2017-10-04 23:37:52,47.55,2017-10-23,4.0
1446,43724.0,2018-06-19 22:37:17,no_info,nan,nones,1.0
1447,36396.0,2017-11-10 16:54:13,2017-11-21 23:26:35,36.46,2017-12-04 12:00:00,0.0
1448,44463.0,2017-02-20 08:33:32,2017-03-01 13:54:48,55.54,2017-03-17 12:00:00,0.0
1449,9933.0,2018-01-20 21:20:55,2018-01-30 23:19:03,73.11,2018-02-14 12:00:00,1.0
1450,18838.0,2017-07-03 15:10:38,2017-07-12 21:08:07,163.52,2017-07-26 12:00:00,9.0
1451,57891.0,2017-08-17 16:09:34,2017-08-28 19:36:36,71.02,2017-09-06 12:00:00,12.0
1452,60279.0,2017-11-19 11:35:49,2017-11-25 16:07:21,6.08,valores em falta,1.0
1453,10382.0,2018-05-07 09:03:48,2018-05-11 20:54:29,53.29,VALORES EM FALTA,7.0
1454,37162.0,2018-05-11 00:09:19,2018-05-14 19:51:59,60.07,2018-05-21,9.0
1455,41708.0,2017-06-18 22:56:48,2017-06-23 12:55:50,30.66,2017-07-07 12:00:00,6.0
1456,28847.0,2018-04-29 18:34:00,2018-05-03 18:06:33,7.77,2018-05-17 12:00:00,8.0
1457,33984.0,2018-04-04 23:35:19,2018-04-11 18:19:10,50.28,2018-04-26,9.0
1458,56596.0,2018-07-23 16:16:37,2018-07-31 21:12:26,75.76,2018-08-14 12:00:00,6.0
1459,15705.0,2018-08-01 18:58:49,2018-08-13 23:16:46,39.68,N/A,3.0
1460,31521.0,2018-01-06 17:14:01,2018-01-12 20:46:49,44.33 real brasileiro,nan,14.0
1461,46353.0,2017-09-22 09:01:26,2017-10-03 20:26:53,32.34,2017-10-09 12:00:00,0.0
1462,12734.0,2018-07-25 19:02:13,2018-08-01 13:26:50,95.82,2018-08-02 12:00:00,17.0
1463,11664.0,2017-08-07 09:32:28,2017-08-09 18:13:38,72.67,2017-08-18,6.0
1464,50646.0,2017-07-31 10:00:00,2017-08-11 18:27:52,47.55,2017-08-31 12:00:00,4.0
1465,37892.0,2018-04-04 09:12:02,NO_INFO,50.28,2018-04-20 12:00:00,6.0
1466,4269.0,2018-07-31 12:17:09,2018-08-10 19:30:59,34.33,2018-08-06 12:00:00,1.0
1467,51687.0,valores em falta,nones,67.11,n/a,2.0
1468,4374.0,2017-08-17 18:39:41,2017-08-23 19:52:14,30.66,2017-09-06,12.0
1469,59434.0,2018-08-07 16:35:35,2018-08-21 17:18:55,12.06,2018-09-19 12:00:00,10.0
1470,9816.0,2018-08-15 17:49:43,2018-08-20 16:58:40,44.68,2018-08-23 12:00:00,11.0
1471,10662.0,2018-04-04 06:05:53,2018-04-10 17:05:33,55.95,2018-04-20 12:00:00,6.0
1472,14773.0,2018-07-25 13:12:32,2018-07-27 19:35:29,14.65 Real brasileiro,2018-08-02 12:00:00,6.0
1473,40226.0,2018-06-16 19:54:35,2018-06-28 18:21:13,50.15,2018-07-27,13.0
1474,19387.0,2017-07-17 20:30:21,2017-07-21 19:39:46,32.34,2017-08-02,3.0
1475,17285.0,2018-03-30 20:48:54,2018-04-13 23:26:36,27.2,n/a,10.0
1476,20813.0,2018-05-21 11:29:09,2018-05-29 14:33:19,35.75,2018-06-20 12:00:00,5.0
1477,50128.0,2018-07-28 22:14:06,2018-08-03 17:32:20,7.94,nones,2.0
1478,2641.0,2017-07-02 13:02:39,2017-07-14 18:03:53,63.79,2017-07-25 12:00:00,14.0
1479,18476.0,valores em falta,valores em falta,30.5,nones,4.0
1480,60786.0,nones,2017-09-01 18:22:34,nan,no_info,1.0
1481,503.0,2017-11-15 18:06:40,2017-11-24 11:26:37,62.97 r$,no_info,8.0
1482,42339.0,2017-05-10 00:37:53,2017-05-15 10:53:11,11.4,2017-05-29 12:00:00,0.0
1483,14298.0,2017-06-21 09:02:30,2017-06-27 14:56:56,14.43,2017-07-12,9.0
1484,8874.0,2017-09-24 12:41:40,2017-10-04 21:30:04,69.37 REAIS,2017-10-20 12:00:00,4.0
1485,38061.0,2017-11-02 21:17:47,2017-11-08 19:14:01,24.23,2017-11-23 12:00:00,9.0
1486,60731.0,2018-08-13 21:12:35,2018-08-21 18:04:32,19.65,2018-08-31,8.0
1487,46669.0,2017-08-10 14:46:06,2017-08-28 20:20:04,32.88,NAN,1.0
1488,33376.0,2017-02-09 11:01:15,2017-02-15 11:54:38,21.82,2017-03-13 12:00:00,1.0
1489,48771.0,2018-08-10 21:15:10,2018-08-14 18:28:33,35.99,VALORES EM FALTA,7.0
1490,60355.0,2018-08-06 11:27:18,2018-08-10 22:22:38,18.4,2018-08-13 12:00:00,0.0
1491,57675.0,2017-07-22 09:09:59,2017-08-01 17:05:22,14.41,2017-08-15 12:00:00,0.0
1492,56073.0,2018-07-28 13:13:21,2018-08-03 19:11:55,49.52,2018-08-23 12:00:00,9.0
1493,3672.0,nones,2018-04-16 17:54:53,valores em falta,nan,8.0
1494,28726.0,2017-11-23 17:00:18,2017-12-13 18:06:54,47.55 R$,2017-12-18 12:00:00,1.0
1495,49351.0,2018-04-02 08:47:49,2018-04-13 13:22:32,22.18 real brasileiro,2018-04-19 12:00:00,3.0
1496,53950.0,2018-04-06 13:16:51,2018-04-16 14:48:34,50.28,2018-04-30 12:00:00,9.0
1497,13497.0,2018-08-02 18:11:50,2018-08-04 16:54:47,47.32,2018-08-08,2.0
1498,26056.0,2018-06-10 19:58:49,2018-06-22 21:28:20,28.69,2018-07-12,16.0
1499,55432.0,2018-06-23 16:00:55,2018-07-06 16:32:39,16.45,2018-07-23 12:00:00,2.0
1500,43546.0,2017-11-23 17:58:39,2017-12-11 16:07:50,66.9,nan,9.0
1501,33422.0,2017-06-09 13:52:07,2017-06-19 11:53:36,30.66,2017-07-10 12:00:00,0.0
1502,32160.0,nones,no_info,valores em falta,no_info,14.0
1503,39364.0,2018-03-06 17:21:09,2018-03-27 18:48:47,31.99,2018-03-27 12:00:00,0.0
1504,55223.0,2018-02-06 08:38:54,2018-02-21 14:05:57,47.86,2018-03-09,13.0
1505,24445.0,2018-01-10 22:19:01,2018-01-15 18:12:11,30.24,2018-01-24 12:00:00,1.0
1506,4451.0,2018-06-30 09:51:07,2018-07-09 11:36:54,4.85,2018-07-20 12:00:00,6.0
1507,14990.0,2017-12-04 12:14:59,2018-01-04 15:28:56,1.43,2017-12-28 12:00:00,4.0
1508,42480.0,2018-07-24 16:15:19,2018-08-04 10:54:56,133.37,2018-08-02 12:00:00,1.0
1509,51687.0,2017-07-19 22:05:28,2017-07-26 17:29:47,67.11,2017-08-08 12:00:00,2.0
1510,15240.0,2017-12-01 21:21:44,2017-12-19 19:43:33,20.67,2017-12-29 12:00:00,6.0
1511,8793.0,2018-07-15 10:24:22,2018-07-28 01:22:26,15.24 R$,2018-08-08 12:00:00,9.0
1512,49683.0,2017-10-31 13:43:56,2017-11-06 23:04:46,70.82 REAL BRASILEIRO,2017-11-21 12:00:00,9.0
1513,1212.0,2018-08-17 15:49:08,2018-08-18 16:58:50,46.71,2018-08-27 12:00:00,6.0
1514,27601.0,2017-07-16 18:19:25,2017-07-31 18:03:02,66.83 reais,2017-07-28,7.0
1515,41219.0,2017-03-22 12:58:27,2017-03-27 12:39:06,18.76,2017-04-10,1.0
1516,2685.0,2018-06-11 23:08:58,2018-06-20 18:54:21,41.87,2018-07-12,2.0
1517,55250.0,2018-05-02 10:54:52,2018-05-11 22:22:49,6.87,2018-05-30,4.0
1518,13053.0,2018-07-19 21:24:55,2018-07-24 01:58:31,113.01,2018-07-30 12:00:00,13.0
1519,56295.0,2018-08-23 15:48:24,2018-08-27 20:34:46,101.57,2018-09-05 12:00:00,8.0
1520,9747.0,2017-04-27 00:12:53,2017-05-05 13:34:53,38.15,2017-05-25,12.0
1521,44042.0,2018-01-14 15:05:15,2018-01-29 18:12:18,46.76,2018-02-14 12:00:00,12.0
1522,29571.0,2018-07-06 23:09:15,2018-07-16 14:48:29,35.07,2018-07-27,13.0
1523,20707.0,2018-01-09 12:53:44,2018-01-17 18:14:59,40.33,2018-02-06 12:00:00,12.0
1524,41437.0,2017-05-15 00:59:39,2017-05-18 12:33:34,32.34,2017-05-24 12:00:00,0.0
1525,47825.0,2018-05-09 18:07:02,2018-05-28 17:02:23,61.25,2018-06-01,4.0
1526,5108.0,valores em falta,nan,n/a,no_info,1.0
1527,20536.0,2017-07-03 09:14:20,2017-07-11 20:32:43,13.8,2017-07-26 12:00:00,4.0
1528,13426.0,2018-07-08 18:50:45,NO_INFO,VALORES EM FALTA,2018-08-06 12:00:00,4.0
1529,12846.0,2017-09-26 16:35:42,2017-10-06 18:04:05,32.34,2017-10-11 12:00:00,8.0
1530,42496.0,2018-04-03 12:39:58,2018-04-05 22:12:48,133.52,n/a,1.0
1531,38851.0,2017-07-15 11:13:09,2017-07-28 18:16:25,137.13,2017-08-08,13.0
1532,17028.0,2017-11-17 10:22:00,2018-01-23 19:06:57,16.52,2017-12-14,14.0
1533,2737.0,2017-08-16 21:06:21,2017-08-21 19:22:19,43.33,2017-09-08,5.0
1534,29639.0,no_info,2017-11-20 19:29:16,nan,no_info,1.0
1535,30407.0,2018-05-21 08:47:36,2018-06-11 20:36:25,16.29,2018-06-21,3.0
1536,31462.0,n/a,nan,nones,2018-05-28 12:00:00,2.0
1537,19585.0,2017-10-13 01:39:09,2017-10-24 13:00:02,163.52 REAL BRASILEIRO,2017-11-01 12:00:00,4.0
1538,29176.0,2017-07-20 09:15:19,2017-07-25 22:37:50,33.9,2017-08-02 12:00:00,1.0
1539,11006.0,2017-01-05 14:18:03,2017-01-17 16:47:45,61.32,2017-02-13,14.0
1540,37623.0,2017-07-24 22:11:50,2017-07-31 16:59:58,26.02,2017-08-15,10.0
1541,32160.0,2018-02-14 17:51:11,valores em falta,21.8,2018-03-23 12:00:00,14.0
1542,16674.0,2018-02-05 12:04:33,2018-02-15 22:53:03,70.39,2018-03-01 12:00:00,2.0
1543,52112.0,2017-08-01 22:24:02,2017-08-10 01:13:36,64.41,2017-08-23,1.0
1544,58941.0,2018-08-15 21:45:02,2018-08-17 20:18:20,53.22,2018-08-22 12:00:00,10.0
1545,62328.0,2018-06-03 21:51:47,2018-06-08 16:48:30,12.28,2018-07-17 12:00:00,8.0
1546,61010.0,2018-02-16 14:11:09,2018-03-07 12:54:04,49.27,2018-03-15,1.0
1547,52041.0,2017-11-20 16:14:24,2017-11-28 00:42:49,106.77,2017-12-04 12:00:00,0.0
1548,52205.0,2017-10-17 22:38:28,2017-10-25 16:20:05,32.34,no_info,1.0
1549,42496.0,2018-04-03 12:39:58,2018-04-05 22:12:48,133.52,n/a,1.0
1550,34624.0,2017-11-16 12:30:55,2017-12-04 19:46:56,214.86,2017-12-06 12:00:00,0.0
1551,55749.0,2016-10-06 17:10:05,2016-10-17 19:29:03,31.16,2016-11-28 12:00:00,10.0
1552,48340.0,2017-02-23 12:20:44,2017-03-06 10:24:55,21.21,2017-03-24 12:00:00,8.0
1553,48530.0,2017-02-09 12:48:59,2017-02-17 16:32:56,99.88 reais,2017-03-14 12:00:00,3.0
1554,41025.0,2018-08-12 14:35:52,2018-08-16 13:38:42,57.81,2018-08-17 12:00:00,9.0
1555,9414.0,2017-10-04 15:32:22,2017-10-11 19:06:33,n/a,2017-10-30 12:00:00,13.0
1556,35166.0,2018-08-07 12:29:39,2018-08-13 14:50:44,21.65,2018-08-27 12:00:00,14.0
1557,34629.0,2018-07-09 10:07:19,2018-07-11 20:12:29,34.33,2018-07-18,0.0
1558,24516.0,2017-03-20 23:51:25,2017-03-27 15:53:00,123.02,2017-04-10 12:00:00,2.0
1559,36273.0,2018-04-23 14:57:13,2018-05-03 00:51:52,11.39,2018-05-09 12:00:00,6.0
1560,38083.0,2018-02-26 21:44:20,2018-03-17 00:51:35,141.36,valores em falta,15.0
1561,45058.0,2018-02-06 18:23:16,2018-03-05 11:08:15,4.34,n/a,12.0
1562,28466.0,2018-03-21 09:01:26,2018-03-29 19:36:38,34.33,2018-04-03 12:00:00,15.0
1563,17312.0,2017-10-04 14:14:37,2017-10-23 16:33:14,47.55,2017-10-27 12:00:00,12.0
1564,55708.0,2018-08-02 14:50:44,valores em falta,n/a,nan,5.0
1565,31462.0,2018-05-08 12:30:32,2018-05-15 16:46:52,339.59,2018-05-28 12:00:00,2.0
1566,41753.0,2018-02-26 08:35:13,2018-03-13 18:22:54,45.57,2018-03-19 12:00:00,1.0
1567,31376.0,2018-08-15 16:58:08,2018-08-17 22:51:29,132.94,2018-08-28 12:00:00,2.0
1568,9273.0,2017-08-25 11:16:05,2017-08-30 14:04:26,49.05 Reais,2017-09-08,1.0
1569,27288.0,2018-06-08 14:59:48,2018-06-13 22:14:30,36.97,2018-06-19,4.0
1570,55435.0,2018-05-10 12:06:38,2018-05-18 22:51:56,42.61,2018-06-07,2.0
1571,63145.0,valores em falta,valores em falta,60.35 r$,n/a,12.0
1572,25581.0,2018-02-11 22:57:07,2018-03-02 00:45:14,14.25,2018-03-08,9.0
1573,13457.0,2017-11-15 21:03:17,2017-12-27 21:04:37,47.55,2017-12-11 12:00:00,0.0
1574,16446.0,2018-02-19 22:35:15,2018-03-01 21:48:15,19.38,2018-03-12 12:00:00,8.0
1575,23487.0,N/A,2018-03-23 15:58:23,NO_INFO,VALORES EM FALTA,6.0
1576,38209.0,2018-03-08 10:43:22,2018-03-16 23:28:48,50.28,2018-03-26,12.0
1577,44016.0,2018-04-15 16:40:14,2018-04-19 22:02:23,11.09,2018-05-09,3.0
1578,53537.0,2017-03-28 23:49:15,2017-03-31 14:08:12,55.54,2017-04-17,5.0
1579,11290.0,2017-06-20 11:12:10,2017-06-26 14:22:29,19.96,2017-07-12 12:00:00,9.0
1580,61320.0,2018-07-18 20:02:29,2018-07-25 12:40:43,13.51,2018-08-16 12:00:00,6.0
1581,56210.0,2018-06-18 17:31:22,2018-06-22 15:45:15,32.61,2018-07-26,0.0
1582,28929.0,2018-07-31 12:06:37,2018-08-06 16:14:38,63.2,2018-08-15 12:00:00,7.0
1583,36883.0,2017-08-21 21:32:06,2017-09-01 17:57:54,21.98,2017-09-13 12:00:00,13.0
1584,30823.0,2018-02-12 10:12:54,2018-02-27 22:09:24,35.61,2018-03-06 12:00:00,12.0
1585,27855.0,no_info,nan,no_info,nones,8.0
1586,19272.0,2017-12-01 23:33:35,2017-12-11 20:34:07,38.66,2017-12-27 12:00:00,3.0
1587,15388.0,2018-01-22 11:41:56,2018-02-01 18:06:27,97.74,2018-02-16,16.0
1588,15515.0,2017-11-12 20:32:49,2017-11-28 23:33:04,78.84 reais,valores em falta,7.0
1589,470.0,2018-01-20 14:24:50,2018-03-02 22:37:49,47.55,2018-02-23 12:00:00,9.0
1590,46058.0,nones,valores em falta,38.63,nones,2.0
1591,47429.0,2018-05-26 21:35:28,2018-06-08 23:22:53,12.28,2018-06-28,12.0
1592,23670.0,2017-07-27 11:50:33,2017-08-11 17:52:33,15.22,2017-08-22,9.0
1593,27241.0,2017-11-20 18:53:16,2017-11-28 20:44:51,38.98,2017-12-13 12:00:00,1.0
1594,29279.0,2017-09-11 21:36:12,2017-09-14 18:32:30,61.32,2017-09-21,13.0
1595,23194.0,2017-10-01 17:19:18,2017-10-07 14:46:56,174.49,2017-10-19,9.0
1596,2534.0,2017-11-08 18:18:31,2017-11-24 15:48:41,49.93 reais,2017-12-06,3.0
1597,57755.0,2018-01-10 09:20:54,2018-01-19 17:54:46,19.96,2018-02-07,1.0
1598,33043.0,2017-05-06 19:32:23,2017-05-22 12:18:11,47.55,2017-05-31 12:00:00,7.0
1599,18278.0,2018-03-16 15:45:55,2018-03-27 02:33:36,14.76,2018-04-12 12:00:00,12.0
1600,33505.0,2017-08-21 00:05:16,2017-08-25 21:21:29,26.14,2017-09-18 12:00:00,5.0
1601,43409.0,2018-07-21 16:11:57,2018-07-27 15:14:31,321.46 REAL BRASILEIRO,2018-08-07 12:00:00,3.0
1602,20194.0,2017-05-30 11:00:28,2017-06-14 16:27:54,60.4,2017-06-30 12:00:00,5.0
1603,27907.0,2017-11-24 21:03:03,2017-12-05 16:39:02,10.31,2017-12-19 12:00:00,9.0
1604,54428.0,2017-12-06 10:17:50,2017-12-16 16:28:40,89.36,2017-12-22,17.0
1605,50144.0,2017-11-16 18:16:55,2017-11-22 14:36:25,17.44,2017-12-06,4.0
1606,63030.0,2018-02-17 16:41:06,2018-02-27 18:22:43,13.92,2018-03-05 12:00:00,2.0
1607,39661.0,2018-06-26 12:08:57,2018-07-02 22:37:58,65.03,2018-07-20,2.0
1608,60731.0,2018-08-13 21:12:35,2018-08-21 18:04:32,19.65,2018-08-31,8.0
1609,30402.0,2018-07-02 15:38:53,2018-07-11 19:20:34,4.24 Reais,2018-07-30 12:00:00,2.0
1610,34990.0,2017-10-16 12:18:33,2017-10-23 17:45:05,29.27 real brasileiro,2017-11-01 12:00:00,1.0
1611,54997.0,2017-04-14 20:31:38,2017-05-08 11:42:55,17.14,2017-05-10,8.0
1612,4821.0,2017-11-21 11:37:06,2017-11-30 18:33:04,47.55,2017-12-11 12:00:00,12.0
1613,20545.0,2018-01-15 05:46:01,2018-01-25 17:02:49,16.06,2018-02-14 12:00:00,5.0
1614,48466.0,2018-06-08 12:06:19,2018-06-15 22:49:26,51.39,2018-07-13 12:00:00,12.0
1615,8598.0,2017-08-08 22:39:06,2017-08-18 21:33:08,47.55,2017-08-30,12.0
1616,4131.0,2017-04-29 20:51:41,2017-05-04 17:12:10,55.54,valores em falta,8.0
1617,54020.0,2017-12-01 08:36:14,2017-12-11 11:19:38,67.11,no_info,6.0
1618,17722.0,2017-11-08 19:30:06,2017-11-20 18:08:09,29.41,2017-11-29 12:00:00,1.0
1619,7458.0,2017-09-19 10:30:53,2017-09-28 20:25:16,20.67,2017-10-19,9.0
1620,54567.0,2018-01-16 17:56:59,2018-02-02 16:32:39,56.11,2018-02-15 12:00:00,6.0
1621,32306.0,2018-07-02 09:34:13,2018-07-10 22:22:44,30.5,2018-07-23,13.0
1622,26757.0,2018-05-20 19:44:25,2018-06-07 16:58:33,89.34,2018-07-03,17.0
1623,31567.0,2017-11-24 21:13:26,2017-12-07 19:15:06,42.17,2017-12-18,4.0
1624,59819.0,2017-07-28 19:53:33,2017-08-11 19:47:48,0.0,2017-08-21,9.0
1625,39309.0,2017-02-03 16:25:13,2017-02-10 10:51:54,2.46,2017-03-14 12:00:00,4.0
1626,37692.0,2018-01-22 18:01:40,2018-02-05 20:53:02,70.82,2018-02-19 12:00:00,10.0
1627,20605.0,2018-07-17 12:59:25,2018-07-25 14:04:58,19.2,2018-08-20,0.0
1628,20813.0,2018-05-21 11:29:09,2018-05-29 14:33:19,35.75,2018-06-20 12:00:00,5.0
1629,46796.0,2018-03-04 21:29:01,2018-03-23 00:08:33,59.82 real brasileiro,2018-03-28,14.0
1630,46282.0,2018-07-21 17:02:18,2018-08-02 21:03:57,6.87,2018-08-14,3.0
1631,11241.0,2018-06-13 16:19:00,VALORES EM FALTA,NONES,NO_INFO,4.0
1632,42496.0,NAN,2018-04-05 22:12:48,133.52,N/A,1.0
1633,39309.0,2017-02-03 16:25:13,2017-02-10 10:51:54,2.46,2017-03-14 12:00:00,4.0
1634,24304.0,2018-05-05 07:12:07,2018-05-11 23:04:39,11.31,2018-06-06 12:00:00,0.0
1635,37227.0,2018-02-16 16:30:42,2018-02-28 21:56:45,44.11 reais,2018-03-12 12:00:00,9.0
1636,22359.0,2018-01-31 09:30:15,2018-02-09 17:56:52,6.31 real,no_info,13.0
1637,63145.0,2017-09-10 10:49:33,2017-09-14 22:05:33,60.35 R$,2017-09-27 12:00:00,12.0
1638,30027.0,no_info,valores em falta,n/a,n/a,14.0
1639,22071.0,2018-06-05 22:44:05,2018-06-13 20:56:34,40.73,2018-07-12,4.0
1640,45190.0,2018-02-04 23:26:31,2018-02-14 19:16:07,89.36,2018-02-26,10.0
1641,46058.0,2018-05-29 08:00:01,2018-06-06 14:06:38,38.63,n/a,2.0
1642,6844.0,2017-12-13 14:21:15,2017-12-28 09:05:34,14.01,2018-01-08 12:00:00,8.0
1643,33809.0,2018-03-15 23:38:37,2018-03-26 15:08:40,125.47,2018-04-20 12:00:00,6.0
1644,17565.0,2018-07-17 12:02:11,2018-07-20 20:51:25,82.93,2018-08-07,9.0
1645,63525.0,2017-07-07 18:36:58,2017-07-15 13:07:51,44.4,2017-07-31 12:00:00,1.0
1646,1659.0,2018-03-02 17:38:17,2018-04-05 19:58:53,46.87,2018-03-20 12:00:00,0.0
1647,37433.0,2018-08-13 12:05:52,2018-08-18 05:34:27,0.07,2018-08-22,6.0
1648,42630.0,2017-05-10 13:17:10,2017-05-30 09:42:28,42.49 r$,2017-06-01 12:00:00,9.0
1649,11448.0,2018-07-24 13:13:09,2018-08-01 19:10:00,57.21,NONES,14.0
1650,22229.0,2017-08-20 20:50:18,2017-08-28 19:33:59,23.05 real brasileiro,2017-09-11,8.0
1651,302.0,2017-07-11 22:27:14,2017-07-31 17:26:45,48.1,2017-08-10 12:00:00,6.0
1652,46733.0,2018-02-10 21:55:42,2018-02-22 23:03:56,29.05,2018-03-19 12:00:00,4.0
1653,2080.0,2017-07-25 16:39:25,n/a,7.56,2017-08-09 12:00:00,13.0
1654,38213.0,2017-07-19 18:45:11,2017-07-28 20:33:41,42.48,2017-08-11,2.0
1655,46525.0,2017-10-03 17:10:52,2017-10-11 17:32:38,82.44,2017-11-03 12:00:00,12.0
1656,5372.0,2017-05-23 22:30:12,2017-05-30 13:27:53,25.26,nan,14.0
1657,12328.0,2018-05-13 21:29:49,2018-05-16 21:10:54,47.54,2018-06-08 12:00:00,9.0
1658,18.0,2017-03-07 19:19:19,2017-03-21 10:41:53,11.36,NAN,7.0
1659,54061.0,2018-07-26 13:19:41,2018-07-30 18:08:56,60.07 R$,2018-08-10 12:00:00,9.0
1660,51053.0,2018-05-07 22:38:02,2018-05-16 15:58:49,62.92,2018-05-28 12:00:00,1.0
1661,23268.0,2017-09-23 15:34:57,2017-10-01 14:14:50,59.62,valores em falta,3.0
1662,13542.0,2017-08-07 17:26:19,2017-08-14 19:55:00,47.55,2017-08-29 12:00:00,13.0
1663,50688.0,2017-12-06 00:15:52,2017-12-19 14:29:28,14.25,2018-01-04 12:00:00,8.0
1664,13644.0,2018-02-24 13:47:56,2018-03-19 20:04:13,12.01,nones,13.0
1665,46575.0,2018-05-15 03:32:54,2018-05-18 21:28:40,34.33,2018-05-23,8.0
1666,452.0,2018-02-02 12:26:58,2018-02-08 12:34:19,valores em falta,2018-02-20 12:00:00,6.0
1667,36200.0,2018-08-20 17:04:34,2018-08-29 16:41:59,24.79,2018-10-04 12:00:00,7.0
1668,31453.0,2018-06-26 00:41:04,2018-06-29 15:37:10,86.85,2018-07-18 12:00:00,5.0
1669,18357.0,2018-01-02 17:42:24,2018-01-09 19:51:35,78.42,2018-02-01 12:00:00,8.0
1670,4691.0,2018-02-10 17:01:48,2018-02-19 10:33:05,32.34,n/a,9.0
1671,58532.0,2018-04-09 18:20:39,2018-04-14 15:11:15,7.52,2018-04-25 12:00:00,5.0
1672,50128.0,no_info,2018-08-03 17:32:20,7.94,nones,2.0
1673,18940.0,2017-12-17 12:45:48,2017-12-21 18:43:23,6.08,2018-01-05 12:00:00,1.0
1674,7460.0,2018-06-19 17:11:30,2018-06-26 23:28:45,69.96,2018-07-25 12:00:00,14.0
1675,16148.0,2018-04-13 21:50:49,2018-04-18 17:03:18,60.07,2018-05-07 12:00:00,15.0
1676,45423.0,2017-09-05 08:03:15,2017-09-19 21:25:59,37.16,2017-10-16 12:00:00,3.0
1677,5340.0,2018-01-16 21:24:31,2018-02-05 12:53:24,47.55,2018-02-16 12:00:00,0.0
1678,51239.0,2018-08-16 22:06:34,2018-08-28 20:06:50,321.46,valores em falta,15.0
1679,30683.0,2017-03-01 08:47:36,2017-03-14 11:17:28,55.54,nan,13.0
1680,9939.0,2017-06-07 21:40:50,2017-06-13 12:08:10,13.92,2017-06-21 12:00:00,1.0
1681,23765.0,2018-07-17 18:27:15,2018-07-28 00:58:37,52.64,2018-08-07 12:00:00,1.0
1682,55908.0,2018-05-09 19:48:46,2018-05-16 23:46:47,123.95,2018-06-01 12:00:00,4.0
1683,54830.0,2018-02-21 23:43:05,2018-03-10 00:41:56,32.34 r$,2018-03-07,16.0
1684,39011.0,2018-03-30 16:27:56,2018-04-13 23:28:32,valores em falta,2018-04-25 12:00:00,1.0
1685,32695.0,2017-09-20 13:05:16,2017-09-29 19:53:03,33.22,2017-10-05 12:00:00,9.0
1686,61463.0,2017-03-17 11:29:14,2017-03-28 14:17:07,78.84,2017-04-05 12:00:00,11.0
1687,42432.0,2018-02-14 11:54:55,2018-02-19 15:43:36,20.9,2018-03-07,16.0
1688,1225.0,nones,no_info,nones,valores em falta,13.0
1689,17671.0,2017-01-14 01:16:14,2017-01-27 09:22:38,77.92,2017-02-14,17.0
1690,43001.0,2018-02-27 10:55:44,2018-03-13 21:32:23,72.16,2018-03-29,9.0
1691,3909.0,2017-10-13 14:45:04,2017-10-24 19:46:11,59.63,2017-11-03 12:00:00,17.0
1692,15438.0,2017-12-10 21:18:41,2018-01-06 12:39:21,20.9,2018-01-04,12.0
1693,28857.0,2018-06-11 08:33:53,2018-06-21 16:26:49,54.51,2018-06-29 12:00:00,0.0
1694,10385.0,2017-10-18 12:36:56,2017-10-19 15:32:12,6.08,2017-10-30 12:00:00,13.0
1695,9933.0,2018-01-20 21:20:55,2018-01-30 23:19:03,73.11,2018-02-14 12:00:00,1.0
1696,44679.0,2017-09-08 15:53:01,2017-09-28 11:42:07,86.34,n/a,2.0
1697,11451.0,2018-05-26 23:52:17,2018-05-30 15:48:56,39.07,2018-06-20,0.0
1698,15638.0,2018-04-15 22:55:35,2018-04-24 18:51:31,41.82,2018-05-07 12:00:00,4.0
1699,507.0,2018-03-19 11:21:57,2018-03-22 21:50:54,13.59,2018-03-29,13.0
1700,43724.0,2018-06-19 22:37:17,2018-06-21 16:43:54,41.29,2018-06-29 12:00:00,1.0
1701,31887.0,2018-05-09 20:52:27,2018-06-01 19:04:10,113.45,2018-06-06,1.0
1702,63145.0,nan,nan,valores em falta,no_info,12.0
1703,55148.0,n/a,nones,nones,nan,4.0
1704,15864.0,2017-03-27 19:22:16,2017-04-07 14:25:35,43.65,2017-04-26,1.0
1705,39011.0,2018-03-30 16:27:56,2018-04-13 23:28:32,12.28,2018-04-25 12:00:00,1.0
1706,1925.0,N/A,2018-08-17 02:35:39,45.86,NO_INFO,2.0
1707,4620.0,2018-07-03 09:49:30,2018-07-10 19:34:17,53.64,2018-08-01,2.0
1708,49130.0,2018-01-19 16:34:05,2018-01-30 19:47:46,61.3,2018-02-14,9.0
1709,53723.0,NO_INFO,2018-04-13 18:58:43,72.67,2018-05-03 12:00:00,1.0
1710,20864.0,2018-03-11 23:15:51,2018-03-23 01:15:48,9.39,2018-04-09 12:00:00,1.0
1711,38044.0,2018-08-15 19:30:07,2018-08-27 16:55:37,21.31,2018-08-31,8.0
1712,45984.0,2017-08-16 14:35:06,2017-08-21 19:12:45,37.91,2017-09-12,0.0
1713,46210.0,2017-09-12 15:35:32,2017-09-25 17:26:49,126.47,2017-09-29 12:00:00,6.0
1714,53941.0,2017-08-07 12:25:53,2017-09-18 20:37:44,47.55,2017-08-29,9.0
1715,32347.0,2017-07-17 20:15:39,2017-07-26 03:13:31,2.75 reais,nones,1.0
1716,6553.0,2018-08-01 08:33:57,NO_INFO,NO_INFO,N/A,9.0
1717,17446.0,2018-04-27 14:00:58,2018-05-08 17:14:54,146.3,2018-05-23,14.0
1718,7401.0,2017-12-19 15:02:40,2017-12-27 22:07:12,17.38,2018-01-23 12:00:00,4.0
1719,47446.0,2017-03-02 21:31:29,2017-03-16 18:48:06,4.97,2017-03-23,4.0
1720,41115.0,2017-06-08 16:18:31,valores em falta,18.01,nones,4.0
1721,47483.0,2017-03-27 13:19:07,2017-04-12 14:13:23,126.47,2017-04-20 12:00:00,9.0
1722,8366.0,2017-06-12 08:37:43,2017-06-27 18:32:34,6.38,2017-07-10,9.0
1723,13644.0,2018-02-24 13:47:56,2018-03-19 20:04:13,12.01,nones,13.0
1724,21522.0,2017-09-09 19:52:54,2017-09-13 20:17:41,47.55,2017-10-02 12:00:00,1.0
1725,17862.0,2017-12-29 09:32:08,2018-01-09 20:10:07,30.66,2018-01-24 12:00:00,4.0
1726,12781.0,2017-03-28 21:22:45,2017-04-03 11:08:00,2.46,2017-04-19 12:00:00,3.0
1727,59081.0,2018-06-09 17:51:54,2018-06-21 15:05:02,54.51,2018-07-16 12:00:00,14.0
1728,52095.0,2017-07-25 01:53:48,2017-08-07 22:03:57,47.55,2017-08-16,13.0
1729,44408.0,2018-04-05 15:24:37,2018-04-16 23:31:07,29.72,2018-05-08 12:00:00,2.0
1730,5597.0,2018-08-18 15:26:01,2018-08-24 18:48:40,24.08,n/a,7.0
1731,24998.0,2018-06-06 18:49:33,2018-06-22 15:05:01,6.87,NO_INFO,11.0
1732,46275.0,2017-11-26 10:39:33,2017-12-13 17:58:53,35.95,2017-12-22 12:00:00,9.0
1733,36812.0,2017-10-13 02:07:11,2017-10-16 18:03:57,6.08,2017-10-25 12:00:00,0.0
1734,23268.0,2017-09-23 15:34:57,2017-10-01 14:14:50,59.62,VALORES EM FALTA,3.0
1735,57066.0,2017-10-31 21:01:24,2017-11-14 22:28:42,67.99,2017-11-22,1.0
1736,45786.0,2018-01-09 15:38:54,2018-01-15 17:34:22,47.54,2018-01-30,12.0
1737,37400.0,2018-03-17 16:57:38,2018-03-27 20:54:52,63.1,2018-04-10 12:00:00,7.0
1738,54240.0,2018-02-13 21:12:13,2018-02-20 21:12:11,5.59 REAIS,VALORES EM FALTA,10.0
1739,56392.0,2018-05-16 00:09:32,2018-06-05 01:37:25,6.15,2018-06-01 12:00:00,3.0
1740,32044.0,2017-07-05 16:05:20,2017-07-14 18:32:55,59.68,2017-08-07 12:00:00,0.0
1741,50979.0,2017-08-10 14:25:36,2017-08-26 14:18:58,134.25,2017-08-30 12:00:00,4.0
1742,52146.0,NONES,NAN,NO_INFO,NONES,0.0
1743,45226.0,2017-11-17 08:47:41,2017-11-29 22:34:41,33.9,2017-11-30,9.0
1744,58532.0,2018-04-09 18:20:39,2018-04-14 15:11:15,7.52,2018-04-25 12:00:00,5.0
1745,8518.0,2017-08-01 13:43:33,2017-08-05 13:24:26,32.34,2017-08-14,4.0
1746,35418.0,2018-01-10 21:06:26,2018-01-27 14:37:48,126.47,2018-02-02 12:00:00,7.0
1747,48027.0,2017-07-10 22:08:53,2017-07-17 14:58:06,30.66,2017-07-28 12:00:00,2.0
1748,5597.0,2018-08-18 15:26:01,2018-08-24 18:48:40,24.08,n/a,7.0
1749,49319.0,2018-04-10 22:34:54,2018-04-19 17:08:49,2.98,2018-05-10 12:00:00,15.0
1750,11534.0,2018-04-02 14:54:18,2018-04-04 20:54:42,18.05,NONES,17.0
1751,55223.0,2018-02-06 08:38:54,2018-02-21 14:05:57,47.86,2018-03-09,13.0
1752,53659.0,2017-07-30 20:32:10,2017-08-03 14:19:55,38.66,2017-08-22,4.0
1753,7020.0,2017-08-19 19:02:06,2017-09-06 20:16:09,46.76,2017-09-22 12:00:00,0.0
1754,31521.0,2018-01-06 17:14:01,2018-01-12 20:46:49,44.33 real brasileiro,nan,14.0
1755,47698.0,2018-06-21 22:08:48,2018-06-28 14:40:08,90.06,2018-07-24,3.0
1756,45911.0,2017-11-12 12:24:08,2017-11-21 18:28:42,18.72,2017-12-11 12:00:00,12.0
1757,55257.0,2018-06-18 09:37:42,2018-06-25 12:12:48,9.49,nan,0.0
1758,44725.0,2017-04-18 16:12:20,2017-04-28 09:44:55,22.75,2017-05-11 12:00:00,5.0
1759,19827.0,2017-01-29 20:03:45,2017-02-13 14:06:11,22.56,2017-03-15 12:00:00,8.0
1760,3294.0,2017-05-18 12:32:16,2017-05-24 16:42:55,32.34,2017-06-01,6.0
1761,7106.0,2017-12-29 16:31:00,2018-01-12 12:16:04,140.52,2018-01-18 12:00:00,3.0
1762,6553.0,2018-08-01 08:33:57,2018-08-13 11:22:45,3.04,2018-09-06 12:00:00,9.0
1763,19670.0,2017-12-27 20:58:14,2018-01-05 21:09:00,22.47,2018-01-16 12:00:00,6.0
1764,9100.0,2018-07-08 21:38:25,nan,33.25,nan,5.0
1765,11511.0,2017-12-19 18:08:44,2017-12-27 16:18:56,41.41,2018-01-15 12:00:00,10.0
1766,57421.0,2017-10-05 18:56:26,2017-10-19 17:51:24,45.85 r$,nan,0.0
1767,61663.0,2018-07-28 10:11:59,2018-08-03 21:08:35,2.75,2018-08-17,0.0
1768,38431.0,2017-10-02 14:18:49,2017-10-06 21:24:43,32.34,2017-10-18 12:00:00,10.0
1769,30683.0,n/a,2017-03-14 11:17:28,55.54,nan,13.0
1770,36089.0,2018-03-21 15:26:13,2018-04-03 16:16:35,55.8,2018-04-11,9.0
1771,32182.0,2017-11-10 13:42:22,2017-11-22 14:12:32,16.12,2017-12-05,5.0
1772,190.0,2018-04-04 14:19:07,2018-04-23 21:29:29,20.26,2018-05-02,2.0
1773,14850.0,no_info,nones,nan,nan,3.0
1774,20268.0,2017-06-02 22:47:50,2017-06-19 20:22:43,22.56,2017-07-11 12:00:00,13.0
1775,23355.0,n/a,valores em falta,4.8,no_info,0.0
1776,42750.0,2018-04-05 21:00:26,2018-04-11 18:02:36,40.27,2018-04-23 12:00:00,2.0
1777,43971.0,2018-04-17 16:50:32,2018-04-23 18:38:45,29.96,2018-05-08 12:00:00,4.0
1778,55257.0,2018-06-18 09:37:42,2018-06-25 12:12:48,9.49,nan,0.0
1779,25770.0,valores em falta,2017-05-24 05:47:52,47.55,2017-05-31,15.0
1780,29639.0,2017-11-13 14:13:15,2017-11-20 19:29:16,52.08,2017-12-01 12:00:00,1.0
1781,52132.0,2018-04-17 15:07:46,2018-05-02 22:36:33,10.05,2018-05-24 12:00:00,1.0
1782,39311.0,2017-08-21 17:46:25,2017-08-24 13:44:36,2.75 r$,2017-09-11 12:00:00,6.0
1783,14001.0,2018-05-05 11:29:48,2018-05-12 16:21:07,8.09,nones,5.0
1784,19585.0,NONES,NAN,163.52 REAL BRASILEIRO,VALORES EM FALTA,4.0
1785,6653.0,2017-04-04 09:19:31,2017-04-17 11:23:45,29.07,2017-04-25 12:00:00,2.0
1786,22359.0,2018-01-31 09:30:15,2018-02-09 17:56:52,6.31 REAL,NO_INFO,13.0
1787,46986.0,no_info,n/a,nan,nan,9.0
1788,53826.0,2017-03-30 10:27:46,2017-04-14 11:33:04,60.74 Reais,2017-05-09 12:00:00,0.0
1789,8839.0,2017-04-28 16:26:51,2017-05-16 17:42:18,41.0,2017-05-22,6.0
1790,62937.0,2018-01-02 15:48:12,2018-01-08 23:07:36,143.67,2018-01-26,0.0
1791,35500.0,2018-07-14 16:42:34,2018-07-21 19:42:36,104.08,2018-07-31,9.0
1792,29486.0,2017-06-12 09:43:41,2017-06-19 14:07:49,48.32 R$,2017-06-28,6.0
1793,35315.0,nones,2018-03-31 16:38:25,nones,2018-04-12 12:00:00,10.0
1794,46669.0,NONES,NAN,NO_INFO,VALORES EM FALTA,1.0
1795,63173.0,2017-07-27 11:30:22,2017-08-07 17:02:44,47.55,nan,3.0
1796,56617.0,2018-05-14 00:58:58,2018-05-18 15:11:39,37.68,2018-05-30 12:00:00,7.0
1797,18256.0,2017-08-02 21:21:21,2017-08-09 17:09:13,20.9,2017-08-24,6.0
1798,51550.0,2018-05-06 12:15:19,2018-05-17 19:17:25,52.79,2018-06-01,6.0
1799,43971.0,2018-04-17 16:50:32,n/a,29.96,2018-05-08 12:00:00,4.0
1800,60386.0,2017-07-30 03:06:36,2017-08-04 19:04:49,14.25,2017-08-22 12:00:00,17.0
